date,tavg,tmin,tmax,prcp,snow,wdir,wspd,wpgt,pres,tsun
2019-01-01,-1.4,-8,5.2,0.6,,325.6,24.5,58,1015.1,
2019-01-02,-4.9,-9.3,-0.5,3.6,0,68.1,10.1,,1023,
2019-01-03,-1,-2.8,0.8,0.2,30,249,20.2,46,1013.3,
2019-01-04,3.6,-0.8,8,0,30,244.4,22.9,54,1007.6,
2019-01-05,1.2,-1.7,4,0,0,302,13.4,33,1006.1,
2019-01-06,-1.7,-7.3,4,0,,343.1,23.4,52,1021.3,
2019-01-07,-1.4,-8.4,5.7,2.8,0,100.3,21.3,63,1023.2,
2019-01-08,5.3,2.4,8.2,3.8,,246.8,12.9,50,1004.6,
2019-01-09,-1.3,-4.9,2.3,0,0,299.2,32.2,71,1007.9,
2019-01-10,-8,-11.4,-4.6,0,0,317.1,32.4,61,1018.8,
2019-01-11,-10.7,-13.8,-7.5,0,0,333.2,17.1,41,1030.2,
2019-01-12,-6.7,-9,-4.3,0,,27.1,10.6,,1034.3,
2019-01-13,-8.7,-11.9,-5.4,0,,53.3,13.1,,1032.4,
2019-01-14,-4.3,-7.8,-0.8,0,,284.8,8.7,,1026,
2019-01-15,-2,-4.1,0.1,0,,238,19.5,54,1019.1,
2019-01-16,-6.3,-12.2,-0.3,0.4,0,288.2,27.1,63,1019.2,
2019-01-17,-8.4,-13.2,-3.5,0.6,0,86.6,7.8,,1025,
2019-01-18,-5.4,-10.4,-0.4,1.6,20,297.7,15.8,46,1018.4,
2019-01-19,-13.6,-16.8,-10.3,5.4,0,18.7,21.6,42,1023.3,
2019-01-20,-18,-21.8,-14.2,1.6,80,346.7,34.5,67,1015.3,
2019-01-21,-16.7,-21.7,-11.7,0,70,320.1,25.3,54,1030.4,
2019-01-22,-9.9,-19.1,-0.6,0.2,70,147.1,9.3,35,1032.2,
2019-01-23,2.5,-1.2,6.1,10.8,50,181.7,12.6,37,1009.3,
2019-01-24,-0.4,-3.5,2.8,0.6,0,286.6,22.3,46,1003.5,
2019-01-25,-7.6,-12,-3.2,0.8,0,252.1,31.4,72,1013.1,
2019-01-26,-10.5,-14.3,-6.6,0.4,20,229.3,15.7,37,1020.3,
2019-01-27,-11.1,-16.1,-6,9.6,80,264.6,23.8,63,1013.3,
2019-01-28,-12.7,-19.7,-5.7,19.6,50,49.8,19.3,71,1016.4,
2019-01-29,-8.8,-15.5,-2.1,4.8,380,219.3,25.7,58,1006.7,
2019-01-30,-19,-22.6,-15.4,0.2,300,239.5,31.4,67,1013.6,
2019-01-31,-18.6,-22.8,-14.4,0,300,247.9,35.2,58,1024.1,
2019-02-01,-14.6,-19.1,-10.1,0,280,259.6,15.3,37,1028.7,
2019-02-02,-6.9,-14.8,1.1,0.4,220,241.1,13.5,33,1019.8,
2019-02-03,3.9,0,7.7,0.2,190,204.8,12.3,46,1013.3,
2019-02-04,9.2,5.6,12.7,2.2,40,178.9,11.1,46,1010.2,
2019-02-05,1.3,-7.1,9.6,0,0,321.1,21.7,48,1017.2,
2019-02-06,-3.9,-6.7,-1.1,16.8,0,59.6,14.6,46,1018.2,
2019-02-07,0.2,-3.3,3.6,0.6,20,61.2,11.8,58,1013.6,
2019-02-08,-2.2,-9.6,5.3,0.4,10,259.8,43.1,89,1016,
2019-02-09,-7,-10,-3.9,0,10,275.6,25,52,1039.5,
2019-02-10,-6.5,-9.5,-3.5,0.4,10,272.6,10.5,,1035.4,
2019-02-11,-5.2,-6.7,-3.7,0.8,20,60.3,17.9,39,1028.2,
2019-02-12,-3.6,-7.9,0.8,18.2,20,87,26.1,63,1012.7,
2019-02-13,-2.2,-5.2,0.8,5,80,241.6,31.4,71,1001.5,
2019-02-14,-2,-5.7,1.7,0.2,120,183.3,17.6,52,1011,
2019-02-15,-0.5,-4.6,3.7,1.4,60,233.9,28.1,74,1001.6,
2019-02-16,-5.3,-7.8,-2.7,0.2,50,329.5,17.6,41,1016.8,
2019-02-17,-8.5,-11,-6,0.2,50,47.3,16.8,35,1019.2,
2019-02-18,-10.1,-14.4,-5.7,2.4,80,351.3,21.5,39,1021.1,
2019-02-19,-9.9,-15.8,-4,0,90,269.4,12.7,33,1036.6,
2019-02-20,-5.9,-11.9,0.1,1.2,70,77.9,14.6,45,1024.2,
2019-02-21,-0.1,-3.2,3,0,40,258.3,24.3,58,1015.2,
2019-02-22,-1.7,-5.1,1.8,0,20,287.5,9.3,,1030,
2019-02-23,-1.6,-5.4,2.3,0,20,67.5,15.5,45,1025.1,
2019-02-24,1.9,-3.1,6.9,6.8,10,177.6,33,87,994.7,
2019-02-25,-5.6,-8.2,-3,1,20,276.6,44.1,87,1014.2,
2019-02-26,-8.2,-10.6,-5.8,0,30,322.2,19.9,46,1032,
2019-02-27,-10.6,-13.6,-7.6,17.6,30,45.2,17.2,37,1025.2,
2019-02-28,-12.1,-17.3,-6.8,0,210,9.6,10.3,,1025.2,
2019-03-01,-7,-13.4,-0.5,0,190,66.2,7.1,,1024.3,
2019-03-02,-3.6,-6.3,-0.8,4.4,150,348.4,11.7,33,1020.1,
2019-03-03,-5.6,-9.2,-2,0.4,180,296.3,12.8,39,1019.1,
2019-03-04,-11,-14.1,-7.8,0,150,296.5,21,52,1016.3,
2019-03-05,-12,-15.3,-8.6,0,130,248.2,23.8,58,1015.9,
2019-03-06,-12,-14.8,-9.2,0,110,267.8,20.9,48,1021.5,
2019-03-07,-10,-14.2,-5.8,0,110,275.1,18.8,46,1025.6,
2019-03-08,-8.1,-15,-1.1,0,110,244.5,9.1,,1025.4,
2019-03-09,-5.4,-11.5,0.8,0.8,110,56.7,15,67,1023.3,
2019-03-10,3,0.6,5.4,12.2,30,,,63,,
2019-03-11,0,-2.3,2.3,0,10,268,31.5,63,1018.3,
2019-03-12,0.1,-2.7,2.9,0,0,283.8,21,46,1026,
2019-03-13,0.7,-2.6,4,0.4,0,144.6,9.1,,1021.4,
2019-03-14,5.2,1.5,8.9,9,0,111.7,8.7,48,1011.2,
2019-03-15,4.9,-0.2,9.9,0,0,236.4,23.2,59,1003.3,
2019-03-16,-1.5,-4.6,1.6,0,0,289.2,33.9,61,1017.2,
2019-03-17,-2.2,-6.9,2.5,0,0,285,20.4,46,1024.1,
2019-03-18,-0.3,-3.8,3.3,0,0,284.3,15.7,48,1025.2,
2019-03-19,0.9,-5.5,7.3,0.6,10,243.2,9.6,37,1028.2,
2019-03-20,4.6,-0.5,9.7,0,,207.4,14,41,1022.4,
2019-03-21,5.4,2.9,7.9,1.2,,127.5,8.7,37,1012.8,
2019-03-22,-0.4,-4.3,3.6,0,,316.3,33.1,80,1006.9,
2019-03-23,-0.9,-6.9,5.1,0,,305.1,29.3,71,1020.2,
2019-03-24,3.6,-2.2,9.4,0,,253.9,17.5,42,1019,
2019-03-25,-0.6,-5,3.8,0,,349.9,16.6,41,1023.6,
2019-03-26,0.2,-4.2,4.6,0,,350.6,12.1,35,1029.5,
2019-03-27,1.9,-4.1,7.9,0,,186.1,10.2,32,1029,
2019-03-28,5.3,-2,12.5,0.4,,224.2,15.8,48,1017.9,
2019-03-29,7.5,3,12,0,,354.5,16.3,35,1018.5,
2019-03-30,2.3,0.2,4.4,33.4,20,29.3,15.3,41,1009.4,
2019-03-31,-0.9,-3.9,2.1,1,30,307.2,29.4,59,1012.5,
2019-04-01,-1.1,-5.5,3.3,0,0,269.7,19.8,41,1025,
2019-04-02,4.7,0,9.4,0,0,176.5,14.7,42,1019.8,
2019-04-03,3.5,0.2,6.7,0.4,,269.5,32.1,80,1017.3,
2019-04-04,1.8,-2,5.6,0,,342.9,12.2,32,1031.5,
2019-04-05,2,-0.1,4,0,,107.8,12,37,1024.6,
2019-04-06,8.8,3.6,14,0,,296.1,9.6,,1022.5,
2019-04-07,9.5,6.1,12.8,4,,77.5,12.6,45,1019.6,
2019-04-08,10.1,5.3,14.8,0,,289.4,19.4,61,1007.6,
2019-04-09,6.4,2.8,9.9,0,,307,24.1,74,1004.9,
2019-04-10,4.1,0,8.2,0,,354.4,20.9,41,1015.7,
2019-04-11,1.6,-0.9,4.1,0.8,0,70.2,18.7,45,1022.9,
2019-04-12,9,4.1,13.9,1.8,,122.6,18,46,1011.6,
2019-04-13,9.7,3,16.4,0,,257.7,21.4,67,1015.4,
2019-04-14,2.8,1.6,4,27.8,,45,17.9,46,1010,
2019-04-15,4.9,1,8.8,1.2,,318.5,29.4,67,1003,
2019-04-16,3.4,-1.8,8.6,0.4,,255.6,10.6,35,1018.2,
2019-04-17,7.4,0.5,14.3,0.6,,58,14.7,52,1018.8,
2019-04-18,13.9,6,21.8,1.8,,170.1,18,58,1004.7,
2019-04-19,8.9,4.7,13.1,18.6,,1,22.6,48,1003.3,
2019-04-20,6.7,4.7,8.6,13,,33.6,15.8,37,1006.4,
2019-04-21,9.4,6,12.8,0,,234.5,7.1,,1015.7,
2019-04-22,10.7,5.4,16,0,,127.8,7.3,,1022.6,
2019-04-23,10.4,6,14.8,2.2,,167.7,16.9,63,1011.3,
2019-04-24,8.7,3.9,13.5,0,,302,21.1,54,1012.9,
2019-04-25,7.6,2.2,12.9,0.8,,106.9,8.8,,1012.2,
2019-04-26,8.1,3.1,13,18,,36,25.8,74,996.2,
2019-04-27,4.5,1,8,0,,290.8,36.2,72,1005.5,
2019-04-28,6.1,1.7,10.5,0,,351.8,20.7,54,1019.2,
2019-04-29,3.2,-0.6,7,0.8,,65.5,17.6,48,1026.8,
2019-04-30,6.4,3,9.7,1.2,,53.9,11.5,33,1026.2,
2019-05-01,6.7,4.9,8.4,14.6,,91.9,17.5,54,1021.6,
2019-05-02,7.5,4.7,10.3,1.8,,128.9,9.7,,1020.6,
2019-05-03,8.8,5.7,11.9,13.4,,20.2,12,,1017.1,
2019-05-04,9.6,6.5,12.7,0.2,,31.7,8.2,,1015.1,
2019-05-05,10.8,4.9,16.7,0,,43.9,9.1,,1012.2,
2019-05-06,15.2,6.9,23.4,0,,250.6,17.4,52,1014.2,
2019-05-07,9.7,4.7,14.7,2.6,,312.2,15.7,59,1021.9,
2019-05-08,7.2,2.8,11.6,0,,64.1,22.6,54,1027.4,
2019-05-09,12,8,16,6.2,,122.8,26.7,67,1015.4,
2019-05-10,9.9,2.9,16.8,7.4,,254.4,22.9,50,1012.6,
2019-05-11,6.9,1.1,12.7,0,,15.7,13.4,41,1020.4,
2019-05-12,7.1,4.6,9.6,5.4,,85.4,33.4,65,1014.1,
2019-05-13,6,5,8,7.6,,77.5,27.6,52,1008.6,
2019-05-14,11,6.3,15.6,0.4,,35.9,14.7,35,1012.4,
2019-05-15,12.6,5.1,20.1,0.8,,280.7,12.9,41,1010.9,
2019-05-16,11,7.4,14.6,0,,111.5,15.6,39,1011.2,
2019-05-17,13.6,8.6,18.6,0,,319.3,14.4,39,1008.4,
2019-05-18,10.9,6,15.7,0,,91.7,14,37,1016.2,
2019-05-19,15.4,9.1,21.6,2,,126.6,17,50,1009.3,
2019-05-20,11.9,5.5,18.3,0,,252.8,26.3,59,1009,
2019-05-21,11.6,4.7,18.5,0,,323.6,15.8,45,1019.8,
2019-05-22,11.3,7.3,15.2,0.6,,68.6,18.8,52,1021.9,
2019-05-23,17.2,7.8,26.6,0.8,,226.9,21.5,80,1012.8,
2019-05-24,16.6,11.8,21.4,0,,333,18.4,42,1018.1,
2019-05-25,15.5,10.8,20.1,28,,163.5,12.9,52,1014.5,
2019-05-26,17.8,12.4,23.1,0,,310.2,11.7,33,1013.6,
2019-05-27,16.7,10.2,23.1,0.6,,20.4,14.4,39,1016.1,
2019-05-28,11.3,9.5,13,4.6,,85.1,27.7,68,1008.2,
2019-05-29,13.1,10.5,15.7,0.6,,139.8,13.8,35,1008,
2019-05-30,16.3,10.8,21.8,0,,197.6,15.2,41,1005.7,
2019-05-31,13.8,9.3,18.2,0,,118.1,15.4,35,1009,
2019-06-01,16,11.3,20.6,1,,115.1,14.3,41,1007.2,
2019-06-02,14,7.6,20.3,3,,304.5,20.2,63,1007.3,
2019-06-03,11.6,6.3,16.8,0,,296.6,26.2,54,1015.3,
2019-06-04,12.2,6.4,17.9,0,,227.2,13.6,35,1015.7,
2019-06-05,14.6,11.5,17.6,11.2,,110.9,14.3,33,1007.5,
2019-06-06,18.7,14.5,22.8,0,,82.9,14.9,41,1011,
2019-06-07,19,12,26,0,,3.8,12.9,39,1015.5,
2019-06-08,18.4,13,23.8,0,,73.8,21.3,54,1021.4,
2019-06-09,19.7,13.2,26.2,0,,94.4,18.3,45,1021.3,
2019-06-10,15.7,12.4,19,14.8,,94,16.2,58,1013.1,
2019-06-11,16.5,10.3,22.6,0,,294.4,22.2,50,1018.1,
2019-06-12,16,10,21.9,0,,141.9,14.6,45,1017.5,
2019-06-13,14.6,12.6,16.6,22.8,,136.6,14.9,41,1005.2,
2019-06-14,16.8,10.8,22.8,0.2,,267.5,25.6,59,1010.2,
2019-06-15,17.2,13.9,20.5,0.4,,233.2,22.1,58,1010.8,
2019-06-16,15.5,10.8,20.1,0,,94,17.1,37,1012,
2019-06-17,17.8,13.3,22.2,0,,61.1,14.4,39,1015.7,
2019-06-18,20.3,16.1,24.4,0,,76.3,14,35,1013.5,
2019-06-19,20.8,16.3,25.3,0,,121.2,12.5,33,1008.4,
2019-06-20,18.9,16,21.7,26,,52.4,16.8,37,1002.9,
2019-06-21,18.8,14.5,23,0,,353.9,15.3,41,1010.3,
2019-06-22,18.6,12.9,24.3,0,,341,13.5,39,1018,
2019-06-23,19.3,12.9,25.7,0,,249.1,17.3,45,1016.7,
2019-06-24,20.3,14.6,25.9,16,,94.6,15,39,1008.3,
2019-06-25,21.3,17.2,25.4,0,,219.2,18.4,50,1008,
2019-06-26,23.7,18.3,29.1,1.2,,239.5,18.3,48,1014.3,
2019-06-27,23,16.8,29.1,0,,241,15.5,45,1020.4,
2019-06-28,23.4,17.2,29.6,12,,238.6,11.5,61,1020.3,
2019-06-29,23.4,17.7,29.1,0,,302.5,15.5,45,1015.7,
2019-06-30,19.7,15.7,23.6,0,,336.7,15.7,45,1014.2,
2019-07-01,20.8,14.3,27.3,0,,248.3,15.4,41,1014.8,
2019-07-02,23.3,20.2,26.4,0.6,,300,11.4,,1010.1,
2019-07-03,23.9,18.8,28.9,0,,39.2,14,39,1012,
2019-07-04,23.7,18.1,29.3,0,,101.8,14.4,39,1016.3,
2019-07-05,26.1,21.2,31,1.6,,159.9,17.1,45,1015.7,
2019-07-06,26.5,21.9,31,0,,340.4,16,46,1013.1,
2019-07-07,20.1,16.5,23.6,0,,117.7,18.9,45,1016.5,
2019-07-08,20.2,15,25.3,0,,100.9,14.2,41,1017,
2019-07-09,21.4,15.8,26.9,0,,68.5,13.7,37,1018.1,
2019-07-10,22.3,15.3,29.3,0.4,,128.5,16.2,39,1014.8,
2019-07-11,23.8,16.5,31,1.6,,213.7,21.3,45,1008.4,
2019-07-12,20.5,16.6,24.4,0,,320.7,14.1,33,1010.8,
2019-07-13,23.3,15.4,31.2,6.2,,266.7,17.9,50,1012.2,
2019-07-14,22.1,16.9,27.2,0,,334.9,15.9,37,1017.1,
2019-07-15,21.2,15.4,26.9,0,,198.6,16.6,41,1018.4,
2019-07-16,25.2,18.6,31.8,3.6,,226.6,16.3,59,1014.1,
2019-07-17,25.1,21.8,28.3,67,,150.5,15,39,1011.9,
2019-07-18,25.2,21.4,29,0,,125.3,17.7,41,1012.7,
2019-07-19,26.5,22.3,30.7,0.2,,199.6,16.9,41,1009,
2019-07-20,27.6,22.2,33,4.6,,250,17.5,71,1008.9,
2019-07-21,24.7,20.2,29.1,0,,309.5,15.8,37,1010.9,
2019-07-22,20.7,17.5,23.8,5.2,,340.5,11.7,39,1011.9,
2019-07-23,20.6,15.3,25.9,0,,340.7,10.4,37,1013.3,
2019-07-24,21,15.7,26.2,0,,349.4,12.7,37,1016.9,
2019-07-25,22.5,16.3,28.6,1.2,,265.9,10.4,41,1020,
2019-07-26,23.3,17.3,29.2,0,,222.4,17.7,54,1023.1,
2019-07-27,24.3,18.5,30.1,0.8,,179.6,21.4,58,1020.5,
2019-07-28,26.4,21.8,30.9,0,,230.6,16.3,39,1015.3,
2019-07-29,26.4,20.9,31.9,0,,216.9,20.3,59,1012.4,
2019-07-30,24.4,19.5,29.3,11.2,,258,15.3,37,1012.7,
2019-07-31,21.8,16.3,27.2,0,,0.1,12.6,33,1018.2,
2019-08-01,20.8,15.6,26,0,,92.9,15,39,1021.1,
2019-08-02,21.5,15.8,27.1,0,,57.4,15.1,39,1020.1,
2019-08-03,22.8,16.7,28.9,0,,320.1,13.3,41,1016.2,
2019-08-04,22.3,18.9,25.7,0,,97.2,16.5,41,1016,
2019-08-05,22.3,15.8,28.8,0,,210.5,17.4,46,1013.8,
2019-08-06,24,20.1,27.9,3.6,,185.2,14.2,55,1007.7,
2019-08-07,22.6,17.2,27.9,0,,342.8,13.8,39,1007.5,
2019-08-08,21.8,16.5,27,2,,252.8,18.8,58,1004.9,
2019-08-09,20.1,14.3,25.9,0,,288.4,21.9,59,1008.6,
2019-08-10,19.9,14.1,25.6,0,,299.7,19.2,52,1012.7,
2019-08-11,21.6,14.2,28.9,0,,275.4,11.9,35,1015.9,
2019-08-12,24.3,19.1,29.5,3.2,,263.6,12.8,45,1011.8,
2019-08-13,23.5,18.8,28.1,0,,38.5,13.2,37,1009,
2019-08-14,21.2,16.5,25.9,0,,36.6,17.2,39,1013.6,
2019-08-15,19.6,15.3,23.8,1.4,,78.3,20.2,41,1016.1,
2019-08-16,20.8,16,25.6,0,,76.5,14.8,41,1014.5,
2019-08-17,23.2,18.1,28.3,15.8,,197.4,10.3,50,1012.8,
2019-08-18,22.9,18.5,27.2,6.6,,144,17.3,50,1012.6,
2019-08-19,22.9,18,27.7,0,,277.7,17.5,41,1014.4,
2019-08-20,22.2,17,27.4,2.2,,150.3,14.4,41,1017.1,
2019-08-21,24.9,19.4,30.4,0.6,,208.9,15.2,42,1010.8,
2019-08-22,20.1,15.6,24.6,0,,316.9,17.7,42,1013.4,
2019-08-23,18.8,13.9,23.6,0,,20.5,13.1,41,1019.7,
2019-08-24,17.3,12.2,22.3,0,,85,16.8,50,1025.3,
2019-08-25,18.9,14.2,23.6,0,,92.1,18.8,45,1025,
2019-08-26,20.2,16.2,24.1,0,,112.8,19.6,52,1020,
2019-08-27,20,18.1,21.9,9.2,,155.4,22.9,52,1011.1,
2019-08-28,21.9,16.6,27.1,0,,217.1,14.6,42,1009.3,
2019-08-29,20.3,15.1,25.5,0,,250.4,17.8,52,1012.2,
2019-08-30,19.9,15,24.8,0,,278.2,21,58,1014.6,
2019-08-31,17.8,12.5,23.1,0,,14.9,12.7,37,1025.3,
2019-09-01,17.5,15.1,19.8,0.8,,86.8,16.6,33,1023,
2019-09-02,20.3,15.9,24.7,0.6,,310.9,10.9,35,1016.1,
2019-09-03,18.2,13.5,22.9,7.2,,124.3,15.7,46,1014.6,
2019-09-04,16.9,12.6,21.1,0,,289.9,22.1,55,1012.2,
2019-09-05,16.3,10.4,22.2,0,,352.8,12.1,39,1019.8,
2019-09-06,16.8,12.4,21.1,1.2,,50.3,15.3,41,1014.3,
2019-09-07,16.9,10.5,23.3,0,,318.9,14.2,45,1012.6,
2019-09-08,13.8,9.4,18.1,0,,355.4,13.6,39,1019.3,
2019-09-09,13.8,8.6,19,0,,90.1,17.5,42,1026,
2019-09-10,17.6,11.7,23.5,18.2,,118.9,16.4,39,1022.2,
2019-09-11,23.2,17.5,28.9,1,,287.3,12.7,32,1018.3,
2019-09-12,16.6,13.3,19.8,0.8,,91.8,20.7,45,1023.2,
2019-09-13,17.7,13.2,22.1,5.6,,112.4,22.3,55,1022.2,
2019-09-14,18,13.4,22.6,0,,229.9,19.8,52,1018.7,
2019-09-15,14.6,11.7,17.5,4.4,,30.1,12.6,,1020.8,
2019-09-16,15.6,12.7,18.5,0.2,,84.8,18,37,1019.9,
2019-09-17,16.9,10.9,22.9,0,,69.7,12.2,37,1022.9,
2019-09-18,17.6,12.5,22.6,0,,88.4,8.7,37,1024.4,
2019-09-19,19.3,15.1,23.4,0,,122.9,12.2,41,1023.9,
2019-09-20,18.7,12.4,24.9,0,,116.4,13.8,39,1022,
2019-09-21,21.8,16.7,26.9,0,,123.1,7.6,41,1020.9,
2019-09-22,26.1,20.8,31.3,0,,187.7,23.5,59,1014.7,
2019-09-23,20.1,14.9,25.2,0.2,,251.9,22.4,52,1007.6,
2019-09-24,17.2,12.4,21.9,0,,294.5,16.8,39,1011.5,
2019-09-25,19.7,12.2,27.2,0,,178,22.4,68,1007.9,
2019-09-26,16.9,11,22.8,3.2,,268.8,17.9,58,1008.3,
2019-09-27,15.8,8.9,22.7,0,,185.7,18,58,1014.4,
2019-09-28,16.4,12,20.7,3,,272.8,14.7,35,1015.7,
2019-09-29,11.8,9.3,14.2,0,,72.9,22.3,52,1028.5,
2019-09-30,14.9,11.9,17.9,0,,90.3,22,42,1022.6,
2019-10-01,23.1,14.4,31.8,12,,200.9,16.3,55,1012.6,
2019-10-02,14.3,9.1,19.4,10.2,,12.9,16.5,50,1014,
2019-10-03,10.2,8.4,12,2.8,,58.2,23.9,50,1016.8,
2019-10-04,8,4.4,11.5,0,,31.6,13.6,41,1025.4,
2019-10-05,8.8,4.4,13.2,0,,88.8,22.5,54,1026.7,
2019-10-06,16.6,12.2,20.9,1.8,,202.9,19.2,46,1016.1,
2019-10-07,12.7,7.4,17.9,0,,208.8,14.5,39,1018.8,
2019-10-08,12.3,7,17.6,0,,56.2,12.9,39,1026,
2019-10-09,11.1,4.7,17.5,0,,78,18.7,42,1026.9,
2019-10-10,12,7.1,16.8,0,,86.7,19.2,50,1026,
2019-10-11,13.9,8.3,19.5,0,,93.6,20.1,46,1021,
2019-10-12,10,4.3,15.6,4.2,,187.7,17.3,42,1013.9,
2019-10-13,10.7,4.6,16.8,0,,169.9,23.8,59,1012.8,
2019-10-14,8.6,4.7,12.4,0,,258.2,15.8,45,1014.4,
2019-10-15,8.6,2.6,14.5,0,,187.7,11,45,1017.5,
2019-10-16,10,6.3,13.7,18.2,,200.8,14.5,42,1001.2,
2019-10-17,7.7,6.6,8.7,0,,321.4,34.1,68,1003.2,
2019-10-18,7.3,3,11.6,0,,326.5,15,45,1015.6,
2019-10-19,6.6,1.3,11.8,0,,73.8,13.2,37,1017.1,
2019-10-20,10.6,4.8,16.3,0,,100.3,13.6,32,1013.2,
2019-10-21,10.6,5.4,15.8,1.4,,82.9,23,61,1015.5,
2019-10-22,12.9,8.5,17.3,10.6,,155.4,21.8,58,1006.2,
2019-10-23,10.4,6.8,13.9,0,,203.6,21.8,54,1011.7,
2019-10-24,9.1,3.8,14.4,0.6,,257.7,19.6,42,1020.4,
2019-10-25,7.9,4.1,11.7,0,,331.9,12.8,35,1025.3,
2019-10-26,5.8,1.2,10.3,9.2,,56.9,19.1,50,1022.1,
2019-10-27,10.2,7.1,13.3,25.8,,200.4,24.5,67,1006.5,
2019-10-28,10.4,4.6,16.2,0,,154.5,14.4,39,1018.6,
2019-10-29,11.2,5.2,17.2,0,,197,13,32,1019,
2019-10-30,7.7,6.2,9.2,20.6,,48.8,18.5,37,1022.5,
2019-10-31,7.3,4,10.6,18.8,,24,17.8,89,1002.6,
2019-11-01,3.3,1.6,5,0,,255.7,28.1,84,1015,
2019-11-02,4,0.8,7.2,0.4,,216.3,17.9,52,1018,
2019-11-03,3.6,0.6,6.5,0,,216.7,14.7,48,1018.5,
2019-11-04,7.3,2.3,12.3,1,,172,25.2,61,1016.9,
2019-11-05,4.5,-0.2,9.2,0,,226.9,17,52,1018.8,
2019-11-06,1.4,-2.5,5.2,0.6,,254.9,14.5,42,1026,
2019-11-07,-0.2,-3,2.6,3.6,10,334,15.5,32,1022.9,
2019-11-08,-2.6,-5.8,0.6,0,0,309.8,10.3,,1026.3,
2019-11-09,-0.4,-4.1,3.3,0,0,181.7,22.1,50,1018.7,
2019-11-10,3.1,-1.2,7.4,0.6,0,243.6,17.5,45,1013.8,
2019-11-11,-3.9,-6.8,-1,12.2,0,54.9,26.1,45,1021.2,
2019-11-12,-7.6,-10.4,-4.7,0.2,130,329.6,14.7,45,1021.8,
2019-11-13,-7.8,-13.9,-1.7,1.8,130,173.8,12.8,35,1027.3,
2019-11-14,-1,-2.5,0.5,0.4,140,206.8,15.6,41,1021.4,
2019-11-15,-1.6,-6.2,3,0,120,258.7,19.5,46,1023.5,
2019-11-16,-6.8,-10.1,-3.4,0,80,66.8,25.7,42,1034.5,
2019-11-17,-2.3,-6.8,2.2,0,80,82.4,19.4,33,1022.8,
2019-11-18,0.5,-1.5,2.4,9.2,20,68.2,17.8,32,1010.8,
2019-11-19,2.3,1,3.6,0.2,10,46.2,13.4,,1010.7,
2019-11-20,3.7,-1.3,8.6,0,0,308,9.8,,1019.5,
2019-11-21,4.8,-1,10.6,4.2,,157.9,19.3,46,1015.8,
2019-11-22,3.9,-2.6,10.4,0,,283.7,30.6,65,1011.7,
2019-11-23,1.8,-2.6,6.1,0,,217.9,17,45,1011,
2019-11-24,1.7,-3.2,6.6,0,,274.8,11.3,35,1001,
2019-11-25,4.8,1.4,8.1,0,,166.1,14.9,32,1005.6,
2019-11-26,6.4,1.9,10.9,0,,211.9,10.7,39,1011.4,
2019-11-27,7.1,4.2,10,6.4,,133.6,23.6,65,1003.2,
2019-11-28,1.5,-3,6,0,,335.7,24.6,65,1021.6,
2019-11-29,-2.1,-3.6,-0.6,0,,1.7,15.3,,1028.9,
2019-11-30,-2.7,-4.2,-1.2,0,,76.3,19.3,48,1021.2,
2019-12-01,-2.5,-4.2,-0.7,11.4,10,77.5,36.7,74,1005.3,
2019-12-02,-4,-7.2,-0.8,6.2,110,42.6,21.3,41,1008.8,
2019-12-03,-4.3,-9.6,1.1,0.6,120,276,12.9,,1007.2,
2019-12-04,1.3,-0.3,2.8,0,90,251.1,19.4,45,997.3,
2019-12-05,-0.9,-2.5,0.8,0.4,40,289.5,23.6,59,1011.3,
2019-12-06,-2.9,-5.9,0.2,5.4,50,322.3,15,33,1017.8,
2019-12-07,-4.3,-7.5,-1.1,0,60,254.8,14,32,1029.1,
2019-12-08,1.7,-3.2,6.6,0,60,162.9,20.9,48,1019.6,
2019-12-09,7.6,4.9,10.2,6,20,161.9,19,41,1004.4,
2019-12-10,1.5,-7.1,10.1,0.6,,285.5,24.9,65,1010.2,
2019-12-11,-5.7,-8.7,-2.6,0,,232.9,23,71,1025,
2019-12-12,-5,-9.7,-0.2,0,0,159.7,16,37,1033.5,
2019-12-13,2.3,-1.1,5.7,0,,141.7,16.9,41,1019.1,
2019-12-14,1.6,0.4,2.7,20.2,10,353.7,19,52,1000.8,
2019-12-15,-2.6,-6.7,1.6,0,0,284,26.8,63,1011.5,
2019-12-16,-2.3,-6,1.4,0,0,236.4,12.2,,1022.1,
2019-12-17,-1.2,-4.2,1.8,0,0,332.6,13.9,33,1013.4,
2019-12-18,-9.1,-15.4,-2.8,0.8,0,300.1,21,50,1014.9,
2019-12-19,-11.4,-16.7,-6,1.6,0,247.8,13.2,,1029.3,
2019-12-20,-7.4,-10.8,-3.9,0,40,67.1,17.3,,1037.3,
2019-12-21,-3,-7.8,1.9,0,30,126.1,16.1,33,1029.9,
2019-12-22,3.1,-1.1,7.2,0,10,182.2,19.1,35,1022,
2019-12-23,4.5,-0.3,9.2,0,,208.4,18.2,39,1016.7,
2019-12-24,-1.4,-3.9,1.1,0,,77.1,18.8,42,1023,
2019-12-25,0.6,-1.6,2.8,0,,113.5,14.6,,1018.3,
2019-12-26,2.4,1,3.7,0,,93.5,16.4,42,1020.3,
2019-12-27,6.9,2.6,11.1,0,,251.7,16,48,1018.7,
2019-12-28,3,1.1,4.8,0.2,,265.5,12.3,32,1024.8,
2019-12-29,1.1,0.1,2,7.8,,82.9,27.5,55,1017.4,
2019-12-30,5.6,1,10.2,8,,143.2,31.9,80,1001.6,
2019-12-31,0.4,-1.5,2.3,2,10,207.2,23.8,54,1000.2,
2020-01-01,-1.7,-3.2,-0.2,0,0,224.6,16,42,1006.4,
2020-01-02,3,-0.5,6.4,0,0,182.9,23.2,46,1005.1,
2020-01-03,4.6,2.3,6.8,0,,225.2,15,35,1007.4,
2020-01-04,0.9,-0.7,2.5,1.6,20,359.9,17.1,45,1009,
2020-01-05,-0.8,-2.8,1.3,3.6,0,246.2,19.2,45,1014,
2020-01-06,-1.7,-5.2,1.8,0,40,242.5,21.1,61,1011.2,
2020-01-07,-0.8,-5.5,4,0,20,179.6,15.6,39,1013.3,
2020-01-08,-5.1,-9.4,-0.7,2,20,290.3,26.1,65,1019.8,
2020-01-09,-4.9,-11.7,2,0.2,10,97.5,16.5,48,1033.8,
2020-01-10,4.5,1.4,7.5,1.8,0,170.6,19.2,58,1022.1,
2020-01-11,6.8,1.7,11.9,59,,94.8,17.8,42,1011.6,
2020-01-12,-2.3,-6.2,1.7,17.6,10,344.5,21.2,58,1021,
2020-01-13,-1.7,-5,1.7,0.4,0,106.7,15.6,39,1028.1,
2020-01-14,1.4,-0.2,2.9,0,0,109.7,17.3,46,1021.8,
2020-01-15,2.6,0.8,4.3,0,,192.8,13.5,45,1019.9,
2020-01-16,-5,-11.7,1.7,0.2,0,333.4,22.8,55,1023.2,
2020-01-17,-11.5,-14.9,-8,0,,38.2,10.9,,1043.9,
2020-01-18,-2.8,-8.1,2.5,14.4,60,115.3,22.1,52,1016.8,
2020-01-19,-5.6,-11.6,0.4,1.6,160,325,18.9,46,1013.1,
2020-01-20,-10.4,-15.6,-5.2,0,130,319.6,11.6,32,1031.8,
2020-01-21,-5.8,-8.7,-2.8,0,120,209.7,14.6,35,1032.3,
2020-01-22,-3.6,-7.9,0.8,0,110,191.6,20.7,45,1027.6,
2020-01-23,-1.2,-4.6,2.3,0,70,140.3,13.3,,1025.9,
2020-01-24,1,-1.7,3.7,18.6,40,81.2,24.9,54,1022.2,
2020-01-25,2.6,1.5,3.6,8.6,10,125.3,18.5,55,1011.5,
2020-01-26,2,0.7,3.2,1,0,206.5,16.2,37,1006.2,
2020-01-27,0.6,-0.1,1.3,0,0,322.5,16.1,37,1008.2,
2020-01-28,-0.1,-1.9,1.8,0,0,304.7,19.8,37,1015,
2020-01-29,-4.9,-7.9,-1.9,0,,33.8,15.6,32,1024.1,
2020-01-30,-5.1,-8.3,-1.9,0,,75.1,18.4,33,1026,
2020-01-31,-2,-3.7,-0.2,0.8,0,117.5,9.5,,1024.2,
2020-02-01,-1.6,-4.1,1,1.4,0,173.6,16.1,32,1013.6,
2020-02-02,0,-2.1,2.1,4.2,20,172.2,15.9,32,999.3,
2020-02-03,3.1,0.4,5.7,0,20,295.5,15.8,52,1008.7,
2020-02-04,-1.2,-4.7,2.3,0,,12.8,15.6,54,1012.5,
2020-02-05,-5.6,-8.2,-3,0.6,10,26.5,17.9,54,1020.6,
2020-02-06,-4.5,-5.5,-3.5,6.4,30,50.8,26.4,41,1004.4,
2020-02-07,-6.8,-9.2,-4.3,1.8,80,355.4,23.5,52,999.8,
2020-02-08,-11,-14.9,-7.1,0,90,83.3,12.7,,1022.4,
2020-02-09,-5,-10.6,0.6,8.4,50,116.8,17,45,1026.7,
2020-02-10,1.6,0.2,2.9,0.2,110,98.5,15.8,,1017,
2020-02-11,-0.1,-2.3,2.1,0,70,266.2,13.3,45,1015.9,
2020-02-12,-1.6,-4.6,1.5,0.4,30,199.9,18,42,1017.7,
2020-02-13,-8.7,-17.1,-0.2,4,60,347.6,15.7,52,1011.3,
2020-02-14,-14.9,-20.6,-9.2,0,70,100,16.7,35,1033.2,
2020-02-15,-5.8,-11.9,0.3,0.2,30,185.8,24.6,58,1026.6,
2020-02-16,0.1,-2.8,3,0,20,247.2,15.6,42,1017.5,
2020-02-17,-3.1,-6,-0.2,0,10,76.5,14.2,48,1025.7,
2020-02-18,1.9,-1.4,5.2,6.8,50,196.9,23.6,58,1014.8,
2020-02-19,-3.9,-7,-0.8,0,10,284.8,22.3,48,1028.1,
2020-02-20,-7.8,-11.4,-4.1,0,0,299.4,15.4,37,1034.1,
2020-02-21,-5,-10.5,0.6,0,,199.4,20.2,48,1030,
2020-02-22,0.7,-4.4,5.7,0,,221.6,18.1,42,1021.5,
2020-02-23,4.5,-0.3,9.3,0,,185.4,22.4,50,1016.1,
2020-02-24,4.3,-0.7,9.3,0,,217.7,13.7,,1012.8,
2020-02-25,2.4,0.3,4.5,2.2,10,53,19.1,33,1014.8,
2020-02-26,-0.8,-4.3,2.8,11.4,10,51.7,23.8,41,1011.9,
2020-02-27,-4.9,-6.2,-3.5,2.4,130,279,34.8,87,1002.5,
2020-02-28,-7.2,-10.7,-3.7,1.6,110,259.9,28.9,67,1006.4,
2020-02-29,-8.9,-14,-3.7,0,120,319.3,17.1,46,1015.8,
2020-03-01,-4.2,-10.9,2.5,0,110,182.6,15.2,41,1018.5,
2020-03-02,3.8,0.8,6.8,0.2,20,187.8,17.3,45,1005.3,
2020-03-03,2.3,0.4,4.2,8.8,0,89.2,14.3,41,1001.3,
2020-03-04,3.4,0.7,6,0,0,267.3,20.3,55,1008.2,
2020-03-05,1.2,-3.5,5.9,0,0,163.4,17.2,45,1018.7,
2020-03-06,0.1,-2.2,2.3,2.2,0,43.3,19.1,48,1016.8,
2020-03-07,-1.7,-7.2,3.9,0,,299.6,13.3,35,1031.2,
2020-03-08,6.3,0.4,12.2,0,,,,46,,
2020-03-09,12.5,7.8,17.2,0,,204.7,23,50,1020,
2020-03-10,5.2,-1.5,11.8,3.6,,247.7,23.7,55,1014.6,
2020-03-11,0.9,-2.5,4.2,0,,112.4,15,42,1021.5,
2020-03-12,3,0,5.9,0,,99.2,16.7,37,1015.9,
2020-03-13,4.8,1.1,8.4,2.8,,258.6,30.8,78,1009.7,
2020-03-14,1.2,-1.4,3.7,0,,321.5,21.3,54,1029.6,
2020-03-15,-0.3,-4.4,3.8,0,,59.2,17.8,39,1037.1,
2020-03-16,-0.6,-5.3,4.1,1,0,110.7,17.3,46,1030.6,
2020-03-17,3.7,-1.2,8.6,0,,235.9,21.3,55,1019.9,
2020-03-18,0.7,-3,4.4,1,,76.7,17.5,41,1028.3,
2020-03-19,4.7,2,7.3,2.6,,99.9,14.9,37,1021.1,
2020-03-20,7.1,-4.3,18.4,3.6,,243.9,35.6,78,1009.5,
2020-03-21,-3.9,-8.4,0.7,0,,20.9,18.6,42,1034.3,
2020-03-22,-3.3,-7.8,1.3,0,,78.6,22.7,48,1037.3,
2020-03-23,1.7,-0.4,3.8,8.2,20,82.8,14.1,,1022.5,
2020-03-24,3.1,0.7,5.5,0,,80.3,12,33,1022.7,
2020-03-25,5.7,1.6,9.7,0,,110.5,15.9,39,1015.9,
2020-03-26,7.6,1.9,13.3,0,,187.4,17.3,41,1011,
2020-03-27,5.2,1.2,9.1,0,,80.8,14.3,37,1016,
2020-03-28,5.3,2.8,7.8,2.4,,81.2,28.6,59,1014.5,
2020-03-29,11.5,5,18,15.2,,131.5,26.6,81,1005.2,
2020-03-30,6.8,4.8,8.7,2,,250.7,16.4,48,1010.4,
2020-03-31,5.5,4.3,6.6,0.2,,64.1,19.5,48,1016.4,
2020-04-01,5.6,1,10.2,0,,62.2,17,39,1015,
2020-04-02,8.3,2.1,14.5,0,,346.6,17.4,46,1015.5,
2020-04-03,6.6,2,11.1,0,,4.5,14.7,39,1016.4,
2020-04-04,8.3,5.4,11.2,0.2,,78.4,12,35,1017.3,
2020-04-05,6.1,1.3,10.9,0,,19.1,14.3,42,1018.6,
2020-04-06,7,-0.4,14.3,0,,8.4,13.5,42,1019.6,
2020-04-07,9.1,4.1,14.1,6,,108.6,14.6,39,1011.4,
2020-04-08,9.7,5.5,13.9,1.8,,177.2,17,48,1003.4,
2020-04-09,5.1,0.9,9.3,9,,297.9,29.8,72,996.3,
2020-04-10,3.9,0.1,7.6,0,,299.2,35,65,1003,
2020-04-11,3.7,-2.1,9.4,0,,270.2,20.1,46,1013.5,
2020-04-12,8.8,3.9,13.7,0.6,,127.2,12.6,33,1012.1,
2020-04-13,8.4,2,14.8,12.8,,201.9,26.4,78,998.8,
2020-04-14,1.9,-3.2,7,0,0,235,19.2,59,1017.4,
2020-04-15,-0.2,-4.8,4.4,0,,251.2,17.2,45,1015.8,
2020-04-16,0.1,-4.8,4.9,0,,270,17.5,63,1020.9,
2020-04-17,2,-2.6,6.6,0,,193.3,17.8,48,1019.9,
2020-04-18,4.2,-3,11.3,0,,186.9,18.5,50,1012.1,
2020-04-19,6.1,-1.5,13.6,0.4,,244.5,23.1,58,1005.8,
2020-04-20,1.7,-3.6,6.9,0,,136.6,14.3,41,1007.9,
2020-04-21,2.9,-2.4,8.1,1,,281.3,36.9,76,1000.8,
2020-04-22,1.8,-2.7,6.2,0,,295.9,27.7,58,1014.8,
2020-04-23,2.2,-1.7,6.1,0,,94,20.7,46,1015.5,
2020-04-24,7.1,3.8,10.4,0,,63.1,20,37,1011.3,
2020-04-25,6.6,-0.7,13.8,0,,84.9,18.4,45,1017.4,
2020-04-26,8.6,5.9,11.2,2,,71.3,30.7,61,1015.9,
2020-04-27,8.9,3.4,14.3,0,,89,19,45,1019.5,
2020-04-28,10.3,7.3,13.3,0,,119.4,19.7,46,1017.9,
2020-04-29,11.1,7.9,14.2,1,,88.7,28.5,61,1010.8,
2020-04-30,11.8,9.3,14.2,6.2,,117.9,16.8,54,1004,
2020-05-01,11.4,7,15.7,1.2,,1.2,14,45,1010.1,
2020-05-02,10.6,5.6,15.6,0.6,,142.9,13.3,41,1013.2,
2020-05-03,13.8,6.6,21,0,,306.2,19.3,61,1007,
2020-05-04,6.6,1.8,11.4,0,,326.6,27.4,52,1014.1,
2020-05-05,5.4,-0.7,11.4,0,,3.9,12.8,32,1017.2,
2020-05-06,7.7,2.6,12.8,0,,13.9,15.1,46,1013.5,
2020-05-07,7.4,1.1,13.6,0.4,,304.5,22,59,1009.8,
2020-05-08,0.9,-3.1,4.8,0,,319.7,21.7,54,1011.8,
2020-05-09,1.1,-4.7,6.8,0.4,,289,26.8,68,1015,
2020-05-10,3.4,-1.4,8.2,0.4,,316,11.7,,1015.2,
2020-05-11,3.1,-1.7,7.8,7.2,0,334.2,20.1,45,1014.5,
2020-05-12,2.4,-3.8,8.6,0,,301.2,19.3,50,1020.2,
2020-05-13,4.9,-3,12.8,0,,237.6,12,33,1026.5,
2020-05-14,9.6,5.9,13.2,3.4,,114.9,7.5,,1020.2,
2020-05-15,13.4,7.7,19.1,3.4,,357.8,11.6,37,1011.1,
2020-05-16,12.2,7.5,16.9,0,,43.9,12.8,33,1021.1,
2020-05-17,11.8,7.3,16.3,2,,72.8,15.2,48,1022.2,
2020-05-18,13.2,11.2,15.2,10.8,,80,22.5,50,1019.7,
2020-05-19,14.8,12.4,17.1,0,,83.3,24.2,54,1022.3,
2020-05-20,14.4,9.6,19.2,0,,91.2,14.9,42,1026.2,
2020-05-21,14.1,7.5,20.7,0,,128.5,9.3,,1024.1,
2020-05-22,16.8,9.6,23.9,0,,114.7,7.5,,1018.1,
2020-05-23,18.8,12.7,24.9,0,,173.2,10.4,,1016.5,
2020-05-24,20.6,15.2,25.9,0.4,,142.1,12.4,37,1016.2,
2020-05-25,24.4,18.4,30.3,0,,190.8,11.4,33,1015.3,
2020-05-26,23.7,16.4,31,0,,144.9,9.3,33,1017.8,
2020-05-27,23.8,19.1,28.4,0,,162.8,10.2,32,1017.3,
2020-05-28,20.5,18.1,22.8,6.6,,151.4,8.1,,1013.6,
2020-05-29,18.4,11.1,25.7,6.2,,224.9,18.5,59,1009.2,
2020-05-30,13.4,8,18.7,0,,283.9,19.5,54,1015.2,
2020-05-31,11.5,6.6,16.3,0.2,,323.3,18.1,58,1022.9,
2020-06-01,15.8,7.9,23.7,0,,271.5,19.1,52,1021.1,
2020-06-02,20.1,12.9,27.2,10.4,,204.5,14.5,55,1010.7,
2020-06-03,20.4,13.4,27.4,5.4,,309.8,17.4,48,1003.7,
2020-06-04,22.8,15.6,30,0,,254.4,13.5,42,1007.1,
2020-06-05,22.7,17,28.3,2.6,,171,11.8,59,1008.7,
2020-06-06,20,13.9,26.1,0,,333.7,21,58,1011.4,
2020-06-07,16,11.1,20.9,0,,353.3,19,37,1017.9,
2020-06-08,16.4,10,22.8,0,,95.9,11.8,,1018,
2020-06-09,23.6,15.6,31.6,0,,172.1,11.3,32,1011.2,
2020-06-10,24.5,16.9,32.1,24.4,,139.5,18,68,1005.3,
2020-06-11,19.9,15.4,24.3,0,,244.5,26.4,65,1011.1,
2020-06-12,13.6,9.2,17.9,0,,307.6,28.4,65,1020.8,
2020-06-13,13.4,8,18.7,0,,4.8,15.1,41,1026.5,
2020-06-14,12.9,8.2,17.6,0,,88.4,13,39,1030.2,
2020-06-15,15,8.9,21,0,,80.9,12,39,1030.7,
2020-06-16,17.1,9.7,24.4,0,,82.9,10.7,,1028.1,
2020-06-17,20.1,12.6,27.5,0,,133.2,8.3,,1023.3,
2020-06-18,22.3,15.3,29.3,0,,86.4,8.4,,1018.7,
2020-06-19,23.7,17.6,29.7,0,,120.6,9.2,,1015.8,
2020-06-20,24.8,18.9,30.6,0,,125.1,8.3,,1015,
2020-06-21,25,19.1,30.8,0,,142,10.3,33,1012,
2020-06-22,25,19.6,30.3,0.2,,221.1,8.5,33,1010.9,
2020-06-23,21.5,17.5,25.5,4,,179.2,15,55,1002.8,
2020-06-24,19.4,15.3,23.4,0,,255.5,28,61,1005.1,
2020-06-25,18.9,10.9,26.9,0,,258.7,16.1,46,1011.4,
2020-06-26,22.5,14.7,30.2,0,,253.6,17.8,46,1011.8,
2020-06-27,24.3,19.1,29.4,2.8,,244.9,17.4,46,1005.3,
2020-06-28,23.3,17.3,29.3,0,,329,18.5,42,1007.3,
2020-06-29,25.5,18.8,32.1,0,,349.6,15.9,33,1012.6,
2020-06-30,23.4,19.2,27.5,0,,119.1,9.9,35,1015.1,
2020-07-01,24.4,18.9,29.9,0,,48.6,10.3,,1013.7,
2020-07-02,28.3,21.1,35.5,0,,338.7,18.8,41,1012.4,
2020-07-03,27.4,22.3,32.4,0,,331.2,19.9,45,1012.5,
2020-07-04,26.1,20.2,32,0,,6,17.2,41,1014.5,
2020-07-05,26.3,18.5,34,0,,328,11.1,39,1014.5,
2020-07-06,26,20.6,31.3,0,,94.2,10.3,,1015.6,
2020-07-07,27.8,21.6,34,0,,145.5,10.7,37,1013.1,
2020-07-08,28.4,22.2,34.6,6.2,,258.3,10.5,71,1012.1,
2020-07-09,28.4,22.5,34.3,0,,74.6,10.7,42,1011.9,
2020-07-10,26.5,20.6,32.3,16.6,,117.7,14.4,48,1008.7,
2020-07-11,24.3,20.1,28.4,21,,327,18.8,59,1003.1,
2020-07-12,23.1,18.2,27.9,0,,306.1,17.6,39,1005.8,
2020-07-13,21.7,18,25.3,1,,332.1,17.8,45,1011.1,
2020-07-14,22.1,17.4,26.8,0,,302.5,12.8,,1016.6,
2020-07-15,23.3,18.4,28.2,0,,154.8,10.5,,1019,
2020-07-16,23.7,21.7,25.6,2.8,,121.2,10.5,33,1015.3,
2020-07-17,25.8,20.1,31.4,0,,263.9,16.5,35,1016.8,
2020-07-18,26.7,20.1,33.2,0,,232.2,15.3,45,1015.1,
2020-07-19,26.6,21.9,31.2,9,,221.9,19,76,1008.1,
2020-07-20,23.7,17.8,29.6,0,,277.9,21.8,50,1011,
2020-07-21,20.8,15.3,26.2,0,,159.1,9.5,,1017,
2020-07-22,23.5,20.2,26.7,9.6,,135.6,9.1,32,1013.9,
2020-07-23,23,18.4,27.6,0,,358.2,14.4,35,1016.2,
2020-07-24,22.6,17.6,27.6,0,,72.3,11.8,,1019.6,
2020-07-25,23.9,17.8,30,0,,297.9,11.8,37,1018.3,
2020-07-26,26.6,19.6,33.5,0,,251.6,21.2,48,1013.9,
2020-07-27,27.3,21.8,32.7,0.8,,266.8,22.4,54,1007.1,
2020-07-28,24.3,17.5,31.1,0,,265.4,18,50,1009.1,
2020-07-29,25.1,19.5,30.7,0.6,,269.4,18,41,1009.9,
2020-07-30,22.5,16.9,28.1,0,,326.8,12.5,39,1011.4,
2020-07-31,23.5,18.1,28.8,0,,49.2,13.2,,1012.1,
2020-08-01,24.4,18.7,30,3.8,,66.9,12,37,1012.6,
2020-08-02,24,19.5,28.4,37,,174,22.3,67,1004.9,
2020-08-03,21,17.1,24.9,26.8,,297.4,10.6,54,1013.9,
2020-08-04,21.2,17.7,24.6,10.4,,3.8,11.8,54,1011.1,
2020-08-05,19.1,14.2,23.9,0,,281.7,21.8,52,1015.7,
2020-08-06,18.6,13.3,23.9,0,,113.1,8.9,,1020,
2020-08-07,20.1,14.5,25.6,0,,71,7.7,,1020.4,
2020-08-08,21.5,15.9,27.1,0,,299.1,9.6,,1020,
2020-08-09,25.5,20.4,30.6,0,,245.4,17.8,41,1016.4,
2020-08-10,27,21.8,32.1,0,,236.4,14.9,41,1013.4,
2020-08-11,22.3,15.6,28.9,0,,242.4,18.9,45,1010.3,
2020-08-12,22.5,15.1,29.8,0,,228.8,9.9,37,1017.7,
2020-08-13,24,19,28.9,0,,58.1,10.8,,1019.6,
2020-08-14,24.7,20.8,28.6,0,,90.6,14,35,1018.5,
2020-08-15,22.5,17.1,27.9,0,,96.1,10.3,,1015.1,
2020-08-16,22.2,18.5,25.8,1,,235.2,10,33,1013.1,
2020-08-17,21.2,15,27.4,4.8,,277.1,12.2,48,1012.2,
2020-08-18,19.6,14.1,25,0.8,,322.4,19.9,52,1012.3,
2020-08-19,17.5,11.3,23.7,0,,343.1,16,39,1016.5,
2020-08-20,19.3,11,27.6,0,,255.9,15.1,45,1015.5,
2020-08-21,24,17.4,30.6,0,,273.6,15.3,45,1011.8,
2020-08-22,25,18.9,31.1,0,,103,9.7,,1012.6,
2020-08-23,25.1,18.4,31.7,0,,242.6,11.6,42,1014.5,
2020-08-24,26.6,20.4,32.7,0,,254,15.8,42,1013.1,
2020-08-25,22.5,17,28,0,,316.4,21.9,54,1012,
2020-08-26,17.7,14.1,21.2,4.4,,107.9,10.2,,1015.8,
2020-08-27,24.1,17.9,30.2,0,,255.8,22.7,55,1006.4,
2020-08-28,20.4,16.7,24,0.2,,53.1,12.8,33,1009.6,
2020-08-29,21.6,16.2,27,1.8,,254.3,27.5,68,999.4,
2020-08-30,18.8,13.9,23.7,0,,326.5,14.9,35,1009.8,
2020-08-31,19.9,14.5,25.2,0,,81,15,39,1014.2,
2020-09-01,23.4,18.6,28.1,10.4,,160.7,11.6,39,1012.8,
2020-09-02,23.1,17.8,28.3,1.6,,223.9,18.2,58,1006.1,
2020-09-03,21.8,14.9,28.6,2,,250.3,17.3,59,1006.7,
2020-09-04,17.7,12.4,23,0.2,,269.9,22.7,59,1013.5,
2020-09-05,16.3,11.5,21.1,0,,268.5,16.6,35,1020,
2020-09-06,15.7,9.4,22,0,,260.4,10.8,32,1020.4,
2020-09-07,20.4,15.6,25.2,5.2,,231.4,25.3,63,1009.7,
2020-09-08,15.5,14.4,16.5,0,,34,12.8,,1019.9,
2020-09-09,16.1,13.6,18.5,0,,44.3,7.9,,1024,
2020-09-10,16.4,13,19.8,0,,357.6,15.2,41,1024.9,
2020-09-11,14.6,11.6,17.6,0,,46.5,13.1,,1027.5,
2020-09-12,15.9,10.4,21.4,0,,92.3,11,33,1021.1,
2020-09-13,20,13.8,26.1,3.8,,225.5,22,59,1012.9,
2020-09-14,12.1,6.7,17.5,0,,333.8,17.7,45,1025.7,
2020-09-15,12.4,5,19.8,0,,243.6,12.7,33,1025.5,
2020-09-16,19.8,14.1,25.4,0,,215.6,18.5,42,1015.4,
2020-09-17,13.4,7.5,19.2,0,,350,18.7,41,1018,
2020-09-18,10.6,5.3,15.9,0,,357.5,19.8,50,1023.9,
2020-09-19,8.8,3.1,14.4,0,,61.3,10.9,32,1030.1,
2020-09-20,13,9.1,16.8,0,,102.3,9.3,35,1034.1,
2020-09-21,11.8,4.1,19.5,0,,104.5,9.5,32,1032.7,
2020-09-22,14.1,6.7,21.5,0,,254.7,8.4,,1021.9,
2020-09-23,19.9,12.2,27.6,0,,296,16.5,41,1013.4,
2020-09-24,18.5,11.8,25.1,2,,14.4,6.1,35,1013.2,
2020-09-25,19.3,14.1,24.4,0,,114.2,7.8,,1016.1,
2020-09-26,19,12,25.9,0,,161.2,10.6,39,1012.9,
2020-09-27,23.4,19.6,27.2,0,,204.9,18.1,42,1007.6,
2020-09-28,20.7,14.7,26.7,8.4,,167.4,13.3,54,1004.8,
2020-09-29,15.9,12.8,19,2.2,,238.6,15.7,41,1007.6,
2020-09-30,14.6,10.1,19,5,,239.1,19,61,1001.2,
2020-10-01,13.1,8.3,17.9,0,,247.9,18.6,48,1009.3,
2020-10-02,10.5,5.5,15.5,0,,333.2,16,35,1015.5,
2020-10-03,8.2,3.3,13,4,,21.6,9.3,,1022.8,
2020-10-04,8.6,5.7,11.4,3.2,,28.4,7.3,,1020.8,
2020-10-05,11.2,7.2,15.1,0,,279,12.8,,1020.5,
2020-10-06,13.7,7.8,19.5,0,,207.7,17.2,52,1012.7,
2020-10-07,13.9,9.2,18.5,2.6,,264.2,29.8,84,1005.2,
2020-10-08,10.9,5.3,16.5,0.8,,300.2,11.5,59,1017.7,
2020-10-09,10.6,2.8,18.3,0,,195.9,9.9,35,1018,
2020-10-10,15,7.8,22.1,0.4,,253.1,23.5,50,1009.2,
2020-10-11,8.6,5.4,11.7,0,,65.8,17.6,41,1021.8,
2020-10-12,12,7.6,16.4,0.2,,91.4,16.7,39,1015.1,
2020-10-13,14.1,10.1,18,7.8,,273.9,18,46,1012.5,
2020-10-14,11.9,6.3,17.4,0,,231.2,14.4,35,1012.5,
2020-10-15,12.1,6.9,17.2,11.6,,216.5,17.4,58,1007,
2020-10-16,7.4,2.6,12.2,0,,261.8,17,41,1019.4,
2020-10-17,8.1,2.6,13.5,0,,223.1,13.3,39,1023.5,
2020-10-18,10.3,6.3,14.2,2,,174.4,14.5,46,1021.1,
2020-10-19,7,5.9,8.1,8.6,,24.9,10.3,33,1023.9,
2020-10-20,8.8,6,11.5,1.2,,20.9,12.7,33,1024.3,
2020-10-21,12.2,7.1,17.2,5,,235.2,19.1,55,1019.2,
2020-10-22,10.4,8.5,12.3,2,,132,8.8,32,1023.6,
2020-10-23,16.5,8.2,24.7,2.6,,161.4,15,63,1012.8,
2020-10-24,5.5,2.6,8.4,0,,329.5,21.9,55,1020,
2020-10-25,4.1,1.8,6.4,0,,48.7,13.9,35,1025.2,
2020-10-26,5.3,2.4,8.1,1.6,,355.5,12.4,,1020.7,
2020-10-27,4.4,1.5,7.3,5.2,,302.1,11.3,,1023.4,
2020-10-28,7.1,2.4,11.8,0,,241,14.2,45,1015.9,
2020-10-29,6.5,2.1,10.8,1.6,,11.1,13.4,39,1011,
2020-10-30,-1,-4.3,2.3,0,,352.7,18,33,1020.2,
2020-10-31,0.7,-5.4,6.7,0,,212.3,9.3,35,1028.5,
2020-11-01,5.6,0,11.2,3.6,10,239.8,27.9,76,1007.9,
2020-11-02,2.6,-2.1,7.2,0,0,287,36.8,81,1013.6,
2020-11-03,5.5,3.8,7.1,0,,23.1,16,52,1017,
2020-11-04,10.7,1.8,19.6,0,,204.4,16.7,45,1020.4,
2020-11-05,15.3,11.4,19.2,0,,213.6,15.1,35,1020.3,
2020-11-06,15,9.1,20.8,0,,232.7,15.3,35,1020.4,
2020-11-07,15.2,9.4,21,0,,222.5,13.3,35,1022.3,
2020-11-08,13.2,6.2,20.1,0,,175.6,6.4,,1026.2,
2020-11-09,13.2,6.9,19.5,0,,120.9,6.6,,1023.5,
2020-11-10,16.1,7.8,24.3,0,,155.2,10.3,35,1014.3,
2020-11-11,11.9,5.5,18.2,0.6,,258.9,22.4,46,1011.1,
2020-11-12,6.8,3.7,9.8,0,,306,9.9,,1021,
2020-11-13,6.2,3.3,9,0,,298.5,15,46,1016,
2020-11-14,3.9,0.1,7.6,0,,232.9,12.3,39,1021.6,
2020-11-15,8.2,3.1,13.2,10.4,,170.7,31.1,91,1002.6,
2020-11-16,2.6,1.1,4.1,0.2,,253.3,31.9,68,1011.4,
2020-11-17,-1.2,-5.4,3,0.6,0,292.5,28.5,74,1019.4,
2020-11-18,-2.4,-6.2,1.5,0,0,72.8,8.5,,1033,
2020-11-19,8.3,1.5,15,0,,207.3,20.6,59,1019.7,
2020-11-20,12,6.1,17.8,0,,240,23.5,52,1019.2,
2020-11-21,3.2,0.3,6,0,,316.5,17.2,42,1031.7,
2020-11-22,0.5,-1,1.9,19.4,70,44.3,14.5,41,1025.4,
2020-11-23,-0.4,-4.2,3.5,0,170,272.9,17.5,41,1020.3,
2020-11-24,0.2,-1.7,2.1,1,110,47.5,15,37,1027.7,
2020-11-25,4.8,1.3,8.3,6.8,80,109.9,8.9,,1016.5,
2020-11-26,9.3,6.6,11.9,1.2,,233.2,13.5,41,1011.9,
2020-11-27,6.4,4.9,7.8,0,,238.9,12.6,,1017.1,
2020-11-28,4.4,1.8,7,0,,253,19,41,1016.2,
2020-11-29,5.8,0.7,10.8,0,,213.2,13.6,39,1014.8,
2020-11-30,2.3,-0.9,5.5,22,10,12.1,19.6,58,1003.8,
2020-12-01,-1.2,-2.2,-0.1,8.4,90,336.3,29.3,55,1000.3,
2020-12-02,1.2,-1.4,3.8,1,110,283.1,27.3,52,1013.4,
2020-12-03,1.3,-1.5,4.1,0,50,230.9,18.8,46,1015.9,
2020-12-04,1.6,-0.2,3.4,3.6,0,232.1,15.3,32,1011.4,
2020-12-05,-1.4,-4.5,1.7,0,,340.6,24.5,48,1016.4,
2020-12-06,-2.8,-6.3,0.7,0,0,326.3,17.4,39,1017.5,
2020-12-07,-2.7,-6.3,1,0,0,338.8,20.9,45,1014.3,
2020-12-08,-2.4,-6.7,1.9,0,,301.7,17.5,39,1013.5,
2020-12-09,2.3,0.1,4.4,4,40,250.2,19.6,42,1006.6,
2020-12-10,3.4,0.9,5.9,0,0,233.2,11.7,,1017.7,
2020-12-11,5.1,0.8,9.4,0,,64.6,7.8,,1016.2,
2020-12-12,6.3,3.4,9.1,8,,98.8,17.8,46,1010.9,
2020-12-13,2.3,-0.6,5.1,0,,278.4,22,54,1015.5,
2020-12-14,-0.4,-2.5,1.7,0,0,255.1,20.3,59,1016.5,
2020-12-15,-5.1,-7.7,-2.4,0.2,0,345.9,16.3,37,1028.5,
2020-12-16,-7.2,-8.7,-5.6,1.4,0,62.1,22.5,52,1025.6,
2020-12-17,-5.4,-8,-2.7,0.6,20,40.3,11.7,,1021.8,
2020-12-18,-5.5,-9.7,-1.3,0,0,46.4,7.8,,1029.5,
2020-12-19,0.3,-2,2.5,2.2,0,169.3,10,,1023.1,
2020-12-20,2.3,-0.4,5,1.2,0,202.5,13.7,48,1012.1,
2020-12-21,1.5,-1.3,4.3,0.2,,223,9.2,,1006.6,
2020-12-22,1,-0.8,2.7,0,,293.1,21.1,61,1014.3,
2020-12-23,3.4,0.5,6.3,1.8,,149,14.2,39,1018.2,
2020-12-24,3.4,-2.8,9.6,12.4,10,209.9,19.5,50,1004.9,
2020-12-25,-2.9,-5.4,-0.4,8,110,278.7,28,58,1000,
2020-12-26,-4,-5.5,-2.5,1.6,160,240.8,27.2,54,1008.1,
2020-12-27,-0.6,-3.7,2.5,1,150,175.2,14.3,41,1017.5,
2020-12-28,0.4,-3.6,4.4,5.2,50,246.1,25.4,67,1014,
2020-12-29,-3.4,-5.6,-1.2,0,20,273.4,17.2,37,1031.7,
2020-12-30,0.7,-3.7,5.1,3.2,40,180.3,20.1,59,1015.9,
2020-12-31,-0.8,-3,1.5,0,10,274.5,22.4,54,1022.3,
2021-01-01,-1.3,-4.1,1.6,8,10,90.6,13.7,46,1025.4,
2021-01-02,-0.7,-2.5,1.2,6.8,70,337,14.2,42,1015.3,
2021-01-03,0.2,-0.8,1.1,1.6,40,32.8,10.2,,1015.8,
2021-01-04,0.2,-0.8,1.1,0,20,339.4,6.8,,1016.7,
2021-01-05,0.5,-0.1,1,0.2,20,51.2,7.8,,1016.5,
2021-01-06,0.4,-1.2,2,0.2,20,340.4,19.4,46,1023.9,
2021-01-07,-3.9,-7.1,-0.6,0,20,352.1,17.2,39,1027.2,
2021-01-08,-6.4,-9.3,-3.5,0,20,352.9,16.4,35,1023.8,
2021-01-09,-0.5,-4.3,3.3,0,20,345.4,19,33,1022.5,
2021-01-10,-1.9,-5.6,1.9,0,20,274.2,10.6,,1026.1,
2021-01-11,-3,-6.1,0.2,0,20,249.7,13.9,41,1023.2,
2021-01-12,-1.7,-2.1,-1.2,0,10,240.4,15.8,32,1019.6,
2021-01-13,0.9,-1.4,3.1,0,10,216.8,12.7,39,1011.1,
2021-01-14,1.9,-0.8,4.6,0,10,180.7,8.4,33,1008.7,
2021-01-15,3.4,1.2,5.6,5,0,106.5,21.8,48,1006.7,
2021-01-16,1.1,-2.6,4.7,0,,262,16.9,48,1000.9,
2021-01-17,0.8,-2.7,4.2,0.6,,290.2,20,48,1001.4,
2021-01-18,-1.9,-4.6,0.9,0,0,318.6,8.9,45,1008.7,
2021-01-19,-1.3,-2.6,-0.1,0.6,0,247.7,21.5,58,1015.3,
2021-01-20,-5,-7.7,-2.2,0,0,276.7,17.6,45,1016.9,
2021-01-21,0.7,-1.8,3.1,0.2,0,232.7,21.2,46,1000.8,
2021-01-22,-3.4,-7.8,1,0.4,0,286.7,27.8,58,1008.6,
2021-01-23,-8.7,-12.6,-4.8,0,,309.5,19.4,48,1025,
2021-01-24,-5,-7.2,-2.7,0,,188.5,6.2,,1025.5,
2021-01-25,-0.9,-3.7,1.9,0,,310.9,6.3,,1019.8,
2021-01-26,-2.6,-4.6,-0.5,7.4,60,41.8,22.4,50,1011.5,
2021-01-27,-6.8,-10.2,-3.3,0,80,335,19,35,1023,
2021-01-28,-10.8,-13.8,-7.8,0,60,322.5,22.1,58,1029.5,
2021-01-29,-10.9,-14.6,-7.1,0.2,50,350.5,13.5,41,1028.7,
2021-01-30,-8,-13.8,-2.2,0,,0.7,5.8,,1028.7,
2021-01-31,-7.9,-10.6,-5.2,0,50,58,17.9,46,1023.6,
2021-02-01,-7.5,-11.3,-3.7,0,40,8.4,18.3,33,1020.5,
2021-02-02,-5.3,-9.6,-0.9,0,30,350.8,28.3,67,1013.9,
2021-02-03,-2.9,-6.3,0.6,0,20,336.3,31.5,61,1011.6,
2021-02-04,-1.5,-7.2,4.3,1.4,20,156.8,13.3,42,1012.2,
2021-02-05,-3.2,-8,1.7,5.2,20,214.5,28.7,65,999.7,
2021-02-06,-7.7,-9.4,-6,0,10,229.6,24,61,1013.6,
2021-02-07,-9.8,-13.3,-6.2,0.6,20,257.3,20.6,46,1018.2,
2021-02-08,-10,-13.4,-6.5,0.2,10,267.6,15,,1027.8,
2021-02-09,-7.1,-11.4,-2.7,1,20,320.2,11.9,,1025.8,
2021-02-10,-9.3,-13.2,-5.3,0,10,270.9,15.5,,1028.3,
2021-02-11,-8,-11.2,-4.7,0,10,336.2,16,35,1029.3,
2021-02-12,-11.3,-14.2,-8.3,1.8,10,16.7,15.5,,1031.2,
2021-02-13,-11.5,-13.9,-9.1,2.2,20,35.6,16.9,,1028.6,
2021-02-14,-9.4,-14.8,-4,0.4,60,319.4,9.9,,1026.8,
2021-02-15,-7,-9.7,-4.2,3.2,20,356.3,16.5,46,1024.7,
2021-02-16,-11.2,-15.3,-7,8.8,120,343.8,26.9,54,1011.9,
2021-02-17,-8.7,-16,-4.6,0,,279.7,12.7,,1029.6,
2021-02-18,-5.9,-9.2,-3.6,1,,46.9,15.1,,1029.5,
2021-02-19,-4.9,-7.2,-2.5,7.8,180,331.2,12.5,,1022.1,
2021-02-20,-6.6,-11.4,-1.8,0.4,160,297.2,14.9,50,1024.3,
2021-02-21,-7,-12.4,-1.5,0,120,205.6,10,,1031,
2021-02-22,0.6,-1.7,2.8,4.8,140,194.9,21,59,1006.9,
2021-02-23,1.8,-0.7,4.3,0.2,100,245,20.4,50,1003,
2021-02-24,3.9,-0.6,8.4,0,60,237.3,22.5,67,1008.2,
2021-02-25,-1.4,-3.7,0.9,0,10,291.6,23.3,54,1022.8,
2021-02-26,-1.6,-6.9,3.8,0,0,185.8,12.3,,1027.2,
2021-02-27,2.6,-0.7,5.8,6.2,0,200.1,16.4,52,1017,
2021-02-28,2.4,-1.7,6.5,1,,96.6,9.6,46,1015.1,
2021-03-01,-2.2,-9.8,5.4,0,0,302.7,39.6,84,1012.4,
2021-03-02,-6.7,-13.6,0.2,0,,240.9,15.8,45,1023.4,
2021-03-03,2.2,-2.8,7.2,0,,285.7,18.3,39,1012.3,
2021-03-04,-3.6,-8,0.8,0,0,336.8,28.8,58,1020.3,
2021-03-05,-4.4,-10.3,1.6,0,,309,30.2,67,1019.5,
2021-03-06,-4.7,-9.2,-0.2,0,,316,22.4,48,1022.8,
2021-03-07,-5.4,-10.3,-0.4,0,,339.9,11,,1030.3,
2021-03-08,0.2,-9.2,9.6,0.2,,225.1,10.4,37,1027,
2021-03-09,4.2,-2.3,10.6,0,,269.8,10.2,,1028,
2021-03-10,6.5,-2.3,15.3,0,,123,9.3,37,1023,
2021-03-11,12.4,5.5,19.3,2,,229.4,33.5,85,1013.1,
2021-03-12,3.3,-4.8,11.3,0,,292.5,30.6,76,1022.7,
2021-03-13,-0.7,-7,5.6,0,,274.9,21.8,48,1027.1,
2021-03-14,-1.3,-6.1,3.5,0,,324,29.4,74,,
2021-03-15,-5,-9,-1,0,,50.3,16,37,1032.8,
2021-03-16,0.8,-1.9,3.5,0,,82.9,15.9,43,1020.3,
2021-03-17,5.1,1.2,9,0,,49.6,7.4,,1018.1,
2021-03-18,2.3,-2.3,6.8,0.4,,20.7,24.6,55,1018,
2021-03-19,-0.8,-5.3,3.7,0,,31.9,17.6,37,1032,
2021-03-20,6.3,-2.4,14.9,0,,255.7,8.1,33,1034.2,
2021-03-21,6.5,-2,14.9,0,,72.8,7.3,,1031.7,
2021-03-22,7.6,-1,16.1,0,,82.9,9,,1024.5,
2021-03-23,8.2,0.8,15.5,0,,86.4,7.2,,1020.7,
2021-03-24,12.1,6.6,17.6,0.8,,117.4,9.9,31,1012.5,
2021-03-25,14.5,7.5,21.5,1,,215.5,15.2,41,1011.4,
2021-03-26,6.9,3.3,10.5,34.6,,345.6,23.9,72,1006.9,
2021-03-27,5.8,3.3,8.2,0.2,,115.1,10.6,,1019.4,
2021-03-28,6.2,2.3,10.1,6.2,,340.9,22,74,1002.9,
2021-03-29,3.2,-0.7,7.1,0,,274.2,24.7,61,1019.3,
2021-03-30,10.4,0.5,20.3,0,,171.4,16.8,64,1015.3,
2021-03-31,7.4,0.1,14.7,0,,292.9,20.8,49,1013.1,
2021-04-01,-0.2,-2.9,2.6,0,,330.9,30.1,63,1022,
2021-04-02,0.3,-4.2,4.7,0,,340.5,24.2,54,1028.9,
2021-04-03,2.2,-5.1,9.5,0,,197.6,13.5,55,1025.5,
2021-04-04,6.8,-1.5,15.1,0,,355.7,10.4,,1021.1,
2021-04-05,7.8,2,13.5,0,,134.8,9.1,,1020.7,
2021-04-06,8,1.8,14.1,0,,90.4,11.1,,1017,
2021-04-07,11.1,4.8,17.4,0,,76.2,12.5,35,1016.1,
2021-04-08,14.6,8.5,20.6,0,,82.3,16.7,48,1012.5,
2021-04-09,15.6,11.6,19.5,0.2,,129.9,11,31,1011.5,
2021-04-10,15.4,10.3,20.4,0.2,,121.4,10.8,35,1008.2,
2021-04-11,13.5,10.2,16.7,13.4,,91.3,12.1,47,999,
2021-04-12,9.2,7.2,11.2,6.2,,85,15.8,40,1006,
2021-04-13,10.2,5.9,14.5,0,,128.9,8.5,,1017,
2021-04-14,10.3,4.7,15.8,0.6,,272.2,12.3,41,1015.3,
2021-04-15,6.3,4.5,8,1.8,,315,14.1,37,1009.4,
2021-04-16,7.4,4,10.7,0.4,,319.6,22.9,42,1007.8,
2021-04-17,7.6,3.2,11.9,0.2,,306.6,10.8,,1010.9,
2021-04-18,9,2.8,15.1,0.6,,261.4,15.3,40,1010.5,
2021-04-19,9.4,1.6,17.2,1.6,,230.8,17.3,57,1008.4,
2021-04-20,2.1,-0.8,4.9,0.8,0,276.3,21.3,49,1014,
2021-04-21,1.1,-2.5,4.6,3.4,20,327.5,22.6,52,1014.1,
2021-04-22,1.4,-2.7,5.4,0.2,,288,25.2,60,1014.4,
2021-04-23,8.8,-1.8,19.4,0,,260.7,20.9,58,1014.1,
2021-04-24,11.7,6.2,17.1,0,,236.5,15.6,35,1012.4,
2021-04-25,6.2,1,11.4,1,,287.9,24.6,58,1011.6,
2021-04-26,4.3,-0.9,9.4,1.2,,349.6,16.6,41,1022.1,
2021-04-27,9.1,4.7,13.4,3.6,,89.8,12.9,,1014.7,
2021-04-28,12.8,8.2,17.3,6.6,,83.8,9.2,,1010,
2021-04-29,9.3,7.8,10.8,13.8,,96.9,7.8,41,1006.6,
2021-04-30,6.3,3.5,9.1,0,,300.8,39,80,1006.8,
2021-05-01,7.5,1.2,13.8,0,,255.9,18.4,54,1013.6,
2021-05-02,12,6.5,17.4,0,,94.5,9.8,,1006.2,
2021-05-03,10.5,8.1,12.8,2.4,,81.1,13.9,45,1007.8,
2021-05-04,9.9,7.8,11.9,3.4,,121.5,9.1,37,1005.3,
2021-05-05,8.3,4.4,12.1,1.2,,313.8,22.7,47,1010.9,
2021-05-06,8.3,2.2,14.4,0,,291.5,13,36,1017.7,
2021-05-07,5.9,1.6,10.1,0,,88.7,10.9,,1014.7,
2021-05-08,8.9,2.4,15.4,0,,336.8,15,45,1013.9,
2021-05-09,6.7,1.4,12,0,,305.8,9.1,31,1015.1,
2021-05-10,7.7,1.6,13.7,0,,300,19.6,51,1015.2,
2021-05-11,5.6,0.4,10.7,0,,297.1,26.6,55,1020,
2021-05-12,11.2,4.4,17.9,0,,332,22.9,48,1025.2,
2021-05-13,13.4,6.5,20.3,0,,331.4,13.9,40,1025.3,
2021-05-14,13.9,6.5,21.2,0,,271.1,11.7,36,1024,
2021-05-15,14.2,6.6,21.8,0,,321,8.4,43,1023.2,
2021-05-16,15.6,8.5,22.6,0,,182.2,8.4,32,1022.9,
2021-05-17,16.1,8.4,23.7,0,,110.8,9.7,31,1023.9,
2021-05-18,20.2,12.4,27.9,0,,303.9,11.3,33,1025.1,
2021-05-19,20.2,12.3,28,0,,164.8,10.3,,1026.3,
2021-05-20,23.2,16.4,29.9,0,,121.8,7.2,,1027,
2021-05-21,23.7,15.7,31.7,0,,185,12.3,41,1027.2,
2021-05-22,23.5,19.4,27.6,0,,275.9,19.2,42,1022.8,
2021-05-23,19.7,14.3,25,0,,325.2,19.7,44,1018.3,
2021-05-24,16.8,12.5,21,0,,119.8,11.7,,1022.4,
2021-05-25,23.4,13.5,33.3,0,,206.3,17,58,1015.1,
2021-05-26,17.7,10,25.4,0.6,,254.1,24.5,56,1011,
2021-05-27,13.4,8.1,18.7,0,,342.5,21.3,39,1019.6,
2021-05-28,6,2,9.9,14.2,,49.2,17.4,42,1020.8,
2021-05-29,9.8,3.8,15.8,0,,64.2,15,42,1021,
2021-05-30,12.7,6.2,19.1,0,,88,11.1,41,1024.2,
2021-05-31,15.7,7,24.4,0,,282.8,12.3,40,1023.5,
2021-06-01,20.1,14.4,25.7,0,,260.2,15,48,1021.5,
2021-06-02,19.1,12.8,25.3,4.4,,149.1,8.4,,1019.2,
2021-06-03,18.5,14.8,22.2,2.6,,153.7,9.7,,1011.8,
2021-06-04,22,15.7,28.2,0,,220.9,13.2,37,1009.9,
2021-06-05,26.1,19.6,32.5,0,,247.2,25.5,60,1009.5,
2021-06-06,26.7,19.6,33.8,0,,233.4,19,47,1012.9,
2021-06-07,25.7,19.6,31.8,0,,223.5,16,45,1014.3,
2021-06-08,23.7,20.9,26.5,10.2,,226.2,8.1,,1016.1,
2021-06-09,24.5,19.5,29.4,0,,36.3,10.1,,1017.1,
2021-06-10,21.5,17.6,25.3,0,,87,15.4,36,1017.3,
2021-06-11,21.3,17.3,25.3,0,,102.6,11.4,31,1012.6,
2021-06-12,21.3,17.2,25.4,0,,97.1,10.2,31,1011.3,
2021-06-13,22.9,16.7,29.1,0,,160.6,10.6,41,1009.4,
2021-06-14,20.3,15.6,25,2.8,,307.8,19.8,47,1008.4,
2021-06-15,17.7,12.9,22.5,0,,332.1,27.9,55,1011.6,
2021-06-16,16.4,10.5,22.3,0,,343.7,20.2,45,1016,
2021-06-17,17.8,9.2,26.3,0,,251.5,16.3,39,1014.9,
2021-06-18,21.5,18,24.9,5.4,,208.8,14.9,49,1008.6,
2021-06-19,23.2,15.4,30.9,0,,265.5,19.8,50,1005.8,
2021-06-20,20.6,14,27.1,0.2,,183.8,11,,1006.5,
2021-06-21,20.7,11.6,29.7,5.8,,229.5,27.1,68,999.6,
2021-06-22,14.8,10,19.5,0,,311.2,21,44,1011.4,
2021-06-23,16.3,8.8,23.7,0,,226.7,13.9,40,1019.4,
2021-06-24,22,15.9,28.1,0,,166.3,16,53,1020.2,
2021-06-25,22.3,18.8,25.8,16.4,,157.9,11.5,31,1017.6,
2021-06-26,23.3,19,27.5,5.6,,203.7,23.3,51,1013.1,
2021-06-27,27.5,23.7,31.3,0,,220.4,28,58,1013.1,
2021-06-28,27,21.7,32.2,3,,254.4,19,42,1018.3,
2021-06-29,26.8,21.1,32.5,23.2,,239.8,10.5,64,1019.7,
2021-06-30,23.4,18.8,28,0.4,,273.3,18.8,58,1014.8,
2021-07-01,21.3,16.3,26.3,0,,342.6,17.5,45,1011.7,
2021-07-02,20.2,15.7,24.7,24.4,,7.6,21.2,44,1011.4,
2021-07-03,19.8,13.9,25.7,0,,291,11.2,,1010.4,
2021-07-04,20.6,16.2,25,0,,94.4,12.2,,1012.3,
2021-07-05,25.5,18.7,32.3,0,,147.1,13.3,44,1012.3,
2021-07-06,27.5,22.6,32.3,0,,288.1,20.2,58,1011.7,
2021-07-07,20.4,16.3,24.4,9.8,,78.6,13,36,1014.5,
2021-07-08,16.9,15.1,18.7,29,,84.1,8.9,,1012.1,
2021-07-09,17.7,15.8,19.5,0,,350.1,13.8,39,1012.8,
2021-07-10,18.3,13,23.6,0,,61.8,12,,1017.6,
2021-07-11,18.6,16.1,21.1,1.4,,62.4,10,,1017,
2021-07-12,21.9,18.7,25,0,,75.9,13.9,36,1019,
2021-07-13,23.3,19.7,26.9,8.8,,141.3,10.2,39,1017.1,
2021-07-14,24.4,19.3,29.5,0,,245.8,12.5,,1017.3,
2021-07-15,24.9,19.7,30,6.4,,217.2,18.7,61,1014.1,
2021-07-16,21.6,18.6,24.6,0,,9.8,11,,1016.5,
2021-07-17,20.4,18.8,22,3.4,,63.3,10.2,35,1018,
2021-07-18,23.8,18.1,29.4,0,,354.1,16.6,39,1018.3,
2021-07-19,24.2,19.1,29.2,0,,339.7,13.9,39,1016.7,
2021-07-20,23.1,19,29.5,0,,282.9,16,,1013.6,
2021-07-21,19.9,14.9,24.8,0,,351.1,21.4,41,1016.5,
2021-07-22,19.8,13.5,26.1,0,,336.3,15.1,33,1020.9,
2021-07-23,20.4,14.7,26.1,0,,19.7,10.2,45,1021.1,
2021-07-24,20.5,18.1,22.8,19.2,,160.7,11.4,40,1014.2,
2021-07-25,24.2,18.4,30,0,,264.1,15.3,41,1009.4,
2021-07-26,23.5,16.6,30.4,0,,293.2,12.6,44,1012.5,
2021-07-27,21.4,16.6,26.1,5.6,,297.4,11.8,45,1014.1,
2021-07-28,20.5,17,24,0,,111.1,11.7,,1017.1,
2021-07-29,22.8,18.4,27.2,11.4,,12.3,10.7,38,1009.4,
2021-07-30,16.7,13.2,20.1,0,,336.9,24.2,50,1014.8,
2021-07-31,16.3,11,21.5,1,,208.6,9.9,32,1015,
2021-08-01,17.9,16,21,0,,323.5,16.7,,1011.1,
2021-08-02,19,13.1,24.9,0,,335,13.7,32,1017.1,
2021-08-03,20.5,13.6,27.3,0,,263.1,12.2,35,1017.9,
2021-08-04,21.5,15.6,27.4,0,,128.9,8.7,,1019.1,
2021-08-05,21.3,14.8,27.8,0,,90.6,8.8,,1018.9,
2021-08-06,23.6,17.9,29.3,0,,204.3,13,40,1017.2,
2021-08-07,23.7,19.5,27.9,20.4,,188,10.4,,1015.2,
2021-08-08,23.4,18.7,28,0.6,,169.3,8.6,,1015.6,
2021-08-09,26.5,22,30.9,0,,152.3,11.8,39,1016.3,
2021-08-10,25.9,23.4,28.3,1,,191.9,14.3,37,1012.7,
2021-08-11,27.2,22.3,32,0.4,,226.8,19.1,56,1010.4,
2021-08-12,26,21.8,30.1,1.2,,221,16.5,41,1011.2,
2021-08-13,24.9,19.6,30.1,0,,240.9,16.5,36,1014.2,
2021-08-14,20.3,15.1,25.5,0,,329.6,18,37,1021.1,
2021-08-15,18.4,13.2,23.5,0,,73.3,12.8,32,1024.4,
2021-08-16,19.8,14.6,25,0,,69.6,12.1,33,1020.8,
2021-08-17,24.2,20.9,27.4,0,,101.7,8.5,,1017.4,
2021-08-18,24.1,20.2,27.9,0.6,,65.6,8.7,,1018.5,
2021-08-19,25.9,20.3,31.4,0,,357.1,13.9,35,1016.1,
2021-08-20,24.7,18.8,30.6,0,,342.3,10.8,,1014,
2021-08-21,26.2,22.5,29.9,0,,73.7,10.2,,1012.1,
2021-08-22,25.8,20,31.5,0,,358.2,10.2,33,1011.9,
2021-08-23,26.8,21.2,32.3,0,,344.3,17.3,34,1011.1,
2021-08-24,26.5,19.2,33.7,0,,270.2,11.7,53,1014,
2021-08-25,27.3,22.6,31.9,0,,249.2,10.8,35,1016.6,
2021-08-26,27.1,21.4,32.7,6.4,,260.4,12.3,55,1018.4,
2021-08-27,23.4,20.1,26.6,0,,75.2,16.4,39,1020.6,
2021-08-28,23.4,19,27.8,23.6,,107.9,12.7,64,1020.6,
2021-08-29,26.6,21.6,31.5,3.2,,191.2,13.6,44,1015.4,
2021-08-30,23.4,17.6,29.1,0,,273.4,16.6,47,1010.5,
2021-08-31,21.1,16.6,25.6,0,,327.1,16.2,39,1010.1,
2021-09-01,19.9,15.5,24.2,0,,14,18.4,41,1012,
2021-09-02,16.9,12.3,21.5,0,,347,21.5,50,1017,
2021-09-03,18,12.2,23.7,0,,358.1,11.4,,1020,
2021-09-04,19.2,14.1,24.3,4.8,,125.9,10.5,32,1015.1,
2021-09-05,20.8,15.4,26.2,2.2,,269.3,16,55,1006.3,
2021-09-06,18.5,13.5,23.4,3.8,,279.3,20.1,66,1009.2,
2021-09-07,19.3,12.5,26,28.2,,198,12.3,65,1010.5,
2021-09-08,20,14.4,25.6,19.6,,241,19.5,52,1004.2,
2021-09-09,17.2,12.9,21.5,0,,305.4,17.8,45,1009.3,
2021-09-10,17.9,12,23.8,0,,314.1,14.6,44,1015.7,
2021-09-11,19.5,12.8,26.1,0,,221.2,21.6,59,1015,
2021-09-12,19.8,15.9,23.7,3,,286.6,12.8,37,1013.5,
2021-09-13,17.9,12.1,23.7,0,,304.9,12,34,1018.1,
2021-09-14,22,16,27.9,25.2,,139.7,13.6,67,1011.9,
2021-09-15,18.6,15.2,21.9,0,,329.4,11.5,,1012.8,
2021-09-16,18,13.4,22.6,0,,76,9.7,,1022,
2021-09-17,19.8,13.6,26,0,,103.3,7.2,,1020.1,
2021-09-18,18,12.4,23.5,0,,334.2,18.7,40,1020.3,
2021-09-19,15.7,10.4,20.9,0,,67.5,10.3,,1023.6,
2021-09-20,16.8,10.2,23.3,0,,93.9,8.8,,1021.3,
2021-09-21,22.2,19.1,25.3,4.8,,183,17.6,48,1018.2,
2021-09-22,15.8,12.1,19.4,56,,5.9,23.2,60,1011.3,
2021-09-23,15.7,12,19.3,1.8,,223.3,17.1,50,1007.6,
2021-09-24,13.8,10.7,16.8,0,,225.1,16.1,41,1012.4,
2021-09-25,14.8,8.6,21,4.6,,200.9,13.5,50,1013,
2021-09-26,13.7,6.9,20.5,3,,242.5,14.6,40,1012.3,
2021-09-27,19.3,14.2,24.3,1,,254.5,19.5,45,1008,
2021-09-28,13,9,16.9,0,,351,15.3,40,1014.5,
2021-09-29,14.7,8.8,20.5,0,,330.6,15.6,37,1018.3,
2021-09-30,12.5,9.5,15.4,0,,346.6,13.4,,1023.3,
2021-10-01,14,7,20.9,0,,273.7,8.8,,1023.7,
2021-10-02,19.4,13.1,25.6,0.2,,238.4,14.2,35,1016.7,
2021-10-03,17.7,15.5,19.9,20.6,,135.2,9.2,34,1011.6,
2021-10-04,15.2,14.4,16,3.4,,65.9,10.7,,1014.5,
2021-10-05,16.2,14.4,18,0,,72.2,7.7,,1023.4,
2021-10-06,16.3,14.1,18.4,0,,72.7,8.3,,1027.4,
2021-10-07,17.4,14.9,19.9,0,,64.7,6.5,,1024,
2021-10-08,17.5,14.5,20.4,0,,64.2,11.2,,1019.8,
2021-10-09,18.5,16.8,20.2,11,,130.4,9.5,,1017,
2021-10-10,18.6,16.4,20.8,0.8,,135.1,10.5,,1016.8,
2021-10-11,19.5,16.7,22.3,0,,140.7,9.3,,1014.8,
2021-10-12,19.4,16.5,22.3,0,,140,11.3,35,1013.7,
2021-10-13,18.2,14.6,21.7,0,,226,8.8,39,1014.2,
2021-10-14,17.4,12.9,21.8,1.8,,142.6,7.7,,1013.6,
2021-10-15,16.9,14.3,19.4,8.4,,313.8,8,33,1009.9,
2021-10-16,11.6,8,15.1,2.8,,302,21.2,63,1005.6,
2021-10-17,11.1,7,15.1,0,,281.9,24.6,58,1010.9,
2021-10-18,9.2,4.1,14.2,1.4,,305.9,17.4,39,1015.4,
2021-10-19,12.6,4.1,21.1,0,,269,15.8,43,1016.5,
2021-10-20,14.8,10.1,19.5,0.4,,257.3,14.9,36,1016,
2021-10-21,12.9,8.3,17.5,3,,220.6,13.9,55,1008.7,
2021-10-22,6.8,4.3,9.3,0,,334.4,17.9,51,1014.5,
2021-10-23,6.2,2.8,9.6,0,,45.1,6.9,,1016.4,
2021-10-24,7.8,2.3,13.3,2,,217.9,7.3,,1017.5,
2021-10-25,6.8,4.7,8.8,18.2,,42.5,21.6,47,1012,
2021-10-26,6.3,4.7,7.8,8.4,,348.7,27.4,55,1010.2,
2021-10-27,11.7,7.2,16.1,0,,2.8,14.5,,1015.2,
2021-10-28,7.6,5.1,10.1,0,,69.9,15.6,41,1013.7,
2021-10-29,11,8.5,13.5,10.2,,80.8,20.8,48,1007.3,
2021-10-30,8.8,8,9.6,9,,75.7,15.5,40,1002.9,
2021-10-31,11,6.8,15.1,0.2,,301.9,21.3,54,1003.6,
2021-11-01,6.7,3,10.4,0,,266.3,25.7,59,1017.3,
2021-11-02,4.5,0.1,8.9,0,,258.4,19.8,49,1020.8,
2021-11-03,3,-1.6,7.6,0,,288.8,13.7,33,1025,
2021-11-04,3.8,-1,8.5,0,,276.4,7.9,,1026.7,
2021-11-05,3.5,-3.2,10.2,0,,256.9,8.1,,1028.5,
2021-11-06,5.9,0.2,11.6,0,,226.7,9.6,32,1026,
2021-11-07,9.3,2.1,16.4,0,,225.4,10.4,38,1020.4,
2021-11-08,11.2,3.3,19.1,0,,216.1,10.9,40,1019.6,
2021-11-09,10.4,6.8,14,2.6,,322.8,11.1,,1019.7,
2021-11-10,7.3,1.5,13,0,,306.3,10.1,33,1022.2,
2021-11-11,9.8,6.1,13.5,0.6,,90.4,16.6,47,1015.7,
2021-11-12,8.5,4.5,12.4,0.4,,218.4,18.6,57,1008.8,
2021-11-13,5.1,2.5,7.6,0,,244.9,22.1,48,1007,
2021-11-14,2.9,1,4.8,8.2,,212.8,12.4,39,1007.6,
2021-11-15,2.8,-0.2,5.8,0.4,,292.2,17.7,42,1011,
2021-11-16,2.5,-0.9,5.9,0,,267.9,15.6,43,1019.7,
2021-11-17,9.6,2.3,16.9,0.6,,134.9,15.2,61,1014,
2021-11-18,8.1,1.1,15.1,0.2,,264.8,27.5,59,1013.3,
2021-11-19,2.8,-0.6,6.1,0,,274,22.7,46,1026.1,
2021-11-20,3.1,0.3,5.9,0,,192.3,11.5,36,1027.2,
2021-11-21,4.6,1.1,8,5,,209.9,12.3,69,1016.6,
2021-11-22,0.5,-2.9,3.8,0,,275.4,27.5,63,1013.6,
2021-11-23,-0.3,-4.4,3.9,0,,287,13.2,40,1020.7,
2021-11-24,3,-2.8,8.7,0.6,,184.4,11.4,,1022.4,
2021-11-25,5.6,3.6,7.5,5.8,,239.3,13.3,40,1012.9,
2021-11-26,0.6,-2.4,3.6,0,0,300.5,31,64,1010.7,
2021-11-27,-1,-3.4,1.4,0.2,,288.8,14,39,1014.8,
2021-11-28,-2.5,-3.9,-1,11,10,24.5,9,,1009.9,
2021-11-29,-3.9,-8.1,0.4,0.4,100,267.9,7.7,,1016.1,
2021-11-30,-1.1,-5,2.8,2.2,80,263.5,9.3,44,1011.9,
2021-12-01,2.1,-0.8,5,0,20,220.5,16,39,1016.2,
2021-12-02,5.9,1.3,10.5,1,,251.2,31.7,67,1002.3,
2021-12-03,0.5,-0.6,1.5,0,,313,20.3,53,1017.6,
2021-12-04,2.3,-0.7,5.2,0,,247.5,19.6,59,1018.4,
2021-12-05,0.2,-3.8,4.1,17.6,10,169.5,15.1,55,1021.5,
2021-12-06,4.4,-2.4,11.2,2,0,232.8,30.3,84,1002.6,
2021-12-07,-4.4,-7.2,-1.6,0.2,0,270.4,19.7,42,1020.8,
2021-12-08,-3.8,-6.6,-1,2.2,10,237.9,8.7,35,1017.2,
2021-12-09,-2.9,-5.3,0.1,1.8,20,93.3,14.4,37,1019.9,
2021-12-10,3.2,0.8,5.6,0,20,84.5,7,31,1014.2,
2021-12-11,9.5,1.1,17.9,21.6,,187.2,31.2,96,996.7,
2021-12-12,3.1,-0.7,6.9,0,,239,25.7,60,1016.5,
2021-12-13,5.9,2.4,9.3,0,,239.2,19.5,46,1020.7,
2021-12-14,3.8,0.7,6.8,0,,48,10.6,44,1034,
2021-12-15,8.3,3.6,12.9,0.6,,130.2,14.3,38,1023.8,
2021-12-16,10.4,3.6,17.1,0,,216.1,34.3,94,1006.1,
2021-12-17,2.4,-0.4,5.2,0,,293.2,22.8,53,1020.6,
2021-12-18,-1.6,-3.4,0.3,8.2,0,35.5,17.4,40,1018.8,
2021-12-19,-4.5,-6.8,-2.5,0,80,345.9,13.3,32,1026,
2021-12-20,-1,-7.8,3.7,0,40,219.9,15.8,46,1021.2,
2021-12-21,1.1,-1.2,3.4,0,10,153.5,13,35,1013.6,
2021-12-22,-0.3,-4.1,3.5,0.6,10,274.8,29.6,69,1007.8,
2021-12-23,-3.6,-6.6,-0.5,4.4,10,125.7,11,33,1019.3,
2021-12-24,1.1,-0.6,2.8,0.2,50,96.4,11.5,32,1012,
2021-12-25,4.7,2.3,7,3.6,0,341.4,13.3,48,1001.3,
2021-12-26,-1.2,-5.5,3.2,0,,310.2,17.8,37,1017.6,
2021-12-27,-3.1,-6.2,0.1,3.6,40,65.2,15.5,48,1014.1,
2021-12-28,0.9,-0.6,2.3,0.2,20,280,16.1,57,1009.8,
2021-12-29,1,-0.3,2.2,0.2,10,83.3,9,,1011.7,
2021-12-30,1.1,0,2.2,0,,349.5,8.8,,1013.8,
2021-12-31,4.3,1.9,6.7,0,,134,8.2,,1010.7,
