Date,counts_trips,counts_Bike,trip_duration,counts_member_annual,counts_member_casual,W_Temp_Max,W_Temp_Avg,W_Temp_Min,W_Max_wind,W_Avg_wind,W_Min_wind,W_Wind_Gust,W_Air_Pressure,W_Snow_Depth,W_Max_humid,W_Avg_humid,W_Min_humid,W_Max_Dp,W_Avg_dp,W_Min_Dp
2019-01-01,1064,674,1121463.0,897,167,5.2,-1.4,-8.0,37.0,21.4,3.2,58.0,1015.1,,100.0,85.5,64.0,6.1,-0.6,-11.1
2019-01-02,2290,1135,2838818.0,2207,83,-0.5,-4.9,-9.3,20.9,11.9,8.0,,1023.0,0.0,100.0,84.0,74.0,0.0,-5.1,-11.1
2019-01-03,2279,955,1650338.0,2228,51,0.8,-1.0,-2.8,37.0,18.2,0.0,46.0,1013.3,30.0,100.0,86.0,69.0,0.0,-1.9,-5.0
2019-01-04,3290,1381,2269606.0,3130,160,8.0,3.6,-0.8,29.0,18.8,8.0,54.0,1007.6,30.0,87.0,80.7,70.0,2.2,0.1,-1.1
2019-01-05,2160,1053,1468872.0,1937,223,4.0,1.2,-1.7,32.2,16.3,3.2,33.0,1006.1,0.0,93.0,83.7,75.0,1.1,-0.1,-1.1
2019-01-06,1757,946,1265686.0,1595,162,4.0,-1.7,-7.3,29.0,19.6,11.3,52.0,1021.3,,93.0,68.6,46.0,2.8,-4.1,-13.9
2019-01-07,3037,1349,2198275.0,2971,66,5.7,-1.4,-8.4,46.7,26.6,8.0,63.0,1023.2,0.0,93.0,73.3,58.0,2.2,-5.7,-12.8
2019-01-08,3560,1438,2339841.0,3493,67,8.2,5.3,2.4,32.2,12.7,0.0,50.0,1004.6,,100.0,90.2,76.0,7.2,3.3,2.2
2019-01-09,3532,1457,2505796.0,3470,62,2.3,-1.3,-4.9,48.3,29.5,16.1,71.0,1007.9,0.0,87.0,68.1,55.0,2.2,-4.9,-8.9
2019-01-10,3067,1369,2384689.0,3011,56,-4.6,-8.0,-11.4,41.8,26.6,11.3,61.0,1018.8,0.0,79.0,66.8,54.0,-7.8,-11.2,-13.9
2019-01-11,2663,1233,1823376.0,2611,52,-7.5,-10.7,-13.8,32.2,15.8,3.2,41.0,1030.2,0.0,73.0,53.6,36.0,-13.9,-17.5,-20.0
2019-01-12,1690,924,1205567.0,1610,80,-4.3,-6.7,-9.0,22.5,13.0,0.0,,1034.3,,68.0,58.8,50.0,-11.1,-12.5,-15.0
2019-01-13,1393,821,796742.0,1326,67,-5.4,-8.7,-11.9,27.4,22.0,14.5,,1032.4,,79.0,68.5,46.0,-10.0,-12.4,-16.1
2019-01-14,3569,1507,2277018.0,3476,93,-0.8,-4.3,-7.8,24.1,12.6,3.2,,1026.0,,86.0,74.3,64.0,-6.1,-7.7,-10.0
2019-01-15,3689,1483,2385738.0,3596,93,0.1,-2.0,-4.1,46.7,27.2,12.9,54.0,1019.1,,86.0,81.0,74.0,-2.8,-3.6,-6.1
2019-01-16,3099,1348,1909551.0,3049,50,-0.3,-6.3,-12.2,41.8,32.7,8.0,63.0,1019.2,0.0,93.0,79.1,43.0,-1.1,-4.8,-16.1
2019-01-17,3168,1360,1890443.0,3120,48,-3.5,-8.4,-13.2,19.3,12.6,4.8,,1025.0,0.0,86.0,69.5,58.0,-6.1,-11.2,-16.1
2019-01-18,2902,1230,1839373.0,2831,71,-0.4,-5.4,-10.4,35.4,15.1,0.0,46.0,1018.4,20.0,93.0,75.0,51.0,-2.8,-5.5,-11.1
2019-01-19,558,382,1163832.0,549,9,-10.3,-13.6,-16.8,27.4,17.5,8.0,42.0,1023.3,0.0,79.0,72.9,49.0,-11.1,-16.6,-17.8
2019-01-20,222,178,142877.0,218,4,-14.2,-18.0,-21.8,41.8,28.8,14.5,67.0,1015.3,80.0,78.0,65.5,46.0,-17.8,-21.3,-27.8
2019-01-21,842,530,686654.0,835,7,-11.7,-16.7,-21.7,33.8,22.2,8.0,54.0,1030.4,70.0,67.0,55.1,50.0,-17.8,-23.3,-27.8
2019-01-22,1655,847,1326640.0,1629,26,-0.6,-9.9,-19.1,20.9,11.3,0.0,35.0,1032.2,70.0,86.0,71.3,51.0,-6.1,-12.8,-17.8
2019-01-23,1425,789,1002145.0,1407,18,6.1,2.5,-1.2,35.4,13.8,0.0,37.0,1009.3,50.0,100.0,94.2,65.0,3.9,1.2,-5.0
2019-01-24,2428,1011,2210966.0,2370,58,2.8,-0.4,-3.5,33.8,20.1,8.0,46.0,1003.5,0.0,100.0,82.7,64.0,3.9,-2.8,-6.1
2019-01-25,2401,1053,1450959.0,2324,77,-3.2,-7.6,-12.0,51.5,38.1,22.5,72.0,1013.1,0.0,80.0,70.8,58.0,-5.0,-9.6,-15.0
2019-01-26,1205,661,1493268.0,1155,50,-6.6,-10.5,-14.3,40.2,19.2,9.7,37.0,1020.3,20.0,86.0,68.8,49.0,-7.8,-13.0,-17.2
2019-01-27,356,263,252929.0,329,27,-6.0,-11.1,-16.1,49.9,29.0,3.2,63.0,1013.3,80.0,93.0,76.8,53.0,-2.8,-9.8,-17.8
2019-01-28,580,426,798004.0,576,4,-5.7,-12.7,-19.7,62.8,34.0,9.7,71.0,1016.4,50.0,93.0,79.3,51.0,-3.9,-12.4,-25.0
2019-01-29,356,255,599878.0,352,4,-2.1,-8.8,-15.5,62.8,41.0,11.3,58.0,1006.7,380.0,100.0,76.8,50.0,1.1,-8.2,-18.9
2019-01-30,573,363,1994818.0,567,6,-15.4,-19.0,-22.6,61.2,45.5,29.0,67.0,1013.6,300.0,78.0,64.5,56.0,-18.9,-21.8,-23.9
2019-01-31,652,395,511190.0,651,1,-14.4,-18.6,-22.8,49.9,40.7,33.8,58.0,1024.1,300.0,78.0,67.2,57.0,-18.9,-21.4,-23.9
2019-02-01,943,541,757367.0,916,27,-10.1,-14.6,-19.1,24.1,13.8,8.0,37.0,1028.7,280.0,72.0,62.3,49.0,-17.2,-19.2,-22.2
2019-02-02,784,447,654447.0,712,72,1.1,-6.9,-14.8,35.4,18.2,0.0,33.0,1019.8,220.0,100.0,83.3,57.0,0.0,-6.1,-18.9
2019-02-03,1106,577,827097.0,1024,82,7.7,3.9,0.0,19.3,9.7,0.0,46.0,1013.3,190.0,100.0,94.9,81.0,2.8,1.2,-1.1
2019-02-04,2682,1209,2117027.0,2627,55,12.7,9.2,5.6,25.7,11.3,3.2,46.0,1010.2,40.0,100.0,89.8,76.0,5.0,3.4,2.2
2019-02-05,3123,1317,2487821.0,3071,52,9.6,1.3,-7.1,38.6,19.0,4.8,48.0,1017.2,0.0,100.0,84.1,64.0,7.8,0.6,-10.0
2019-02-06,615,398,422995.0,606,9,-1.1,-3.9,-6.7,57.9,32.2,3.2,46.0,1018.2,0.0,100.0,91.3,68.0,-1.1,-3.2,-10.0
2019-02-07,1482,751,1357423.0,1469,13,3.6,0.2,-3.3,41.8,23.3,0.0,58.0,1013.6,20.0,100.0,93.0,80.0,2.8,-1.1,-3.9
2019-02-08,1790,934,1088957.0,1774,16,5.3,-2.2,-9.6,61.2,41.0,0.0,89.0,1016.0,10.0,100.0,72.0,55.0,3.9,-7.1,-15.0
2019-02-09,1024,606,589435.0,991,33,-3.9,-7.0,-10.0,48.3,27.8,16.1,52.0,1039.5,10.0,74.0,63.2,54.0,-8.9,-11.7,-15.0
2019-02-10,1008,619,570186.0,974,34,-3.5,-6.5,-9.5,24.1,13.0,0.0,,1035.4,10.0,86.0,71.8,63.0,-6.1,-9.3,-12.8
2019-02-11,1965,989,3831355.0,1930,35,-3.7,-5.2,-6.7,45.1,27.7,19.3,39.0,1028.2,20.0,86.0,76.0,59.0,-6.1,-7.6,-11.1
2019-02-13,572,357,2064677.0,563,9,0.8,-2.2,-5.2,57.9,44.9,29.0,71.0,1001.5,80.0,93.0,80.6,59.0,1.1,-4.2,-8.9
2019-02-14,1467,757,1061671.0,1425,42,1.7,-2.0,-5.7,38.6,24.1,9.7,52.0,1011.0,120.0,93.0,77.9,69.0,0.0,-4.3,-7.2
2019-02-15,1689,850,1169338.0,1649,40,3.7,-0.5,-4.6,49.9,31.1,4.8,74.0,1001.6,60.0,100.0,77.0,64.0,2.2,-2.9,-7.8
2019-02-16,894,558,871227.0,842,52,-2.7,-5.3,-7.8,37.0,18.5,8.0,41.0,1016.8,50.0,80.0,69.1,55.0,-5.0,-9.0,-11.1
2019-02-17,657,429,698216.0,630,27,-6.0,-8.5,-11.0,37.0,24.1,11.3,35.0,1019.2,50.0,86.0,69.5,58.0,-7.8,-11.3,-13.9
2019-02-18,456,312,298644.0,439,17,-5.7,-10.1,-14.4,29.0,16.9,8.0,39.0,1021.1,80.0,86.0,68.2,39.0,-10.0,-12.4,-17.8
2019-02-19,1965,973,1639657.0,1935,30,-4.0,-9.9,-15.8,24.1,14.0,4.8,33.0,1036.6,90.0,79.0,65.8,54.0,-10.0,-12.4,-16.1
2019-02-20,2050,999,1825387.0,2024,26,0.1,-5.9,-11.9,40.2,20.6,3.2,45.0,1024.2,70.0,100.0,83.8,63.0,0.0,-3.7,-12.8
2019-02-21,2429,1109,1837120.0,2391,38,3.0,-0.1,-3.2,48.3,24.0,4.8,58.0,1015.2,40.0,100.0,78.9,52.0,1.1,-1.6,-6.1
2019-02-22,2729,1188,2234009.0,2625,104,1.8,-1.7,-5.1,16.1,9.2,0.0,,1030.0,20.0,81.0,71.8,52.0,-2.2,-4.2,-7.2
2019-02-23,1581,851,1392029.0,1475,106,2.3,-1.6,-5.4,46.7,26.1,8.0,45.0,1025.1,20.0,87.0,80.5,69.0,0.0,-2.4,-6.1
2019-02-24,936,554,555174.0,879,57,6.9,1.9,-3.1,77.2,43.1,4.8,87.0,994.7,10.0,100.0,85.6,65.0,3.9,-0.5,-6.1
2019-02-25,1849,972,1102120.0,1818,31,-3.0,-5.6,-8.2,72.4,49.1,29.0,87.0,1014.2,20.0,86.0,69.1,54.0,-5.0,-8.7,-12.8
2019-02-26,2340,1093,1539506.0,2304,36,-5.8,-8.2,-10.6,29.0,18.2,4.8,46.0,1032.0,30.0,68.0,56.8,46.0,-11.1,-14.6,-16.1
2019-02-27,400,298,423333.0,391,9,-7.6,-10.6,-13.6,41.8,22.7,8.0,37.0,1025.2,30.0,86.0,76.9,53.0,-7.8,-12.5,-17.8
2019-02-28,1207,669,1011170.0,1172,35,-6.8,-12.1,-17.3,14.5,7.7,0.0,,1025.2,210.0,85.0,70.4,63.0,-11.1,-13.4,-17.2
2019-03-01,1914,943,1392740.0,1871,43,-0.5,-7.0,-13.4,16.1,9.5,0.0,,1024.3,190.0,86.0,75.5,64.0,-6.1,-8.2,-11.1
2019-03-02,708,439,450319.0,673,35,-0.8,-3.6,-6.3,16.1,10.0,0.0,33.0,1020.1,150.0,93.0,81.3,64.0,-2.2,-4.3,-7.2
2019-03-03,983,546,865474.0,936,47,-2.0,-5.6,-9.2,20.9,13.7,4.8,39.0,1019.1,180.0,86.0,71.8,54.0,-5.0,-7.9,-12.2
2019-03-04,1832,908,2035905.0,1801,31,-7.8,-11.0,-14.1,48.3,22.2,9.7,52.0,1016.3,150.0,80.0,62.9,53.0,-10.0,-14.6,-17.2
2019-03-05,1890,943,1195949.0,1887,3,-8.6,-12.0,-15.3,46.7,33.2,22.5,58.0,1015.9,130.0,73.0,64.7,49.0,-12.8,-14.4,-18.9
2019-03-06,1981,964,1621817.0,1960,21,-9.2,-12.0,-14.8,40.2,24.0,16.1,48.0,1021.5,110.0,79.0,59.9,49.0,-13.9,-16.5,-17.8
2019-03-07,2188,1044,2452345.0,2158,30,-5.8,-10.0,-14.2,37.0,20.6,8.0,46.0,1025.6,110.0,79.0,61.5,46.0,-12.2,-14.3,-16.1
2019-03-08,2495,1175,1552591.0,2442,53,-1.1,-8.1,-15.0,24.1,13.8,9.7,,1025.4,110.0,74.0,62.8,55.0,-8.9,-11.8,-16.1
2019-03-09,1490,836,1003221.0,1400,90,0.8,-5.4,-11.5,56.3,24.0,0.0,67.0,1023.3,110.0,80.0,69.9,59.0,-2.8,-6.8,-12.2
2019-03-10,920,556,714638.0,858,62,5.4,3.0,0.6,61.2,34.4,8.0,63.0,,30.0,100.0,88.0,75.0,3.9,0.5,-2.8
2019-03-11,2682,1220,1629419.0,2600,82,2.3,0.0,-2.3,46.7,33.8,19.3,63.0,1018.3,10.0,81.0,67.6,60.0,0.0,-4.2,-6.1
2019-03-12,3323,1361,2246034.0,3196,127,2.9,0.1,-2.7,29.0,20.8,12.9,46.0,1026.0,0.0,81.0,63.8,45.0,-2.2,-6.1,-7.8
2019-03-13,3307,1342,2655818.0,3228,79,4.0,0.7,-2.6,29.0,17.9,0.0,,1021.4,0.0,93.0,79.6,69.0,1.1,-1.9,-5.0
2019-03-14,3208,1327,2163818.0,3080,128,8.9,5.2,1.5,38.6,22.0,3.2,48.0,1011.2,0.0,93.0,85.1,76.0,6.1,2.8,0.0
2019-03-15,3522,1437,3099914.0,3317,205,9.9,4.9,-0.2,41.8,26.4,3.2,59.0,1003.3,0.0,100.0,86.0,75.0,7.8,2.8,-2.2
2019-03-16,1813,917,1177178.0,1672,141,1.6,-1.5,-4.6,40.2,29.6,14.5,61.0,1017.2,0.0,80.0,62.5,48.0,-2.8,-6.7,-7.8
2019-03-17,1849,990,1828974.0,1616,233,2.5,-2.2,-6.9,29.0,19.5,8.0,46.0,1024.1,0.0,64.0,53.6,38.0,-7.2,-9.6,-12.2
2019-03-18,3762,1499,2630852.0,3558,204,3.3,-0.3,-3.8,29.0,18.3,4.8,48.0,1025.2,0.0,75.0,56.1,36.0,-2.8,-6.9,-11.1
2019-03-19,4010,1497,2864567.0,3805,205,7.3,0.9,-5.5,19.3,8.4,0.0,37.0,1028.2,10.0,93.0,82.8,65.0,0.0,-2.1,-5.0
2019-03-20,4836,1712,3688302.0,4596,240,9.7,4.6,-0.5,19.3,10.6,0.0,41.0,1022.4,,93.0,77.7,53.0,2.2,-0.2,-2.2
2019-03-21,4439,1597,3914875.0,4239,200,7.9,5.4,2.9,22.5,10.5,0.0,37.0,1012.8,,93.0,86.5,70.0,2.2,1.9,1.1
2019-03-22,3425,1420,2263736.0,3302,123,3.6,-0.4,-4.3,49.9,25.1,11.3,80.0,1006.9,,87.0,72.4,55.0,1.1,-1.9,-10.0
2019-03-23,2565,1275,3041622.0,2039,526,5.1,-0.9,-6.9,37.0,24.9,16.1,71.0,1020.2,,70.0,49.3,31.0,-3.9,-10.2,-13.9
2019-03-24,2765,1304,3228434.0,2080,685,9.4,3.6,-2.2,27.4,22.5,12.9,42.0,1019.0,,81.0,71.5,54.0,2.2,-1.2,-2.8
2019-03-25,4189,1610,3011975.0,4031,158,3.8,-0.6,-5.0,22.5,14.3,4.8,41.0,1023.6,,75.0,48.9,33.0,-2.8,-10.1,-12.8
2019-03-26,4477,1658,3005260.0,4228,249,4.6,0.2,-4.2,19.3,12.1,0.0,35.0,1029.5,,65.0,45.6,26.0,-5.0,-10.7,-16.1
2019-03-27,4987,1765,4073177.0,4629,358,7.9,1.9,-4.1,22.5,12.2,0.0,32.0,1029.0,,81.0,61.2,34.0,-1.1,-5.1,-8.9
2019-03-28,4364,1606,3143585.0,4167,197,12.5,5.3,-2.0,25.7,9.7,0.0,48.0,1017.9,,93.0,78.9,62.0,2.8,0.8,-2.8
2019-03-29,5605,1922,4603685.0,4981,624,12.0,7.5,3.0,24.1,12.7,0.0,35.0,1018.5,,81.0,61.9,43.0,1.1,-0.8,-3.9
2019-03-30,949,591,1150070.0,867,82,4.4,2.3,0.2,41.8,22.5,0.0,41.0,1009.4,20.0,100.0,88.1,57.0,5.0,1.2,-2.8
2019-03-31,1065,592,632172.0,983,82,2.1,-0.9,-3.9,45.1,21.4,4.8,59.0,1012.5,30.0,93.0,84.9,60.0,1.1,-1.6,-7.8
2019-04-01,4219,1564,2802072.0,3976,243,3.3,-1.1,-5.5,35.4,22.7,12.9,41.0,1025.0,0.0,75.0,60.0,38.0,-2.8,-7.1,-12.2
2019-04-02,5007,1749,4505517.0,4640,367,9.4,4.7,0.0,20.9,14.6,8.0,42.0,1019.8,0.0,75.0,66.6,53.0,0.0,-2.1,-3.9
2019-04-03,4762,1712,3675708.0,4572,190,6.7,3.5,0.2,61.2,33.8,3.2,80.0,1017.3,,81.0,56.2,31.0,1.1,-3.6,-8.9
2019-04-04,5129,1752,3811881.0,4824,305,5.6,1.8,-2.0,24.1,13.7,4.8,32.0,1031.5,,70.0,51.6,36.0,-2.8,-7.3,-11.1
2019-04-05,4132,1603,4688575.0,3890,242,4.0,2.0,-0.1,37.0,20.0,0.0,37.0,1024.6,,100.0,82.8,56.0,2.8,-0.3,-6.1
2019-04-06,5366,1900,7016223.0,3447,1919,14.0,8.8,3.6,16.1,8.9,3.2,,1022.5,,100.0,87.4,62.0,5.0,3.3,2.2
2019-04-07,4001,1558,5371355.0,2637,1364,12.8,9.5,6.1,41.8,26.6,0.0,45.0,1019.6,,87.0,78.3,71.0,3.9,3.3,2.8
2019-04-08,5891,1997,5911976.0,5088,803,14.8,10.1,5.3,38.6,18.5,0.0,61.0,1007.6,,100.0,89.2,67.0,11.1,5.1,3.9
2019-04-09,5384,1827,3799214.0,4981,403,9.9,6.4,2.8,49.9,22.9,3.2,74.0,1004.9,,93.0,79.4,62.0,6.1,3.2,0.0
2019-04-10,5449,1910,3973285.0,5143,306,8.2,4.1,0.0,22.5,15.8,8.0,41.0,1015.7,,81.0,68.3,42.0,1.1,-2.4,-7.8
2019-04-11,4140,1654,2733736.0,3986,154,4.1,1.6,-0.9,46.7,34.6,19.3,45.0,1022.9,0.0,87.0,75.6,52.0,-1.1,-2.8,-7.2
2019-04-12,5236,1873,4893410.0,4700,536,13.9,9.0,4.1,46.7,24.0,0.0,46.0,1011.6,,94.0,82.5,62.0,8.9,4.4,-1.1
2019-04-13,6522,2044,7368905.0,4177,2345,16.4,9.7,3.0,48.3,20.6,3.2,67.0,1015.4,,87.0,64.8,41.0,5.0,1.8,-2.8
2019-04-14,1052,628,2406093.0,925,127,4.0,2.8,1.6,53.1,33.3,3.2,46.0,1010.0,,93.0,84.5,53.0,3.9,1.6,-3.9
2019-04-15,4444,1668,4391534.0,4127,317,8.8,4.9,1.0,45.1,19.6,3.2,67.0,1003.0,,93.0,80.2,34.0,2.8,0.3,-7.2
2019-04-16,5056,1758,3354482.0,4765,291,8.6,3.4,-1.8,24.1,10.3,0.0,35.0,1018.2,,100.0,77.2,52.0,3.9,-0.1,-6.1
2019-04-17,6465,2035,4856696.0,5812,653,14.3,7.4,0.5,38.6,18.2,0.0,52.0,1018.8,,100.0,80.7,57.0,5.0,1.7,-1.1
2019-04-18,6387,2035,5000204.0,5733,654,21.8,13.9,6.0,33.8,14.8,0.0,58.0,1004.7,,100.0,82.7,71.0,12.8,7.4,2.2
2019-04-19,1325,788,1199980.0,1124,201,13.1,8.9,4.7,32.2,12.9,0.0,48.0,1003.3,,100.0,92.7,81.0,12.2,8.3,3.9
2019-04-20,1420,824,1185228.0,1194,226,8.6,6.7,4.7,33.8,17.4,4.8,37.0,1006.4,,100.0,91.4,87.0,7.2,4.8,3.9
2019-04-21,4282,1694,5501868.0,2413,1869,12.8,9.4,6.0,14.5,8.2,0.0,,1015.7,,100.0,95.5,87.0,7.8,6.3,5.0
2019-04-22,6839,2137,7799545.0,5068,1771,16.0,10.7,5.4,12.9,6.0,0.0,,1022.6,,100.0,92.3,67.0,7.8,5.8,3.9
2019-04-23,6050,2022,4798264.0,5520,530,14.8,10.4,6.0,49.9,21.9,0.0,63.0,1011.3,,94.0,86.4,76.0,11.1,6.4,2.8
2019-04-24,6915,2148,6221317.0,6007,908,13.5,8.7,3.9,29.0,18.8,8.0,54.0,1012.9,,81.0,70.3,58.0,3.9,2.0,0.0
2019-04-25,7065,2117,6536947.0,6093,972,12.9,7.6,2.2,25.7,17.4,3.2,,1012.2,,93.0,80.3,76.0,5.0,3.7,2.2
2019-04-26,3484,1420,2298283.0,3195,289,13.0,8.1,3.1,56.3,30.1,8.0,74.0,996.2,,100.0,86.4,66.0,10.0,6.5,0.0
2019-04-27,3528,1485,2877504.0,2915,613,8.0,4.5,1.0,53.1,34.1,12.9,72.0,1005.5,,70.0,64.0,57.0,1.1,-1.7,-3.9
2019-04-28,5185,1804,8010956.0,3456,1729,10.5,6.1,1.7,27.4,15.8,9.7,54.0,1019.2,,76.0,48.6,25.0,2.2,-4.6,-10.0
2019-04-29,4383,1739,3148915.0,4049,334,7.0,3.2,-0.6,41.8,27.2,0.0,48.0,1026.8,,87.0,67.2,39.0,2.2,-1.5,-7.8
2019-04-30,6033,2014,4453330.0,5474,559,9.7,6.4,3.0,32.2,12.9,3.2,33.0,1026.2,,81.0,70.3,54.0,2.8,1.9,0.0
2019-05-01,2980,1295,1919206.0,2830,150,8.4,6.7,4.9,49.9,33.8,4.8,54.0,1021.6,,100.0,91.1,76.0,6.1,4.8,2.8
2019-05-02,5631,1892,4430391.0,5148,483,10.3,7.5,4.7,32.2,17.1,9.7,,1020.6,,100.0,95.6,87.0,6.1,4.6,3.9
2019-05-03,4425,1670,3403816.0,3947,478,11.9,8.8,5.7,29.0,13.8,0.0,,1017.1,,100.0,93.8,87.0,7.8,5.6,5.0
2019-05-04,4589,1748,4995450.0,3195,1394,12.7,9.6,6.5,12.9,8.9,3.2,,1015.1,,100.0,94.1,82.0,8.9,7.6,6.1
2019-05-05,8679,2226,12339642.0,4583,4096,16.7,10.8,4.9,11.3,4.3,0.0,,1012.2,,100.0,88.4,67.0,8.9,7.0,5.0
2019-05-06,7565,2250,6851444.0,6436,1129,23.4,15.2,6.9,24.1,10.5,0.0,52.0,1014.2,,93.0,74.8,60.0,11.1,8.3,5.0
2019-05-07,7039,2019,5558437.0,6300,739,14.7,9.7,4.7,24.1,13.5,8.0,59.0,1021.9,,93.0,70.8,33.0,7.8,4.6,-2.8
2019-05-08,7447,2197,5945096.0,6585,862,11.6,7.2,2.8,35.4,25.6,19.3,54.0,1027.4,,62.0,56.1,50.0,1.1,-0.3,-1.1
2019-05-09,4878,1826,3434100.0,4468,410,16.0,12.0,8.0,48.3,15.0,0.0,67.0,1015.4,,100.0,86.4,57.0,13.9,8.9,0.0
2019-05-10,6178,2003,5811517.0,5431,747,16.8,9.9,2.9,37.0,13.2,0.0,50.0,1012.6,,100.0,88.3,57.0,13.9,10.0,1.1
2019-05-11,6654,2044,9208331.0,4123,2531,12.7,6.9,1.1,16.1,10.9,3.2,41.0,1020.4,,87.0,69.1,50.0,3.9,2.2,0.0
2019-05-12,2322,1168,1917552.0,1875,447,9.6,7.1,4.6,48.3,38.1,16.1,65.0,1014.1,,100.0,87.2,50.0,6.1,4.6,1.1
2019-05-13,2313,1146,1536459.0,2218,95,8.0,6.0,5.0,40.2,21.2,0.0,52.0,1008.6,,100.0,97.3,93.0,7.2,5.9,3.9
2019-05-14,6480,2030,5925332.0,5862,618,15.6,11.0,6.3,20.9,8.7,0.0,35.0,1012.4,,100.0,89.2,39.0,7.2,5.9,2.2
2019-05-15,7133,2157,5991305.0,6146,987,20.1,12.6,5.1,29.0,8.5,0.0,41.0,1010.9,,100.0,82.1,40.0,22.2,9.5,5.0
2019-05-16,7353,2168,5973894.0,6421,932,14.6,11.0,7.4,22.5,12.1,3.2,39.0,1011.2,,94.0,80.0,71.0,8.9,7.1,5.0
2019-05-17,8592,2316,8390778.0,6588,2004,18.6,13.6,8.6,24.1,9.3,0.0,39.0,1008.4,,100.0,74.3,45.0,10.0,7.3,2.8
2019-05-18,6396,2015,7583098.0,3597,2799,15.7,10.9,6.0,32.2,18.8,8.0,37.0,1016.2,,81.0,64.7,47.0,5.0,3.9,0.0
2019-05-19,8106,2147,11545469.0,3704,4402,21.6,15.4,9.1,33.8,15.4,3.2,50.0,1009.3,,100.0,86.0,58.0,13.9,9.0,2.2
2019-05-20,6476,1930,8470394.0,3191,3285,18.3,11.9,5.5,41.8,18.7,3.2,59.0,1009.0,,100.0,84.3,55.0,12.8,9.1,3.9
2019-05-21,9379,2409,8217945.0,7533,1846,18.5,11.6,4.7,20.9,13.7,4.8,45.0,1019.8,,81.0,55.0,32.0,6.1,3.7,2.2
2019-05-22,7378,2166,5840572.0,6433,945,15.2,11.3,7.3,33.8,18.2,0.0,52.0,1021.9,,87.0,68.3,48.0,7.2,4.7,2.8
2019-05-23,8604,2335,7655325.0,7313,1291,26.6,17.2,7.8,57.9,13.8,0.0,80.0,1012.8,,100.0,71.0,0.0,13.9,3.3,-17.8
2019-05-24,9508,2420,8986404.0,7466,2042,21.4,16.6,11.8,27.4,13.0,0.0,42.0,1018.1,,88.0,39.6,0.0,12.2,-2.9,-17.8
2019-05-25,4135,1627,4255332.0,2903,1232,20.1,15.5,10.8,27.4,14.5,0.0,52.0,1014.5,,100.0,94.6,82.0,17.8,12.6,8.9
2019-05-26,11501,2465,16791577.0,5489,6012,23.1,17.8,12.4,19.3,10.0,0.0,33.0,1013.6,,100.0,78.9,43.0,13.9,11.6,6.1
2019-05-27,10113,2525,9814397.0,7651,2462,23.1,16.7,10.2,22.5,8.2,0.0,39.0,1016.1,,88.0,67.2,49.0,11.1,9.4,7.8
2019-05-28,5926,1838,5012829.0,5213,713,13.0,11.3,9.5,49.9,30.7,3.2,68.0,1008.2,,94.0,88.6,76.0,12.2,9.1,7.2
2019-05-29,8036,2155,10343249.0,6952,1084,15.7,13.1,10.5,9.7,6.0,3.2,35.0,1008.0,,94.0,91.0,82.0,10.0,9.1,8.9
2019-05-30,9200,2314,8139313.0,7711,1489,21.8,16.3,10.8,16.1,8.5,0.0,41.0,1005.7,,100.0,92.5,64.0,15.0,11.6,8.9
2019-05-31,9600,2397,8655146.0,7320,2280,18.2,13.8,9.3,22.5,15.0,0.0,35.0,1009.0,,82.0,68.8,51.0,12.2,7.2,2.8
2019-06-01,7496,2149,7819704.0,4593,2903,20.6,16.0,11.3,27.4,11.3,0.0,41.0,1007.2,,88.0,33.7,0.0,11.1,-6.6,-17.8
2019-06-02,8858,2251,13772154.0,4874,3984,20.3,14.0,7.6,40.2,16.4,4.8,63.0,1007.3,,0.0,0.0,0.0,-17.8,-17.8,-17.8
2019-06-03,8740,2359,7448335.0,7180,1560,16.8,11.6,6.3,33.8,23.7,11.3,54.0,1015.3,,0.0,0.0,0.0,-17.8,-17.8,-17.8
2019-06-04,8084,2245,11475212.0,7196,888,17.9,12.2,6.4,29.0,11.7,3.2,35.0,1015.7,,0.0,0.0,0.0,-17.8,-17.8,-17.8
2019-06-05,4772,1766,3659353.0,4337,435,17.6,14.6,11.5,27.4,15.1,3.2,33.0,1007.5,,100.0,70.5,0.0,13.9,4.2,-17.8
2019-06-06,10154,2511,10031609.0,8117,2037,22.8,18.7,14.5,19.3,7.4,0.0,41.0,1011.0,,100.0,86.2,43.0,15.0,12.8,6.1
2019-06-07,11054,2583,13454861.0,8352,2702,26.0,19.0,12.0,16.1,6.8,0.0,39.0,1015.5,,88.0,65.5,43.0,12.2,10.4,8.9
2019-06-08,12579,2558,18847255.0,6021,6558,23.8,18.4,13.0,29.0,23.0,14.5,54.0,1021.4,,77.0,49.5,30.0,8.9,6.1,2.2
2019-06-09,10151,2327,14584019.0,4973,5178,26.2,19.7,13.2,29.0,24.8,19.3,45.0,1021.3,,68.0,58.3,42.0,12.2,8.8,3.9
2019-06-10,3936,1613,3014068.0,3321,615,19.0,15.7,12.4,33.8,19.5,4.8,58.0,1013.1,,100.0,92.1,56.0,15.0,12.7,10.0
2019-06-11,10717,2620,10967038.0,8631,2086,22.6,16.5,10.3,35.4,19.2,0.0,50.0,1018.1,,82.0,57.5,30.0,10.0,7.6,1.1
2019-06-12,10617,2574,10115455.0,8612,2005,21.9,16.0,10.0,27.4,14.5,0.0,45.0,1017.5,,88.0,72.7,55.0,12.2,8.9,7.2
2019-06-13,4702,1793,4911027.0,4078,624,16.6,14.6,12.6,24.1,13.2,0.0,41.0,1005.2,,100.0,92.3,68.0,13.9,12.6,8.9
2019-06-14,11303,2644,11813934.0,8493,2810,22.8,16.8,10.8,46.7,23.8,4.8,59.0,1010.2,,82.0,63.3,41.0,10.0,8.7,7.2
2019-06-15,7410,2200,7747203.0,4736,2674,20.5,17.2,13.9,33.8,11.6,0.0,58.0,1010.8,,100.0,91.4,77.0,16.1,13.2,10.0
2019-06-16,8862,2250,11121813.0,4709,4153,20.1,15.5,10.8,16.1,7.9,0.0,37.0,1012.0,,100.0,74.0,0.0,13.9,8.4,-17.8
2019-06-17,12195,2779,16185481.0,8654,3541,22.2,17.8,13.3,20.9,10.1,0.0,39.0,1015.7,,88.0,78.4,68.0,12.2,11.5,11.1
2019-06-18,11552,2608,13051028.0,8929,2623,24.4,20.3,16.1,14.5,5.8,0.0,35.0,1013.5,,94.0,50.4,0.0,13.9,1.1,-17.8
2019-06-19,11657,2662,12974738.0,9172,2485,25.3,20.8,16.3,14.5,7.2,0.0,33.0,1008.4,,82.0,46.1,0.0,16.1,2.3,-17.8
2019-06-20,5856,1903,4907614.0,4904,952,21.7,18.9,16.0,22.5,11.6,0.0,37.0,1002.9,,94.0,84.1,73.0,17.8,16.4,12.8
2019-06-21,11716,2606,11899360.0,8610,3106,23.0,18.8,14.5,24.1,17.2,4.8,41.0,1010.3,,88.0,63.1,44.0,15.0,12.1,7.8
2019-06-22,12507,2543,17221666.0,5939,6568,24.3,18.6,12.9,29.0,12.6,4.8,39.0,1018.0,,73.0,53.3,38.0,12.8,9.6,7.8
2019-06-23,11390,2499,15715213.0,5475,5915,25.7,19.3,12.9,19.3,11.1,0.0,45.0,1016.7,,82.0,62.3,41.0,12.8,10.9,10.0
2019-06-24,10238,2522,9805575.0,7925,2313,25.9,20.3,14.6,27.4,18.7,0.0,39.0,1008.3,,94.0,80.2,68.0,16.1,14.0,12.2
2019-06-25,11552,2602,16569777.0,9013,2539,25.4,21.3,17.2,35.4,8.4,0.0,50.0,1008.0,,100.0,89.1,57.0,17.2,15.7,13.9
2019-06-26,10936,2565,10269049.0,8560,2376,29.1,23.7,18.3,38.6,12.9,0.0,48.0,1014.3,,88.0,71.7,42.0,17.8,15.4,12.8
2019-06-27,11672,2583,11373352.0,9052,2620,29.1,23.0,16.8,12.9,6.6,0.0,45.0,1020.4,,94.0,69.9,42.0,17.2,15.3,12.8
2019-06-28,9087,2414,8624869.0,6888,2199,29.6,23.4,17.2,27.4,5.6,0.0,61.0,1020.3,,100.0,82.9,61.0,20.0,18.2,15.0
2019-06-29,10316,2435,14213199.0,4706,5610,29.1,23.4,17.7,25.7,7.2,0.0,45.0,1015.7,,100.0,89.9,50.0,20.0,18.9,13.9
2019-06-30,11809,2535,18984754.0,4496,7313,23.6,19.7,15.7,24.1,13.7,0.0,45.0,1014.2,,88.0,67.0,44.0,17.2,13.7,11.1
2019-07-01,13412,2630,23944282.0,4887,8525,27.3,20.8,14.3,20.9,7.9,0.0,41.0,1014.8,,88.0,70.7,57.0,17.8,14.5,12.2
2019-07-02,10421,2635,10725868.0,8131,2290,26.4,23.3,20.2,19.3,7.9,0.0,,1010.1,,100.0,83.8,69.0,20.0,18.2,16.1
2019-07-03,12331,2733,11827042.0,9418,2913,28.9,23.9,18.8,14.5,6.0,0.0,39.0,1012.0,,100.0,83.2,58.0,20.0,19.0,17.2
2019-07-04,12750,2766,12667672.0,9539,3211,29.3,23.7,18.1,20.9,13.5,0.0,39.0,1016.3,,83.0,72.4,64.0,18.9,17.5,15.0
2019-07-05,12401,2752,12428598.0,8719,3682,31.0,26.1,21.2,12.9,7.7,3.2,45.0,1015.7,,94.0,83.4,74.0,23.9,21.6,18.9
2019-07-06,9878,2422,12498558.0,5209,4669,31.0,26.5,21.9,24.1,8.0,0.0,46.0,1013.1,,100.0,87.4,74.0,22.8,22.0,18.9
2019-07-07,12293,2574,17813517.0,6090,6203,23.6,20.1,16.5,29.0,12.9,0.0,45.0,1016.5,,83.0,63.5,53.0,18.9,13.6,11.1
2019-07-08,12007,2805,13058297.0,9022,2985,25.3,20.2,15.0,11.3,6.9,0.0,41.0,1017.0,,77.0,61.5,43.0,16.1,12.6,7.8
2019-07-09,13035,2903,12231235.0,9905,3130,26.9,21.4,15.8,12.9,4.8,0.0,37.0,1018.1,,88.0,64.6,44.0,17.2,13.6,8.9
2019-07-10,13709,2967,13360121.0,10380,3329,29.3,22.3,15.3,19.3,10.0,0.0,39.0,1014.8,,94.0,76.2,57.0,20.0,17.3,13.9
2019-07-11,12429,2874,12474934.0,9714,2715,31.0,23.8,16.5,29.0,15.4,0.0,45.0,1008.4,,94.0,81.6,54.0,22.8,20.1,12.8
2019-07-12,13318,2946,13093576.0,9773,3545,24.4,20.5,16.6,22.5,13.8,4.8,33.0,1010.8,,88.0,75.2,61.0,17.2,15.7,13.9
2019-07-13,11396,2796,15685957.0,5878,5518,31.2,23.3,15.4,32.2,12.9,3.2,50.0,1012.2,,100.0,87.8,65.0,22.2,19.3,15.0
2019-07-14,13627,2826,19174711.0,6624,7003,27.2,22.1,16.9,25.7,12.9,0.0,37.0,1017.1,,78.0,60.6,42.0,17.8,14.0,8.9
2019-07-15,12410,2958,12232967.0,9419,2991,26.9,21.2,15.4,12.9,7.6,0.0,41.0,1018.4,,83.0,71.2,57.0,18.9,15.8,12.8
2019-07-16,11933,2925,11296080.0,9523,2410,31.8,25.2,18.6,32.2,12.6,0.0,59.0,1014.1,,100.0,82.3,51.0,22.2,19.0,16.1
2019-07-17,8365,2370,7820536.0,6509,1856,28.3,25.1,21.8,14.5,7.4,0.0,39.0,1011.9,,100.0,98.5,83.0,22.8,21.4,18.9
2019-07-18,13515,3054,20285183.0,10415,3100,29.0,25.2,21.4,22.5,13.8,0.0,41.0,1012.7,,100.0,94.0,83.0,22.2,21.3,18.9
2019-07-19,11709,2832,10454502.0,8982,2727,30.7,26.5,22.3,25.7,13.0,4.8,41.0,1009.0,,100.0,90.2,78.0,23.9,22.8,21.1
2019-07-20,10289,2618,14158716.0,5621,4668,33.0,27.6,22.2,41.8,15.8,4.8,71.0,1008.9,,100.0,85.7,52.0,22.8,21.8,18.9
2019-07-21,12441,2799,16713403.0,6121,6320,29.1,24.7,20.2,24.1,12.6,0.0,37.0,1010.9,,100.0,68.9,42.0,22.2,16.2,12.2
2019-07-22,11168,2836,9738316.0,8660,2508,23.8,20.7,17.5,19.3,9.3,3.2,39.0,1011.9,,88.0,80.8,57.0,18.9,16.2,12.8
2019-07-23,13696,3049,12821722.0,10577,3119,25.9,20.6,15.3,20.9,12.2,3.2,37.0,1013.3,,83.0,59.6,34.0,17.2,12.4,7.8
2019-07-24,14297,3102,14914144.0,10756,3541,26.2,21.0,15.7,20.9,14.0,4.8,37.0,1016.9,,78.0,59.5,34.0,16.1,12.8,7.8
2019-07-25,13279,3121,12683422.0,10164,3115,28.6,22.5,16.3,27.4,11.6,0.0,41.0,1020.0,,88.0,73.0,64.0,17.8,15.8,12.8
2019-07-26,14214,3157,15700988.0,10030,4184,29.2,23.3,17.3,20.9,7.6,0.0,54.0,1023.1,,94.0,77.7,51.0,20.0,17.4,15.0
2019-07-27,13135,2984,18374776.0,6404,6731,30.1,24.3,18.5,20.9,9.3,0.0,58.0,1020.5,,88.0,80.2,69.0,21.1,18.1,16.1
2019-07-28,11925,2808,15576316.0,6107,5818,30.9,26.4,21.8,25.7,10.3,0.0,39.0,1015.3,,94.0,83.3,69.0,20.0,18.2,17.2
2019-07-29,12703,3070,12329310.0,9635,3068,31.9,26.4,20.9,25.7,10.1,0.0,59.0,1012.4,,100.0,85.9,65.0,21.1,18.0,16.1
2019-07-30,9982,2626,9170164.0,7537,2445,29.3,24.4,19.5,14.5,5.8,0.0,37.0,1012.7,,100.0,96.8,58.0,21.1,18.5,16.1
2019-07-31,14168,3091,16346972.0,10674,3494,27.2,21.8,16.3,20.9,11.9,3.2,33.0,1018.2,,78.0,66.3,50.0,17.2,14.7,12.8
2019-08-01,14225,3070,15278997.0,10543,3682,26.0,20.8,15.6,19.3,10.8,3.2,39.0,1021.1,,88.0,60.1,49.0,17.2,13.1,8.9
2019-08-02,13208,2981,13834615.0,9136,4072,27.1,21.5,15.8,12.9,5.6,0.0,39.0,1020.1,,88.0,66.4,47.0,17.2,14.2,12.2
2019-08-03,12474,2921,20529633.0,5707,6767,28.9,22.8,16.7,14.5,6.9,0.0,41.0,1016.2,,83.0,64.7,54.0,17.8,15.2,12.2
2019-08-04,13668,2883,21556524.0,5467,8201,25.7,22.3,18.9,20.9,11.6,3.2,41.0,1016.0,,78.0,62.3,38.0,18.9,14.6,7.2
2019-08-05,12843,2877,18255675.0,5549,7294,28.8,22.3,15.8,12.9,5.8,0.0,46.0,1013.8,,88.0,69.5,40.0,20.0,16.5,7.2
2019-08-06,10284,2866,9064754.0,8378,1906,27.9,24.0,20.1,35.4,7.2,0.0,55.0,1007.7,,100.0,89.3,73.0,22.2,20.3,18.9
2019-08-07,17578,3342,19184866.0,10495,7083,27.9,22.6,17.2,12.9,8.9,3.2,39.0,1007.5,,94.0,82.5,61.0,21.1,20.0,16.1
2019-08-08,12916,3039,12334353.0,9949,2967,27.0,21.8,16.5,35.4,17.5,3.2,58.0,1004.9,,88.0,73.7,47.0,20.0,17.3,12.2
2019-08-09,13647,3090,14411529.0,9751,3896,25.9,20.1,14.3,32.2,21.9,12.9,59.0,1008.6,,77.0,56.0,39.0,15.0,12.2,10.0
2019-08-10,13775,2993,17762476.0,6576,7199,25.6,19.9,14.1,33.8,17.1,8.0,52.0,1012.7,,77.0,55.2,36.0,13.9,11.0,8.9
2019-08-11,13580,2979,19611671.0,6551,7029,28.9,21.6,14.2,24.1,13.4,4.8,35.0,1015.9,,88.0,75.5,61.0,17.8,14.6,11.1
2019-08-12,11473,2957,23273991.0,8447,3026,29.5,24.3,19.1,32.2,9.2,3.2,45.0,1011.8,,94.0,83.4,61.0,20.0,17.4,16.1
2019-08-13,14330,3178,14168898.0,10811,3519,28.1,23.5,18.8,16.1,8.2,0.0,37.0,1009.0,,94.0,71.5,41.0,18.9,16.9,11.1
2019-08-14,21243,3525,23987943.0,11029,10214,25.9,21.2,16.5,27.4,14.0,3.2,39.0,1013.6,,73.0,56.2,43.0,16.1,12.4,8.9
2019-08-15,13216,3047,11480580.0,9973,3243,23.8,19.6,15.3,27.4,21.2,3.2,41.0,1016.1,,78.0,62.1,52.0,16.1,12.2,8.9
2019-08-16,13953,3132,15136089.0,9823,4130,25.6,20.8,16.0,19.3,10.5,0.0,41.0,1014.5,,100.0,78.5,64.0,18.9,16.1,12.8
2019-08-17,9032,2601,14890426.0,4828,4204,28.3,23.2,18.1,27.4,6.3,0.0,50.0,1012.8,,100.0,95.2,65.0,21.1,19.1,16.1
2019-08-18,10409,2627,12896054.0,5475,4934,27.2,22.9,18.5,19.3,8.9,0.0,50.0,1012.6,,100.0,94.0,78.0,22.2,20.0,17.8
2019-08-19,13127,3026,15688421.0,9812,3315,27.7,22.9,18.0,24.1,15.1,0.0,41.0,1014.4,,100.0,78.8,42.0,20.0,17.7,12.2
2019-08-20,13321,3043,14213585.0,10403,2918,27.4,22.2,17.0,20.9,10.9,0.0,41.0,1017.1,,94.0,83.5,68.0,21.1,18.2,13.9
2019-08-21,18142,3341,18642993.0,10203,7939,30.4,24.9,19.4,29.0,15.0,8.0,42.0,1010.8,,94.0,84.2,54.0,22.2,20.2,17.8
2019-08-22,13943,3050,13982687.0,10300,3643,24.6,20.1,15.6,20.9,14.3,8.0,42.0,1013.4,,73.0,53.8,38.0,17.2,11.1,8.9
2019-08-23,13090,2953,12300756.0,9594,3496,23.6,18.8,13.9,24.1,13.4,8.0,41.0,1019.7,,77.0,61.3,33.0,12.8,11.2,6.1
2019-08-24,12799,2903,18583082.0,6223,6576,22.3,17.3,12.2,19.3,9.0,0.0,50.0,1025.3,,82.0,64.6,55.0,13.9,11.4,7.8
2019-08-25,12190,2770,18265424.0,5935,6255,23.6,18.9,14.2,27.4,17.7,0.0,45.0,1025.0,,88.0,79.6,69.0,17.8,16.2,13.9
2019-08-26,12825,3046,13313055.0,9473,3352,24.1,20.2,16.2,33.8,18.0,8.0,52.0,1020.0,,88.0,75.4,64.0,17.2,16.4,15.0
2019-08-27,8156,2339,8356022.0,6918,1238,21.9,20.0,18.1,24.1,13.5,3.2,52.0,1011.1,,100.0,91.7,73.0,21.1,18.9,15.0
2019-08-28,19027,3290,19061888.0,10294,8733,27.1,21.9,16.6,27.4,12.6,0.0,42.0,1009.3,,100.0,81.7,47.0,21.1,17.8,12.2
2019-08-29,13702,3045,14924105.0,10139,3563,25.5,20.3,15.1,29.0,20.6,11.3,52.0,1012.2,,83.0,67.0,46.0,17.8,13.9,10.0
2019-08-30,13003,2910,13550230.0,9354,3649,24.8,19.9,15.0,38.6,22.5,3.2,58.0,1014.6,,88.0,57.4,36.0,18.9,12.0,7.2
2019-08-31,12216,2740,16021967.0,5486,6730,23.1,17.8,12.5,16.1,9.2,0.0,37.0,1025.3,,72.0,64.1,53.0,12.2,10.9,8.9
2019-09-01,6608,2046,8279893.0,3409,3199,19.8,17.5,15.1,22.5,12.4,0.0,33.0,1023.0,,94.0,82.0,63.0,17.2,15.2,10.0
2019-09-02,11621,2648,16322063.0,5227,6394,24.7,20.3,15.9,20.9,11.1,8.0,35.0,1016.1,,94.0,81.1,61.0,17.8,16.2,13.9
2019-09-03,11551,2833,11471620.0,9416,2135,22.9,18.2,13.5,22.5,13.2,4.8,46.0,1014.6,,94.0,85.5,78.0,20.0,17.3,13.9
2019-09-04,12218,2931,10933268.0,10176,2042,21.1,16.9,12.6,32.2,19.2,8.0,55.0,1012.2,,100.0,74.9,56.0,20.0,15.1,10.0
2019-09-05,12644,2861,12575603.0,10341,2303,22.2,16.3,10.4,14.5,9.2,3.2,39.0,1019.8,,88.0,67.6,52.0,12.2,11.0,10.0
2019-09-06,10302,2706,9335264.0,8411,1891,21.1,16.8,12.4,27.4,14.6,3.2,41.0,1014.3,,88.0,78.0,68.0,16.1,13.6,11.1
2019-09-07,10565,2517,13418958.0,6390,4175,23.3,16.9,10.5,27.4,12.1,4.8,45.0,1012.6,,94.0,71.6,44.0,13.9,11.9,10.0
2019-09-08,9425,2380,11462758.0,5487,3938,18.1,13.8,9.4,20.9,12.6,4.8,39.0,1019.3,,88.0,68.5,52.0,12.2,9.7,6.1
2019-09-09,12030,2812,12541432.0,9400,2630,19.0,13.8,8.6,24.1,16.1,9.7,42.0,1026.0,,77.0,69.0,59.0,11.1,9.1,6.1
2019-09-10,12630,2763,10987774.0,10278,2352,23.5,17.6,11.7,22.5,14.2,4.8,39.0,1022.2,,94.0,79.3,68.0,20.0,15.4,10.0
2019-09-11,13183,2917,11439992.0,10316,2867,28.9,23.2,17.5,20.9,6.9,0.0,32.0,1018.3,,100.0,92.6,61.0,21.1,19.1,17.2
2019-09-12,12400,2783,10939400.0,9965,2435,19.8,16.6,13.3,37.0,22.4,11.3,45.0,1023.2,,94.0,79.1,59.0,17.2,12.7,10.0
2019-09-13,10842,2797,8901231.0,9068,1774,22.1,17.7,13.2,33.8,19.5,8.0,55.0,1022.2,,94.0,83.7,59.0,17.8,15.9,10.0
2019-09-14,11407,2763,13216382.0,6604,4803,22.6,18.0,13.4,35.4,23.5,8.0,52.0,1018.7,,94.0,68.9,43.0,18.9,13.4,8.9
2019-09-15,5325,1937,5298043.0,3810,1515,17.5,14.6,11.7,19.3,7.2,0.0,,1020.8,,94.0,82.6,68.0,15.0,13.2,10.0
2019-09-16,10622,2853,9752695.0,9206,1416,18.5,15.6,12.7,25.7,17.2,3.2,37.0,1019.9,,94.0,81.3,63.0,16.1,13.8,10.0
2019-09-17,12694,3046,11016308.0,10721,1973,22.9,16.9,10.9,11.3,4.5,0.0,37.0,1022.9,,94.0,77.6,56.0,15.0,13.1,10.0
2019-09-18,12839,3093,11624014.0,10788,2051,22.6,17.6,12.5,19.3,11.3,0.0,37.0,1024.4,,94.0,76.1,56.0,16.1,13.6,11.1
2019-09-19,12930,3071,12785483.0,10732,2198,23.4,19.3,15.1,20.9,11.6,4.8,41.0,1023.9,,94.0,78.2,60.0,16.1,14.4,12.8
2019-09-20,12931,3011,12793765.0,10281,2650,24.9,18.7,12.4,16.1,8.2,0.0,39.0,1022.0,,100.0,87.6,69.0,17.2,16.0,13.9
2019-09-21,12485,2814,15741523.0,6764,5721,26.9,21.8,16.7,24.1,11.6,3.2,41.0,1020.9,,100.0,85.5,73.0,18.9,17.8,17.2
2019-09-22,10375,2557,12506851.0,6114,4261,31.3,26.1,20.8,32.2,9.3,0.0,59.0,1014.7,,100.0,87.4,58.0,21.1,19.2,17.2
2019-09-23,11204,2809,9752901.0,9381,1823,25.2,20.1,14.9,41.8,24.3,12.9,52.0,1007.6,,88.0,72.1,50.0,18.9,16.3,12.2
2019-09-24,12640,2904,10390130.0,10785,1855,21.9,17.2,12.4,22.5,13.8,0.0,39.0,1011.5,,94.0,66.0,43.0,15.0,10.9,7.8
2019-09-25,12351,2975,10635831.0,10612,1739,27.2,19.7,12.2,35.4,16.3,0.0,68.0,1007.9,,94.0,80.5,64.0,18.9,15.8,12.8
2019-09-26,10397,2606,9237779.0,9101,1296,22.8,16.9,11.0,35.4,17.1,9.7,58.0,1008.3,,94.0,72.5,40.0,16.1,12.1,6.1
2019-09-27,11881,2920,11150684.0,10095,1786,22.7,15.8,8.9,19.3,6.8,0.0,58.0,1014.4,,94.0,76.4,60.0,16.1,12.5,8.9
2019-09-28,6538,2211,6761959.0,4722,1816,20.7,16.4,12.0,27.4,12.2,0.0,35.0,1015.7,,100.0,89.7,72.0,17.8,16.2,12.2
2019-09-29,7545,2332,9674893.0,5239,2306,14.2,11.8,9.3,32.2,21.4,8.0,52.0,1028.5,,88.0,71.7,59.0,12.2,8.3,6.1
2019-09-30,10539,2809,9892091.0,9174,1365,17.9,14.9,11.9,37.0,24.6,8.0,42.0,1022.6,,94.0,80.0,63.0,15.0,11.7,7.8
2019-10-01,8951,2723,7044384.0,7970,981,31.8,23.1,14.4,41.8,15.1,0.0,55.0,1012.6,,100.0,91.9,78.0,22.2,18.7,15.0
2019-10-02,7548,2343,5383468.0,7009,539,19.4,14.3,9.1,32.2,15.3,3.2,50.0,1014.0,,100.0,90.8,67.0,18.9,14.6,5.0
2019-10-03,6330,2246,16520964.0,5912,418,12.0,10.2,8.4,41.8,18.0,0.0,50.0,1016.8,,100.0,91.5,71.0,12.2,10.5,6.1
2019-10-04,9642,2785,8473287.0,8435,1207,11.5,8.0,4.4,22.5,13.0,4.8,41.0,1025.4,,94.0,72.7,54.0,11.1,5.3,2.8
2019-10-05,7685,2474,8386187.0,5370,2315,13.2,8.8,4.4,37.0,23.3,9.7,54.0,1026.7,,82.0,70.5,63.0,10.0,6.4,3.9
2019-10-06,7039,2263,6877523.0,4989,2050,20.9,16.6,12.2,27.4,17.1,9.7,46.0,1016.1,,94.0,78.1,55.0,16.1,12.7,7.8
2019-10-07,10434,2860,8477755.0,9118,1316,17.9,12.7,7.4,33.8,15.9,3.2,39.0,1018.8,,77.0,65.8,45.0,12.8,9.0,3.9
2019-10-08,11050,2882,12509578.0,9798,1252,17.6,12.3,7.0,16.1,10.0,0.0,39.0,1026.0,,88.0,71.7,48.0,11.1,7.7,5.0
2019-10-09,10697,2855,8706016.0,9490,1207,17.5,11.1,4.7,29.0,20.3,8.0,42.0,1026.9,,88.0,76.7,63.0,12.2,9.9,7.8
2019-10-10,10698,2881,11601772.0,9515,1183,16.8,12.0,7.1,35.4,21.1,11.3,50.0,1026.0,,88.0,77.6,63.0,12.2,10.2,8.9
2019-10-11,10349,2825,8903604.0,8651,1698,19.5,13.9,8.3,37.0,25.1,12.9,46.0,1021.0,,94.0,76.3,59.0,12.8,11.1,7.8
2019-10-12,6347,2278,8558840.0,4214,2133,15.6,10.0,4.3,37.0,18.3,8.0,42.0,1013.9,,94.0,79.0,47.0,12.2,9.1,2.2
2019-10-13,6444,2171,8736520.0,3719,2725,16.8,10.7,4.6,38.6,20.6,0.0,59.0,1012.8,,93.0,65.2,42.0,10.0,6.1,2.2
2019-10-14,5315,2099,6718534.0,3442,1873,12.4,8.6,4.7,37.0,23.7,12.9,45.0,1014.4,,66.0,55.1,41.0,3.9,1.2,-2.2
2019-10-15,9869,2843,9074200.0,8670,1199,14.5,8.6,2.6,27.4,14.8,3.2,45.0,1017.5,,82.0,67.4,54.0,10.0,4.9,2.2
2019-10-16,5794,1973,4630728.0,5351,443,13.7,10.0,6.3,37.0,17.7,8.0,42.0,1001.2,,100.0,86.1,71.0,12.8,10.2,5.0
2019-10-17,7795,2308,5514034.0,7193,602,8.7,7.7,6.6,45.1,26.2,8.0,68.0,1003.2,,87.0,77.1,66.0,7.2,4.7,2.2
2019-10-18,8926,2619,6915314.0,7817,1109,11.6,7.3,3.0,25.7,14.2,3.2,45.0,1015.6,,76.0,64.2,51.0,3.9,2.0,1.1
2019-10-19,7515,2426,9158186.0,5045,2470,11.8,6.6,1.3,24.1,14.5,3.2,37.0,1017.1,,94.0,81.0,67.0,8.9,5.2,1.1
2019-10-20,8672,2522,11568796.0,5348,3324,16.3,10.6,4.8,24.1,14.5,0.0,32.0,1013.2,,94.0,87.0,77.0,11.1,9.1,7.8
2019-10-21,9292,2664,6919571.0,8154,1138,15.8,10.6,5.4,40.2,25.3,0.0,61.0,1015.5,,100.0,88.2,76.0,11.1,10.2,7.2
2019-10-22,7007,2300,5260513.0,6345,662,17.3,12.9,8.5,35.4,19.8,11.3,58.0,1006.2,,100.0,87.3,58.0,13.9,11.8,5.0
2019-10-23,9422,2662,6846759.0,8466,956,13.9,10.4,6.8,45.1,29.3,11.3,54.0,1011.7,,76.0,62.5,44.0,6.1,4.4,2.2
2019-10-24,9286,2606,7150778.0,8274,1012,14.4,9.1,3.8,33.8,20.9,4.8,42.0,1020.4,,82.0,66.3,51.0,8.9,5.7,2.2
2019-10-25,8838,2582,9140558.0,7800,1038,11.7,7.9,4.1,20.9,8.5,0.0,35.0,1025.3,,87.0,76.0,66.0,7.2,5.2,2.2
2019-10-26,6234,2135,6642905.0,4439,1795,10.3,5.8,1.2,38.6,23.5,0.0,50.0,1022.1,,94.0,80.2,66.0,10.0,5.7,0.0
2019-10-27,3761,1629,3191230.0,3040,721,13.3,10.2,7.1,45.1,30.7,12.9,67.0,1006.5,,100.0,91.2,77.0,12.8,10.6,7.8
2019-10-28,9365,2579,7060897.0,8365,1000,16.2,10.4,4.6,20.9,13.5,3.2,39.0,1018.6,,100.0,86.7,71.0,10.0,9.1,6.1
2019-10-29,9555,2646,7119856.0,8641,914,17.2,11.2,5.2,16.1,6.3,0.0,32.0,1019.0,,100.0,94.0,77.0,11.1,9.9,8.9
2019-10-30,5233,2208,5749700.0,4921,312,9.2,7.7,6.2,25.7,14.8,8.0,37.0,1022.5,,100.0,82.1,62.0,7.8,5.9,2.8
2019-10-31,3564,1707,2484902.0,3415,149,10.6,7.3,4.0,74.0,26.4,0.0,89.0,1002.6,,100.0,92.0,76.0,12.2,8.1,3.9
2019-11-01,6359,2362,5409695.0,5959,400,5.0,3.3,1.6,59.5,40.9,11.3,84.0,1015.0,,87.0,74.5,53.0,5.0,0.3,-3.9
2019-11-02,3730,1593,13190922.0,3262,468,7.2,4.0,0.8,38.6,20.6,3.2,52.0,1018.0,,87.0,76.3,65.0,5.0,2.2,-2.2
2019-11-03,3957,1715,3348780.0,3206,751,6.5,3.6,0.6,37.0,26.7,3.2,48.0,1018.5,,87.0,70.9,53.0,1.1,-0.5,-2.8
2019-11-04,6667,2357,4729276.0,6246,421,12.3,7.3,2.3,37.0,17.7,3.2,61.0,1016.9,,87.0,77.6,66.0,6.1,4.2,-1.1
2019-11-05,7458,2508,5560056.0,6908,550,9.2,4.5,-0.2,37.0,21.1,3.2,52.0,1018.8,,87.0,66.4,49.0,6.1,0.7,-3.9
2019-11-06,6581,2318,4455005.0,6177,404,5.2,1.4,-2.5,29.0,19.2,9.7,42.0,1026.0,,87.0,68.2,56.0,2.2,-2.1,-6.1
2019-11-07,5557,2064,5003082.0,5261,296,2.6,-0.2,-3.0,16.1,10.1,0.0,32.0,1022.9,10.0,100.0,84.0,65.0,2.2,-1.4,-5.0
2019-11-08,5821,2128,6330044.0,5445,376,0.6,-2.6,-5.8,16.1,12.4,3.2,,1026.3,0.0,80.0,64.7,52.0,-5.0,-7.6,-10.0
2019-11-09,3371,1513,2361614.0,2937,434,3.3,-0.4,-4.1,41.8,27.2,8.0,50.0,1018.7,0.0,80.0,65.9,52.0,-1.1,-3.6,-7.2
2019-11-10,3400,1532,2614724.0,2901,499,7.4,3.1,-1.2,27.4,18.2,8.0,45.0,1013.8,0.0,87.0,78.0,66.0,2.8,0.2,-2.2
2019-11-11,2102,1223,1456293.0,2012,90,-1.0,-3.9,-6.8,32.2,18.5,8.0,45.0,1021.2,0.0,93.0,81.0,55.0,-2.2,-5.4,-8.9
2019-11-12,1716,907,1517189.0,1660,56,-4.7,-7.6,-10.4,33.8,20.3,8.0,45.0,1021.8,130.0,86.0,68.3,39.0,-7.8,-11.0,-17.2
2019-11-13,2328,1222,1794363.0,2255,73,-1.7,-7.8,-13.9,27.4,11.4,0.0,35.0,1027.3,130.0,93.0,76.4,64.0,-3.9,-7.7,-15.0
2019-11-14,3060,1411,2360569.0,2976,84,0.5,-1.0,-2.5,41.8,24.5,11.3,41.0,1021.4,140.0,93.0,75.1,60.0,-2.2,-3.7,-6.1
2019-11-15,4122,1750,2739494.0,3944,178,3.0,-1.6,-6.2,38.6,27.8,11.3,46.0,1023.5,120.0,81.0,70.1,47.0,-1.1,-3.6,-12.2
2019-11-16,2341,1228,1734018.0,2190,151,-3.4,-6.8,-10.1,35.4,26.7,14.5,42.0,1034.5,80.0,80.0,71.2,50.0,-5.0,-8.4,-13.9
2019-11-17,2866,1417,3203342.0,2520,346,2.2,-2.3,-6.8,22.5,15.6,4.8,33.0,1022.8,80.0,75.0,65.7,52.0,0.0,-5.3,-7.8
2019-11-18,3931,1713,3345703.0,3796,135,2.4,0.5,-1.5,20.9,14.3,8.0,32.0,1010.8,20.0,93.0,89.5,75.0,2.2,1.6,0.0
2019-11-19,5518,2050,4200080.0,5309,209,3.6,2.3,1.0,16.1,8.2,0.0,,1010.7,10.0,93.0,85.5,81.0,1.1,0.5,0.0
2019-11-20,6442,2301,4460020.0,6151,291,8.6,3.7,-1.3,14.5,8.7,3.2,,1019.5,0.0,93.0,80.9,62.0,2.8,2.1,1.1
2019-11-21,5152,2074,3843040.0,4954,198,10.6,4.8,-1.0,25.7,12.6,0.0,46.0,1015.8,,100.0,91.4,81.0,7.2,3.7,0.0
2019-11-22,5521,2105,3658977.0,5252,269,10.4,3.9,-2.6,56.3,33.3,11.3,65.0,1011.7,,93.0,71.2,52.0,7.8,0.4,-6.1
2019-11-23,3769,1642,3274994.0,3265,504,6.1,1.8,-2.6,32.2,18.2,3.2,45.0,1011.0,,87.0,75.3,65.0,2.2,-1.8,-5.0
2019-11-24,3350,1532,2580683.0,2855,495,6.6,1.7,-3.2,25.7,14.5,3.2,35.0,1001.0,,87.0,79.6,70.0,2.8,-0.3,-2.2
2019-11-25,6138,2197,5203437.0,5794,344,8.1,4.8,1.4,24.1,11.3,3.2,32.0,1005.6,,93.0,89.1,81.0,5.0,3.3,1.1
2019-11-26,7134,2370,5660807.0,6730,404,10.9,6.4,1.9,22.5,8.0,0.0,39.0,1011.4,,100.0,86.3,66.0,5.0,3.4,2.2
2019-11-27,4585,1810,3134277.0,4395,190,10.0,7.1,4.2,49.9,31.9,12.9,65.0,1003.2,,100.0,90.1,71.0,6.1,4.8,2.2
2019-11-28,5893,2146,14632993.0,5642,251,6.0,1.5,-3.0,41.8,23.3,11.3,65.0,1021.6,,81.0,71.0,60.0,2.8,-2.1,-6.1
2019-11-29,5392,1996,3436020.0,5109,283,-0.6,-2.1,-3.6,14.5,9.5,0.0,,1028.9,,80.0,75.6,69.0,-3.9,-5.2,-6.1
2019-11-30,3109,1444,7659360.0,2828,281,-1.2,-2.7,-4.2,35.4,19.0,0.0,48.0,1021.2,,80.0,75.1,64.0,-5.0,-5.6,-7.2
2019-12-01,517,387,330026.0,487,30,-0.7,-2.5,-4.2,66.0,48.4,25.7,74.0,1005.3,10.0,100.0,92.5,64.0,0.0,-1.3,-6.1
2019-12-02,1351,668,1085887.0,1319,32,-0.8,-4.0,-7.2,33.8,19.5,9.7,41.0,1008.8,110.0,93.0,82.6,51.0,-2.2,-4.1,-8.9
2019-12-03,2709,1168,3659248.0,2636,73,1.1,-4.3,-9.6,29.0,16.4,3.2,,1007.2,120.0,93.0,83.2,55.0,-1.1,-3.3,-10.0
2019-12-04,3734,1550,2957793.0,3611,123,2.8,1.3,-0.3,35.4,27.2,16.1,45.0,997.3,90.0,87.0,83.1,70.0,0.0,-0.3,-2.2
2019-12-05,3973,1633,2842729.0,3881,92,0.8,-0.9,-2.5,41.8,22.0,8.0,59.0,1011.3,40.0,80.0,69.5,56.0,-2.2,-4.5,-7.2
2019-12-06,2276,949,1574176.0,2193,83,0.2,-2.9,-5.9,24.1,15.1,0.0,33.0,1017.8,50.0,100.0,85.8,60.0,0.0,-2.2,-7.8
2019-12-07,2028,933,1667267.0,1948,80,-1.1,-4.3,-7.5,22.5,14.0,4.8,32.0,1029.1,60.0,74.0,66.7,59.0,-5.0,-7.2,-8.9
2019-12-08,2124,1069,1483876.0,1978,146,6.6,1.7,-3.2,29.0,16.6,4.8,48.0,1019.6,60.0,93.0,78.3,65.0,3.9,-0.2,-3.9
2019-12-09,3771,1657,2591924.0,3696,75,10.2,7.6,4.9,27.4,7.4,0.0,41.0,1004.4,20.0,100.0,91.8,76.0,6.1,4.9,2.8
2019-12-10,4579,1869,4384308.0,4444,135,10.1,1.5,-7.1,56.3,29.1,4.8,65.0,1010.2,,93.0,68.2,54.0,6.1,-2.8,-12.2
2019-12-11,4008,1692,4541535.0,3915,93,-2.6,-5.7,-8.7,57.9,35.7,3.2,71.0,1025.0,,74.0,63.1,46.0,-7.2,-10.2,-13.9
2019-12-12,4115,1730,3142139.0,4006,109,-0.2,-5.0,-9.7,24.1,13.8,8.0,37.0,1033.5,0.0,74.0,65.6,58.0,-5.0,-9.1,-12.8
2019-12-13,5003,1958,8853638.0,4821,182,5.7,2.3,-1.1,24.1,14.6,9.7,41.0,1019.1,,87.0,72.1,61.0,1.1,-1.4,-3.9
2019-12-14,1108,702,902686.0,1050,58,2.7,1.6,0.4,33.8,18.3,0.0,52.0,1000.8,10.0,100.0,91.7,75.0,2.8,1.1,-1.1
2019-12-15,2043,1112,2335248.0,1920,123,1.6,-2.6,-6.7,48.3,29.8,11.3,63.0,1011.5,0.0,81.0,68.0,51.0,-1.1,-5.8,-10.0
2019-12-16,4605,1882,3265241.0,4395,210,1.4,-2.3,-6.0,12.9,6.6,0.0,,1022.1,0.0,80.0,67.2,60.0,-3.9,-6.1,-8.9
2019-12-17,4475,1754,2946350.0,4319,156,1.8,-1.2,-4.2,25.7,12.4,0.0,33.0,1013.4,0.0,86.0,72.3,56.0,-2.8,-4.7,-7.2
2019-12-18,2844,1354,1800875.0,2788,56,-2.8,-9.1,-15.4,37.0,24.3,16.1,50.0,1014.9,0.0,93.0,71.8,45.0,-3.9,-9.7,-18.9
2019-12-19,1990,1011,1523756.0,1927,63,-6.0,-11.4,-16.7,24.1,8.7,0.0,,1029.3,0.0,93.0,79.6,56.0,-7.2,-11.6,-21.1
2019-12-20,2769,1250,1970227.0,2639,130,-3.9,-7.4,-10.8,25.7,17.4,11.3,,1037.3,40.0,93.0,75.5,63.0,-7.2,-9.2,-11.1
2019-12-21,2136,1039,1497716.0,1920,216,1.9,-3.0,-7.8,20.9,11.7,4.8,33.0,1029.9,30.0,93.0,80.0,69.0,0.0,-3.7,-7.8
2019-12-22,1979,1041,1834842.0,1787,192,7.2,3.1,-1.1,32.2,21.4,8.0,35.0,1022.0,10.0,93.0,84.6,81.0,2.2,0.6,-1.1
2019-12-23,3377,1494,2440911.0,3132,245,9.2,4.5,-0.3,37.0,19.3,3.2,39.0,1016.7,,87.0,76.6,57.0,2.8,1.0,-1.1
2019-12-24,2225,1148,1707145.0,2015,210,1.1,-1.4,-3.9,29.0,21.2,11.3,42.0,1023.0,,87.0,77.3,69.0,-1.1,-2.7,-5.0
2019-12-25,821,548,702802.0,589,232,2.8,0.6,-1.6,22.5,15.1,0.0,,1018.3,,100.0,89.8,81.0,1.1,-0.3,-1.1
2019-12-26,1278,761,982203.0,1135,143,3.7,2.4,1.0,37.0,27.2,12.9,42.0,1020.3,,93.0,89.6,81.0,2.2,0.9,-1.1
2019-12-27,2588,1267,1916193.0,2205,383,11.1,6.9,2.6,33.8,12.1,0.0,48.0,1018.7,,100.0,87.9,71.0,7.8,3.7,0.0
2019-12-28,2503,1251,4743992.0,1982,521,4.8,3.0,1.1,24.1,13.5,3.2,32.0,1024.8,,81.0,72.1,65.0,1.1,-1.4,-2.8
2019-12-29,1027,622,955938.0,917,110,2.0,1.1,0.1,53.1,41.4,3.2,55.0,1017.4,,100.0,92.5,81.0,1.1,0.9,-1.1
2019-12-30,2496,1223,1955258.0,2228,268,10.2,5.6,1.0,64.4,39.3,3.2,80.0,1001.6,,100.0,91.7,61.0,6.1,2.3,0.0
2019-12-31,1937,994,1190794.0,1795,142,2.3,0.4,-1.5,41.8,31.5,14.5,54.0,1000.2,10.0,93.0,85.2,70.0,1.1,-0.8,-3.9
2020-01-01,1358,795,1297550.0,1113,245,-0.2,-1.7,-3.2,38.6,30.4,14.5,42.0,1006.4,0.0,81.0,72.9,60.0,-2.2,-4.3,-7.2
2020-01-02,3767,1631,3175672.0,3459,308,6.4,3.0,-0.5,32.2,21.9,9.7,46.0,1005.1,0.0,93.0,80.5,70.0,2.2,0.6,-2.2
2020-01-03,4391,1757,3231056.0,3970,421,6.8,4.6,2.3,25.7,13.5,8.0,35.0,1007.4,,100.0,80.7,65.0,3.9,2.0,-1.1
2020-01-04,2396,1184,1853778.0,2184,212,2.5,0.9,-0.7,29.0,12.4,3.2,45.0,1009.0,20.0,100.0,84.5,65.0,0.0,-1.2,-5.0
2020-01-05,1979,1073,1567695.0,1835,144,1.3,-0.8,-2.8,37.0,20.3,4.8,45.0,1014.0,0.0,100.0,81.8,60.0,0.0,-2.4,-7.2
2020-01-06,3675,1566,2578630.0,3565,110,1.8,-1.7,-5.2,49.9,29.5,16.1,61.0,1011.2,40.0,93.0,76.2,48.0,1.1,-2.3,-8.9
2020-01-07,4550,1791,3803320.0,4403,147,4.0,-0.8,-5.5,25.7,17.2,3.2,39.0,1013.3,20.0,86.0,77.0,64.0,0.0,-2.9,-7.2
2020-01-08,3458,1447,2472075.0,3317,141,-0.7,-5.1,-9.4,40.2,24.5,11.3,65.0,1019.8,20.0,93.0,69.2,47.0,-2.2,-7.7,-15.0
2020-01-09,3548,1555,2445571.0,3414,134,2.0,-4.9,-11.7,29.0,17.9,3.2,48.0,1033.8,10.0,93.0,70.3,58.0,-3.9,-9.2,-15.0
2020-01-10,4373,1768,3039634.0,4196,177,7.5,4.5,1.4,35.4,10.1,0.0,58.0,1022.1,0.0,100.0,94.5,65.0,6.1,4.0,-3.9
2020-01-11,825,568,848563.0,768,57,11.9,6.8,1.7,33.8,13.2,0.0,42.0,1011.6,,100.0,96.5,87.0,11.1,5.9,2.2
2020-01-12,1752,1030,1159938.0,1654,98,1.7,-2.3,-6.2,37.0,21.6,4.8,58.0,1021.0,10.0,100.0,85.2,68.0,2.2,-2.7,-10.0
2020-01-13,4123,1652,2778077.0,4046,77,1.7,-1.7,-5.0,29.0,15.3,0.0,39.0,1028.1,0.0,100.0,91.9,86.0,1.1,-2.0,-6.1
2020-01-14,4810,1883,3382340.0,4648,162,2.9,1.4,-0.2,27.4,15.8,0.0,46.0,1021.8,0.0,100.0,72.1,0.0,2.2,-3.6,-17.8
2020-01-15,5499,2100,3907425.0,5306,193,4.3,2.6,0.8,27.4,14.6,0.0,45.0,1019.9,,87.0,71.0,0.0,1.1,-1.7,-17.8
2020-01-16,4751,1893,3089963.0,4570,181,1.7,-5.0,-11.7,40.2,20.3,11.3,55.0,1023.2,0.0,93.0,76.1,58.0,1.1,-3.5,-13.9
2020-01-17,3358,1566,2712989.0,3247,111,-8.0,-11.5,-14.9,22.5,10.1,0.0,,1043.9,,73.0,65.4,53.0,-12.2,-14.8,-18.9
2020-01-18,544,401,2455634.0,515,29,2.5,-2.8,-8.1,41.8,22.0,0.0,52.0,1016.8,60.0,100.0,90.7,68.0,2.2,-2.9,-11.1
2020-01-19,722,457,564040.0,689,33,0.4,-5.6,-11.6,48.3,25.9,11.3,46.0,1013.1,160.0,93.0,75.9,58.0,-1.1,-6.6,-15.0
2020-01-20,2039,1027,2040803.0,2002,37,-5.2,-10.4,-15.6,25.7,17.2,9.7,32.0,1031.8,130.0,80.0,67.3,50.0,-8.9,-13.0,-17.2
2020-01-21,2735,1280,1993270.0,2674,61,-2.8,-5.8,-8.7,35.4,20.4,0.0,35.0,1032.3,120.0,80.0,71.5,64.0,-6.1,-7.9,-11.1
2020-01-22,3381,1507,2550609.0,3275,106,0.8,-3.6,-7.9,37.0,29.1,16.1,45.0,1027.6,110.0,86.0,76.6,65.0,-2.8,-5.3,-8.9
2020-01-23,4020,1700,2727630.0,3895,125,2.3,-1.2,-4.6,20.9,8.5,0.0,,1025.9,70.0,93.0,76.9,69.0,0.0,-3.5,-7.2
2020-01-24,3406,1628,2996527.0,3312,94,3.7,1.0,-1.7,41.8,32.5,14.5,54.0,1022.2,40.0,93.0,79.9,70.0,2.2,-0.9,-2.8
2020-01-25,1715,915,1261674.0,1570,145,3.6,2.6,1.5,45.1,24.1,0.0,55.0,1011.5,10.0,100.0,94.1,87.0,2.8,2.1,1.1
2020-01-26,1903,1052,1450272.0,1702,201,3.2,2.0,0.7,27.4,23.5,19.3,37.0,1006.2,0.0,93.0,88.2,81.0,1.1,0.4,-1.1
2020-01-27,4615,1938,3484889.0,4431,184,1.3,0.6,-0.1,25.7,18.3,11.3,37.0,1008.2,0.0,87.0,77.5,70.0,-1.1,-2.0,-2.8
2020-01-28,4758,1874,3492570.0,4609,149,1.8,-0.1,-1.9,24.1,13.7,4.8,37.0,1015.0,0.0,93.0,79.0,56.0,-1.1,-3.0,-6.1
2020-01-29,4444,1862,2984921.0,4270,174,-1.9,-4.9,-7.9,20.9,12.7,0.0,32.0,1024.1,,80.0,68.5,51.0,-3.9,-8.7,-12.2
2020-01-30,4598,1841,3175290.0,4472,126,-1.9,-5.1,-8.3,22.5,16.3,0.0,33.0,1026.0,,86.0,77.5,59.0,-3.9,-6.2,-11.1
2020-01-31,4655,1829,3385293.0,4448,207,-0.2,-2.0,-3.7,12.9,8.0,0.0,,1024.2,0.0,86.0,77.7,69.0,-2.8,-4.4,-6.1
2020-02-01,2468,1248,2815009.0,2131,337,1.0,-1.6,-4.1,27.4,17.4,3.2,32.0,1013.6,0.0,93.0,85.5,65.0,-1.1,-2.2,-5.0
2020-02-02,1108,614,761784.0,1002,106,2.1,0.0,-2.1,32.2,14.5,3.2,32.0,999.3,20.0,100.0,93.1,81.0,1.1,0.1,-2.2
2020-02-03,5137,1980,3530405.0,4869,268,5.7,3.1,0.4,32.2,18.7,0.0,52.0,1008.7,20.0,93.0,74.0,57.0,1.1,-1.0,-2.8
2020-02-04,5242,1974,3476665.0,5015,227,2.3,-1.2,-4.7,27.4,17.1,9.7,54.0,1012.5,,70.0,63.2,55.0,-2.2,-4.4,-8.9
2020-02-05,4734,1906,3471553.0,4543,191,-3.0,-5.6,-8.2,27.4,17.7,4.8,54.0,1020.6,10.0,80.0,61.8,54.0,-5.0,-10.3,-13.9
2020-02-06,2069,950,1442261.0,1925,144,-3.5,-4.5,-5.5,29.0,20.0,8.0,41.0,1004.4,30.0,93.0,81.7,74.0,-2.8,-6.1,-7.2
2020-02-07,1823,870,1330441.0,1731,92,-4.3,-6.8,-9.2,35.4,20.0,8.0,52.0,999.8,80.0,86.0,74.8,59.0,-6.1,-8.2,-12.2
2020-02-08,1560,845,1792754.0,1344,216,-7.1,-11.0,-14.9,20.9,10.5,3.2,,1022.4,90.0,74.0,65.7,53.0,-10.0,-14.0,-17.8
2020-02-09,1590,883,1183746.0,1401,189,0.6,-5.0,-10.6,33.8,15.6,3.2,45.0,1026.7,50.0,100.0,87.9,74.0,1.1,-2.6,-8.9
2020-02-10,3780,1596,2517168.0,3623,157,2.9,1.6,0.2,22.5,13.7,8.0,,1017.0,110.0,100.0,85.1,65.0,1.1,-0.3,-2.8
2020-02-11,4765,1845,3428578.0,4596,169,2.1,-0.1,-2.3,29.0,18.7,0.0,45.0,1015.9,70.0,75.0,68.2,56.0,-2.8,-4.1,-6.1
2020-02-12,4919,1908,3251831.0,4708,211,1.5,-1.6,-4.6,33.8,25.7,14.5,42.0,1017.7,30.0,81.0,70.9,64.0,-2.2,-4.8,-7.2
2020-02-13,3065,1312,2385570.0,2964,101,-0.2,-8.7,-17.1,33.8,17.7,4.8,52.0,1011.3,60.0,100.0,82.7,62.0,-1.1,-5.2,-17.8
2020-02-14,2546,1270,4215858.0,2377,169,-9.2,-14.9,-20.6,32.2,18.0,4.8,35.0,1033.2,70.0,79.0,64.8,52.0,-12.8,-16.7,-23.9
2020-02-15,1904,1038,1801456.0,1505,399,0.3,-5.8,-11.9,48.3,35.4,27.4,58.0,1026.6,30.0,87.0,69.5,60.0,-2.2,-8.3,-12.8
2020-02-16,2497,1222,2350311.0,1993,504,3.0,0.1,-2.8,33.8,24.1,11.3,42.0,1017.5,20.0,81.0,68.3,52.0,-2.2,-3.8,-6.1
2020-02-17,2148,1109,2026411.0,1712,436,-0.2,-3.1,-6.0,29.0,16.1,4.8,48.0,1025.7,10.0,80.0,67.0,51.0,-3.9,-7.2,-11.1
2020-02-18,3099,1448,2616679.0,2951,148,5.2,1.9,-1.4,48.3,24.9,8.0,58.0,1014.8,50.0,100.0,89.0,60.0,2.8,0.1,-5.0
2020-02-19,4206,1747,2812287.0,4093,113,-0.8,-3.9,-7.0,37.0,24.8,12.9,48.0,1028.1,10.0,69.0,55.7,47.0,-6.1,-10.2,-12.8
2020-02-20,4120,1722,2823964.0,3927,193,-4.1,-7.8,-11.4,25.7,16.3,4.8,37.0,1034.1,0.0,68.0,57.1,50.0,-10.0,-13.0,-15.0
2020-02-21,4139,1730,3317435.0,3828,311,0.6,-5.0,-10.5,45.1,31.1,16.1,48.0,1030.0,,74.0,62.0,44.0,-6.1,-10.1,-12.8
2020-02-22,3565,1606,3471250.0,2749,816,5.7,0.7,-4.4,37.0,24.8,11.3,42.0,1021.5,,81.0,65.0,55.0,-1.1,-5.1,-8.9
2020-02-23,4160,1739,4201169.0,2775,1385,9.3,4.5,-0.3,27.4,19.6,9.7,50.0,1016.1,,81.0,73.3,61.0,0.0,-1.2,-2.2
2020-02-24,6176,2216,5749357.0,5392,784,9.3,4.3,-0.7,24.1,13.4,0.0,,1012.8,,87.0,74.7,53.0,1.1,0.0,-2.2
2020-02-25,5403,1913,3936749.0,4687,716,4.5,2.4,0.3,22.5,15.8,9.7,33.0,1014.8,10.0,93.0,74.3,53.0,1.1,-0.7,-3.9
2020-02-26,2891,1301,2172142.0,2541,350,2.8,-0.8,-4.3,25.7,17.9,9.7,41.0,1011.9,10.0,93.0,83.5,52.0,-1.1,-2.4,-5.0
2020-02-27,1687,810,1605041.0,1562,125,-3.5,-4.9,-6.2,69.2,45.9,22.5,87.0,1002.5,130.0,93.0,71.4,59.0,-3.9,-8.1,-10.0
2020-02-28,2577,1197,2057863.0,2358,219,-3.7,-7.2,-10.7,57.9,38.1,12.9,67.0,1006.4,110.0,86.0,72.4,64.0,-6.1,-8.8,-11.1
2020-02-29,1805,935,1423528.0,1423,382,-3.7,-8.9,-14.0,32.2,17.4,4.8,46.0,1015.8,120.0,79.0,64.5,47.0,-10.0,-13.5,-17.2
2020-03-01,2477,1236,1880123.0,1828,649,2.5,-4.2,-10.9,22.5,12.9,4.8,41.0,1018.5,110.0,81.0,68.0,56.0,-1.1,-6.9,-11.1
2020-03-02,4094,1777,2961781.0,3904,190,6.8,3.8,0.8,25.7,12.9,0.0,45.0,1005.3,20.0,100.0,93.6,70.0,5.0,2.6,-2.2
2020-03-03,4016,1795,3038826.0,3820,196,4.2,2.3,0.4,27.4,15.8,0.0,41.0,1001.3,0.0,100.0,92.9,81.0,3.9,2.1,0.0
2020-03-04,5551,2151,4225928.0,5190,361,6.0,3.4,0.7,37.0,25.6,0.0,55.0,1008.2,0.0,81.0,69.7,56.0,0.0,-1.7,-5.0
2020-03-05,5908,2269,5457864.0,5329,579,5.9,1.2,-3.5,27.4,15.8,8.0,45.0,1018.7,0.0,81.0,65.0,56.0,-1.1,-4.2,-7.2
2020-03-06,4639,1897,3304710.0,4301,338,2.3,0.1,-2.2,37.0,18.3,4.8,48.0,1016.8,0.0,93.0,74.1,56.0,0.0,-2.1,-7.2
2020-03-07,3770,1694,6804541.0,2789,981,3.9,-1.7,-7.2,32.2,18.3,9.7,35.0,1031.2,,81.0,59.1,47.0,-1.1,-7.9,-12.2
2020-03-08,5407,2032,7745447.0,3378,2029,12.2,6.3,0.4,25.7,16.3,0.0,46.0,,,81.0,74.0,61.0,2.2,0.1,-2.8
2020-03-09,7152,2572,7325260.0,6161,991,17.2,12.5,7.8,32.2,15.4,0.0,50.0,1020.0,,93.0,73.2,61.0,6.1,3.1,0.0
2020-03-10,4744,1848,3495298.0,4357,387,11.8,5.2,-1.5,35.4,17.4,0.0,55.0,1014.6,,100.0,85.8,56.0,7.2,3.9,-5.0
2020-03-11,5529,2002,4302424.0,5223,306,4.2,0.9,-2.5,33.8,17.2,0.0,42.0,1021.5,,93.0,76.5,60.0,-1.1,-2.6,-3.9
2020-03-12,5467,2095,3922757.0,5134,333,5.9,3.0,0.0,38.6,25.4,19.3,37.0,1015.9,,93.0,83.5,81.0,2.8,-0.1,-2.2
2020-03-13,4545,1791,3159648.0,4198,347,8.4,4.8,1.1,64.4,28.0,0.0,78.0,1009.7,,100.0,79.2,49.0,7.2,2.2,-5.0
2020-03-14,3442,1568,3176543.0,2626,816,3.7,1.2,-1.4,27.4,19.3,9.7,54.0,1029.6,,70.0,61.9,56.0,-2.2,-4.2,-5.0
2020-03-15,3454,1561,3519081.0,2391,1063,3.8,-0.3,-4.4,20.9,13.7,3.2,39.0,1037.1,,60.0,47.2,32.0,-6.1,-9.8,-13.9
2020-03-16,3400,1537,3087721.0,2922,478,4.1,-0.6,-5.3,32.2,13.5,0.0,46.0,1030.6,0.0,93.0,70.8,41.0,0.0,-4.2,-11.1
2020-03-17,2744,1413,2253291.0,2349,395,8.6,3.7,-1.2,38.6,21.4,9.7,55.0,1019.9,,100.0,82.3,42.0,2.8,1.1,-6.1
2020-03-18,2369,1276,2357392.0,1970,399,4.4,0.7,-3.0,38.6,21.1,3.2,41.0,1028.3,,75.0,63.6,52.0,-1.1,-4.3,-7.2
2020-03-19,2633,1348,2999389.0,2132,501,7.3,4.7,2.0,33.8,23.5,9.7,37.0,1021.1,,100.0,88.0,75.0,5.0,2.7,-1.1
2020-03-20,2300,1275,4649482.0,1852,448,18.4,7.1,-4.3,56.3,24.0,0.0,78.0,1009.5,,100.0,87.3,64.0,12.8,3.7,-7.8
2020-03-21,2655,1372,4109821.0,1759,896,0.7,-3.9,-8.4,24.1,12.6,3.2,42.0,1034.3,,69.0,59.8,40.0,-7.8,-10.2,-13.9
2020-03-22,2014,1105,2829408.0,1460,554,1.3,-3.3,-7.8,38.6,28.2,12.9,48.0,1037.3,,70.0,61.0,54.0,-2.8,-8.1,-12.2
2020-03-23,882,572,842807.0,799,83,3.8,1.7,-0.4,33.8,16.9,4.8,,1022.5,20.0,100.0,93.9,70.0,2.8,0.8,-2.8
2020-03-24,2101,1156,2053673.0,1806,295,5.5,3.1,0.7,22.5,10.6,3.2,33.0,1022.7,,93.0,78.6,70.0,2.2,-0.1,-1.1
2020-03-25,2214,1193,2923921.0,1711,503,9.7,5.7,1.6,35.4,20.4,0.0,39.0,1015.9,,93.0,84.3,76.0,2.8,1.4,0.0
2020-03-26,2153,1182,2411891.0,1646,507,13.3,7.6,1.9,27.4,9.3,0.0,41.0,1011.0,,100.0,86.0,67.0,7.2,3.7,1.1
2020-03-27,2817,1442,4928612.0,1989,828,9.1,5.2,1.2,16.1,10.6,3.2,37.0,1016.0,,87.0,77.7,66.0,2.2,0.7,0.0
2020-03-28,1398,825,1516438.0,1063,335,7.8,5.3,2.8,46.7,35.2,16.1,59.0,1014.5,,100.0,87.1,75.0,5.0,2.7,0.0
2020-03-29,2606,1303,4774244.0,1672,934,18.0,11.5,5.0,61.2,34.9,4.8,81.0,1005.2,,100.0,92.2,52.0,10.0,5.5,3.9
2020-03-30,1134,738,1700205.0,941,193,8.7,6.8,4.8,33.8,19.6,12.9,48.0,1010.4,,93.0,81.4,71.0,5.0,3.9,2.2
2020-03-31,1431,880,1258259.0,1252,179,6.6,5.5,4.3,37.0,22.0,3.2,48.0,1016.4,,100.0,92.7,76.0,5.0,4.2,2.2
2020-04-01,2665,1351,4425199.0,2006,659,10.2,5.6,1.0,24.1,12.9,4.8,39.0,1015.0,,76.0,51.9,32.0,1.1,-3.9,-7.8
2020-04-02,2723,1403,3466570.0,2029,694,14.5,8.3,2.1,29.0,16.6,9.7,46.0,1015.5,,65.0,40.3,19.0,-2.2,-4.9,-11.1
2020-04-03,2039,1112,2006166.0,1624,415,11.1,6.6,2.0,24.1,13.4,4.8,39.0,1016.4,,87.0,70.3,43.0,5.0,1.9,-5.0
2020-04-04,2734,1379,3998148.0,1850,884,11.2,8.3,5.4,14.5,10.3,0.0,35.0,1017.3,,93.0,87.0,76.0,7.2,5.6,5.0
2020-04-05,3920,1654,6469598.0,2289,1631,10.9,6.1,1.3,20.9,10.9,0.0,42.0,1018.6,,93.0,73.3,50.0,5.0,2.9,-2.2
2020-04-06,2481,1308,3438016.0,1859,622,14.3,7.0,-0.4,19.3,8.5,0.0,42.0,1019.6,,81.0,63.8,35.0,2.8,0.0,-2.8
2020-04-07,2002,1135,2915133.0,1619,383,14.1,9.1,4.1,25.7,15.0,0.0,39.0,1011.4,,93.0,70.7,47.0,3.9,2.1,0.0
2020-04-08,2888,1467,4079555.0,2177,711,13.9,9.7,5.5,33.8,13.2,3.2,48.0,1003.4,,93.0,72.7,44.0,7.2,3.8,1.1
2020-04-09,1959,1092,1958539.0,1665,294,9.3,5.1,0.9,48.3,22.9,3.2,72.0,996.3,,100.0,76.9,40.0,7.2,1.7,-5.0
2020-04-10,1854,1075,3205153.0,1335,519,7.6,3.9,0.1,41.8,31.2,19.3,65.0,1003.0,,70.0,57.8,43.0,-2.2,-4.2,-7.8
2020-04-11,3032,1515,4361829.0,2005,1027,9.4,3.7,-2.1,38.6,18.8,3.2,46.0,1013.5,,81.0,60.2,43.0,2.2,-2.9,-6.1
2020-04-12,2313,1199,3081861.0,1571,742,13.7,8.8,3.9,33.8,16.7,0.0,33.0,1012.1,,87.0,72.0,62.0,3.9,2.2,0.0
2020-04-13,1091,712,1223017.0,921,170,14.8,8.4,2.0,62.8,18.5,0.0,78.0,998.8,,100.0,91.2,57.0,11.1,7.7,-2.8
2020-04-14,1704,1027,1529005.0,1450,254,7.0,1.9,-3.2,46.7,30.6,12.9,59.0,1017.4,0.0,81.0,65.4,45.0,0.0,-3.0,-7.2
2020-04-15,1639,977,1472417.0,1432,207,4.4,-0.2,-4.8,35.4,20.3,9.7,45.0,1015.8,,69.0,52.9,38.0,-5.0,-7.2,-11.1
2020-04-16,1593,942,1397492.0,1380,213,4.9,0.1,-4.8,49.9,26.4,12.9,63.0,1020.9,,70.0,54.9,39.0,-3.9,-6.3,-10.0
2020-04-17,1797,1012,1977256.0,1576,221,6.6,2.0,-2.6,32.2,18.8,4.8,48.0,1019.9,,81.0,64.5,45.0,-1.1,-3.6,-6.1
2020-04-18,3963,1746,5483894.0,2448,1515,11.3,4.2,-3.0,35.4,18.2,4.8,50.0,1012.1,,86.0,75.7,66.0,2.8,0.0,-2.8
2020-04-19,1988,1090,3078387.0,1493,495,13.6,6.1,-1.5,38.6,23.8,3.2,58.0,1005.8,,93.0,77.9,52.0,6.1,2.9,-7.2
2020-04-20,2200,1213,3017297.0,1728,472,6.9,1.7,-3.6,20.9,13.2,8.0,41.0,1007.9,,81.0,65.0,56.0,1.1,-3.1,-7.2
2020-04-21,1197,732,1800983.0,1098,99,8.1,2.9,-2.4,59.5,36.0,4.8,76.0,1000.8,,93.0,58.9,39.0,5.0,-4.2,-8.9
2020-04-22,2169,1181,2499066.0,1777,392,6.2,1.8,-2.7,38.6,26.1,3.2,58.0,1014.8,,69.0,43.0,27.0,-6.1,-9.9,-12.2
2020-04-23,1792,1058,1533326.0,1552,240,6.1,2.2,-1.7,32.2,22.5,3.2,46.0,1015.5,,70.0,54.4,41.0,-1.1,-5.6,-11.1
2020-04-24,2385,1305,2608515.0,1916,469,10.4,7.1,3.8,33.8,20.6,3.2,37.0,1011.3,,70.0,40.1,30.0,1.1,-5.9,-8.9
2020-04-25,6509,2321,11793689.0,3256,3253,13.8,6.6,-0.7,25.7,13.0,0.0,45.0,1017.4,,93.0,54.5,16.0,2.2,-2.6,-13.9
2020-04-26,1421,819,1483489.0,1037,384,11.2,8.6,5.9,38.6,27.0,11.3,61.0,1015.9,,87.0,64.3,24.0,5.0,1.2,-7.8
2020-04-27,3641,1668,5459748.0,2436,1205,14.3,8.9,3.4,22.5,14.0,4.8,45.0,1019.5,,76.0,49.5,35.0,2.8,-1.3,-3.9
2020-04-28,2553,1324,2895431.0,1924,629,13.3,10.3,7.3,33.8,19.3,0.0,46.0,1017.9,,81.0,73.6,62.0,3.9,2.8,1.1
2020-04-29,1730,1014,1540603.0,1493,237,14.2,11.1,7.9,51.5,32.7,16.1,61.0,1010.8,,87.0,75.6,66.0,7.8,5.3,2.2
2020-04-30,1797,1036,1996446.0,1488,309,14.2,11.8,9.3,41.8,17.2,4.8,54.0,1004.0,,100.0,98.4,87.0,10.0,8.7,7.2
2020-05-01,4018,1806,5515581.0,2693,1325,15.7,11.4,7.0,25.7,12.2,3.2,45.0,1010.1,,100.0,85.1,42.0,10.0,6.7,2.2
2020-05-02,4238,1883,6175009.0,2349,1889,15.6,10.6,5.6,24.1,12.2,4.8,41.0,1013.2,,93.0,72.7,54.0,7.2,5.1,2.8
2020-05-03,13339,3300,26355496.0,4927,8412,21.0,13.8,6.6,38.6,15.9,0.0,61.0,1007.0,,93.0,58.1,31.0,10.0,5.5,2.2
2020-05-04,2914,1524,3716392.0,1999,915,11.4,6.6,1.8,29.0,21.4,14.5,52.0,1014.1,,76.0,55.5,25.0,2.8,-0.7,-12.2
2020-05-05,2995,1551,5344791.0,2132,863,11.4,5.4,-0.7,16.1,9.7,0.0,32.0,1017.2,,65.0,52.6,43.0,-2.2,-4.1,-7.2
2020-05-06,4103,1853,5539316.0,2693,1410,12.8,7.7,2.6,14.5,8.9,0.0,46.0,1013.5,,66.0,49.4,30.0,2.2,-2.5,-7.2
2020-05-07,2764,1455,5045230.0,2084,680,13.6,7.4,1.1,35.4,18.3,3.2,59.0,1009.8,,76.0,53.0,22.0,3.9,-1.4,-10.0
2020-05-08,2334,1337,3650730.0,1875,459,4.8,0.9,-3.1,35.4,20.3,11.3,54.0,1011.8,,70.0,45.9,31.0,-3.9,-8.4,-12.2
2020-05-09,1855,1052,1940914.0,1425,430,6.8,1.1,-4.7,51.5,28.8,11.3,68.0,1015.0,,81.0,60.4,36.0,-1.1,-4.5,-7.8
2020-05-10,2413,1314,3123417.0,1727,686,8.2,3.4,-1.4,20.9,12.4,0.0,,1015.2,,93.0,72.6,56.0,3.9,0.8,-3.9
2020-05-11,1840,1048,1703478.0,1485,355,7.8,3.1,-1.7,33.8,17.9,8.0,45.0,1014.5,0.0,93.0,74.7,45.0,2.2,0.3,-6.1
2020-05-12,2570,1379,2742245.0,2035,535,8.6,2.4,-3.8,37.0,18.7,9.7,50.0,1020.2,,75.0,49.0,27.0,-3.9,-5.4,-10.0
2020-05-13,4585,2019,7293329.0,3061,1524,12.8,4.9,-3.0,20.9,11.9,0.0,33.0,1026.5,,76.0,57.7,28.0,2.8,-2.5,-7.2
2020-05-14,1932,1131,2043584.0,1552,380,13.2,9.6,5.9,29.0,16.4,0.0,,1020.2,,100.0,78.8,57.0,7.2,3.9,0.0
2020-05-15,2764,1439,3372606.0,2049,715,19.1,13.4,7.7,22.5,9.3,0.0,37.0,1011.1,,100.0,94.2,77.0,15.0,9.2,6.1
2020-05-16,13742,3313,25820341.0,5362,8380,16.9,12.2,7.5,22.5,11.9,0.0,33.0,1021.1,,94.0,84.3,63.0,8.9,8.2,7.2
2020-05-17,6125,2306,10033094.0,2977,3148,16.3,11.8,7.3,40.2,24.5,12.9,48.0,1022.2,,82.0,74.4,67.0,7.8,7.2,6.1
2020-05-18,1416,821,1678336.0,964,452,15.2,13.2,11.2,46.7,39.1,24.1,50.0,1019.7,,100.0,87.5,54.0,11.1,9.0,3.9
2020-05-19,3483,1700,4570172.0,2597,886,17.1,14.8,12.4,41.8,34.6,19.3,54.0,1022.3,,67.0,53.4,47.0,6.1,3.5,1.1
2020-05-20,7223,2561,11178180.0,4102,3121,19.2,14.4,9.6,33.8,25.4,16.1,42.0,1026.2,,71.0,57.1,42.0,6.1,4.6,2.8
2020-05-21,7445,2614,18709731.0,4168,3277,20.7,14.1,7.5,22.5,13.8,3.2,,1024.1,,76.0,56.3,36.0,5.0,2.7,-1.1
2020-05-22,8884,2832,14926214.0,4345,4539,23.9,16.8,9.6,12.9,6.9,0.0,,1018.1,,94.0,63.7,37.0,11.1,6.3,2.2
2020-05-23,20910,3780,39884287.0,6890,14020,24.9,18.8,12.7,19.3,7.7,0.0,,1016.5,,94.0,80.3,64.0,15.0,11.9,10.0
2020-05-24,14320,3303,25144223.0,5466,8854,25.9,20.6,15.2,25.7,19.6,8.0,37.0,1016.2,,88.0,76.6,67.0,16.1,12.2,8.9
2020-05-25,8533,2721,14761483.0,4427,4106,30.3,24.4,18.4,19.3,11.7,3.2,33.0,1015.3,,94.0,82.6,69.0,18.9,15.3,12.8
2020-05-26,8744,2792,17991467.0,4879,3865,31.0,23.7,16.4,19.3,10.3,0.0,33.0,1017.8,,100.0,86.3,69.0,18.9,16.2,12.8
2020-05-27,8809,2766,14490084.0,4841,3968,28.4,23.8,19.1,19.3,9.7,0.0,32.0,1017.3,,100.0,78.9,61.0,17.8,16.5,15.0
2020-05-28,3417,1657,4660952.0,2381,1036,22.8,20.5,18.1,16.1,8.2,0.0,,1013.6,,100.0,95.5,78.0,17.8,17.1,16.1
2020-05-29,4299,1895,8509358.0,3088,1211,25.7,18.4,11.1,29.0,14.8,0.0,59.0,1009.2,,100.0,87.4,72.0,17.8,15.8,11.1
2020-05-30,12040,3175,19475680.0,5113,6927,18.7,13.4,8.0,33.8,14.2,3.2,54.0,1015.2,,100.0,74.9,48.0,12.2,9.6,5.0
2020-05-31,12170,3101,19768592.0,5307,6863,16.3,11.5,6.6,24.1,12.1,0.0,58.0,1022.9,,81.0,58.8,31.0,6.1,3.3,-2.2
2020-06-01,8168,2694,12720580.0,4609,3559,23.7,15.8,7.9,29.0,15.9,3.2,52.0,1021.1,,76.0,55.4,25.0,7.8,5.6,2.8
2020-06-02,6534,2393,11545407.0,4205,2329,27.2,20.1,12.9,38.6,19.2,3.2,55.0,1010.7,,94.0,79.3,60.0,13.9,11.2,7.8
2020-06-03,7436,2575,11074923.0,4607,2829,27.4,20.4,13.4,33.8,13.4,0.0,48.0,1003.7,,100.0,87.2,42.0,17.2,13.9,12.2
2020-06-04,9358,2853,13890643.0,5285,4073,30.0,22.8,15.6,24.1,11.1,3.2,42.0,1007.1,,94.0,79.5,61.0,17.2,14.3,12.2
2020-06-05,7634,2602,10837642.0,4654,2980,28.3,22.7,17.0,45.1,13.4,3.2,59.0,1008.7,,100.0,85.9,65.0,20.0,17.1,13.9
2020-06-06,18287,3564,31123149.0,7632,10655,26.1,20.0,13.9,25.7,14.3,8.0,58.0,1011.4,,94.0,61.6,44.0,15.0,11.8,8.9
2020-06-07,18381,3519,32581450.0,6736,11645,20.9,16.0,11.1,22.5,12.7,0.0,37.0,1017.9,,77.0,62.9,49.0,11.1,9.2,7.2
2020-06-08,9482,2814,13369562.0,5141,4341,22.8,16.4,10.0,14.5,8.2,0.0,,1018.0,,77.0,61.6,43.0,12.8,9.0,7.2
2020-06-09,10895,3007,16665532.0,6027,4868,31.6,23.6,15.6,29.0,9.3,0.0,32.0,1011.2,,88.0,62.8,0.0,17.2,11.5,-17.8
2020-06-10,8258,2748,10318269.0,4887,3371,32.1,24.5,16.9,59.5,19.6,3.2,68.0,1005.3,,100.0,83.4,61.0,20.0,16.7,12.8
2020-06-11,9442,2949,13652886.0,5541,3901,24.3,19.9,15.4,45.1,24.6,8.0,65.0,1011.1,,94.0,72.7,44.0,17.8,13.1,10.0
2020-06-12,10387,3017,14074267.0,5798,4589,17.9,13.6,9.2,35.4,20.4,9.7,65.0,1020.8,,88.0,53.4,39.0,12.2,6.2,1.1
2020-06-13,19097,3643,30671321.0,7236,11861,18.7,13.4,8.0,20.9,13.7,4.8,41.0,1026.5,,77.0,59.9,42.0,8.9,5.3,2.2
2020-06-14,17128,3542,35946955.0,6684,10444,17.6,12.9,8.2,16.1,13.4,9.7,39.0,1030.2,,82.0,60.8,42.0,8.9,6.3,2.2
2020-06-15,9470,2929,13352636.0,5552,3918,21.0,15.0,8.9,20.9,13.2,3.2,39.0,1030.7,,64.0,52.5,40.0,11.1,6.3,2.8
2020-06-16,10762,3123,16117379.0,6426,4336,24.4,17.1,9.7,19.3,10.1,3.2,,1028.1,,72.0,60.5,46.0,10.0,8.7,7.2
2020-06-17,11666,3266,15957743.0,6852,4814,27.5,20.1,12.6,19.3,8.5,0.0,,1023.3,,88.0,68.5,56.0,13.9,11.7,10.0
2020-06-18,11563,3220,15735988.0,6565,4998,29.3,22.3,15.3,22.5,13.4,0.0,,1018.7,,88.0,64.7,50.0,15.0,13.2,12.2
2020-06-19,13228,3484,19546635.0,7114,6114,29.7,23.7,17.6,20.9,8.7,0.0,,1015.8,,94.0,75.4,54.0,20.0,17.1,13.9
2020-06-20,20508,3935,33445253.0,8258,12250,30.6,24.8,18.9,12.9,5.3,0.0,,1015.0,,100.0,81.4,55.0,20.0,18.3,17.2
2020-06-21,16843,3582,27390431.0,7150,9693,30.8,25.0,19.1,22.5,10.9,0.0,33.0,1012.0,,94.0,79.0,61.0,21.1,19.4,17.8
2020-06-22,9196,2974,11428889.0,5459,3737,30.3,25.0,19.6,20.9,9.2,0.0,33.0,1010.9,,100.0,83.7,65.0,21.1,20.2,18.9
2020-06-23,7129,2551,9264060.0,4642,2487,25.5,21.5,17.5,38.6,13.4,3.2,55.0,1002.8,,100.0,89.3,73.0,22.2,20.1,13.9
2020-06-24,10840,3241,14777562.0,6672,4168,23.4,19.4,15.3,41.8,27.2,11.3,61.0,1005.1,,94.0,68.7,46.0,13.9,11.0,8.9
2020-06-25,11648,3408,16491169.0,7112,4536,26.9,18.9,10.9,24.1,11.9,3.2,46.0,1011.4,,94.0,71.6,47.0,13.9,12.2,10.0
2020-06-26,13862,3698,19090219.0,7630,6232,30.2,22.5,14.7,25.7,11.4,0.0,46.0,1011.8,,94.0,73.8,57.0,13.9,12.7,11.1
2020-06-27,17596,3974,25071981.0,7963,9633,29.4,24.3,19.1,27.4,8.9,0.0,46.0,1005.3,,100.0,88.7,54.0,20.0,17.1,12.8
2020-06-28,20094,4068,30846726.0,8405,11689,29.3,23.3,17.3,19.3,10.0,3.2,42.0,1007.3,,100.0,80.4,45.0,17.8,15.8,13.9
2020-06-29,12325,3480,16222864.0,6905,5420,32.1,25.5,18.8,24.1,11.6,0.0,33.0,1012.6,,73.0,64.3,54.0,17.8,16.1,13.9
2020-06-30,13254,3481,17632279.0,7951,5303,27.5,23.4,19.2,20.9,11.9,3.2,35.0,1015.1,,83.0,74.4,69.0,17.8,17.2,16.1
2020-07-01,21373,4178,34699981.0,8356,13017,29.9,24.4,18.9,12.9,6.9,0.0,,1013.7,,94.0,73.0,42.0,21.1,17.7,13.9
2020-07-02,12169,3504,16825032.0,7203,4966,35.5,28.3,21.1,25.7,14.3,8.0,41.0,1012.4,,65.0,47.3,30.0,20.0,16.1,13.9
2020-07-03,13881,3640,17927234.0,7662,6219,32.4,27.4,22.3,22.5,14.2,4.8,45.0,1012.5,,78.0,56.7,46.0,21.1,17.8,13.9
2020-07-04,19845,4052,31162704.0,8467,11378,32.0,26.1,20.2,19.3,10.3,0.0,41.0,1014.5,,69.0,53.0,39.0,17.8,14.4,11.1
2020-07-05,18804,4006,26906839.0,8043,10761,34.0,26.3,18.5,12.9,6.9,0.0,39.0,1014.5,,73.0,54.6,39.0,16.1,13.7,11.1
2020-07-06,12327,3483,14720885.0,7516,4811,31.3,26.0,20.6,24.1,15.4,0.0,,1015.6,,78.0,72.5,65.0,20.0,18.2,16.1
2020-07-07,12854,3546,15964356.0,7907,4947,34.0,27.8,21.6,14.5,9.2,3.2,37.0,1013.1,,83.0,69.7,55.0,22.8,20.1,16.1
2020-07-08,11693,3452,14591655.0,7343,4350,34.6,28.4,22.2,40.2,10.3,0.0,71.0,1012.1,,100.0,81.8,55.0,23.9,22.0,20.0
2020-07-09,13065,3600,16186593.0,8294,4771,34.3,28.4,22.5,24.1,8.4,0.0,42.0,1011.9,,94.0,82.6,62.0,25.0,22.4,21.1
2020-07-10,13547,3590,16976287.0,8188,5359,32.3,26.5,20.6,27.4,15.0,0.0,48.0,1008.7,,94.0,79.8,69.0,23.9,22.1,20.0
2020-07-11,9335,3062,11827918.0,5486,3849,28.4,24.3,20.1,38.6,17.4,3.2,59.0,1003.1,,94.0,84.2,62.0,22.8,21.1,17.2
2020-07-12,19443,4054,27100889.0,8965,10478,27.9,23.1,18.2,25.7,14.8,9.7,39.0,1005.8,,88.0,74.2,61.0,20.0,18.0,15.0
2020-07-13,12482,3577,16322728.0,7829,4653,25.3,21.7,18.0,25.7,15.4,8.0,45.0,1011.1,,83.0,68.0,54.0,17.8,15.9,13.9
2020-07-14,14202,3665,16733194.0,8929,5273,26.8,22.1,17.4,19.3,10.1,0.0,,1016.6,,83.0,76.5,69.0,20.0,17.6,16.1
2020-07-15,15076,3828,20445307.0,9346,5730,28.2,23.3,18.4,19.3,9.7,0.0,,1019.0,,94.0,83.0,65.0,21.1,19.4,17.8
2020-07-16,8637,3020,9550949.0,5985,2652,25.6,23.7,21.7,19.3,11.7,3.2,33.0,1015.3,,100.0,90.0,78.0,22.8,21.9,20.0
2020-07-17,16443,4028,19994460.0,9577,6866,31.4,25.8,20.1,22.5,16.1,9.7,35.0,1016.8,,89.0,78.3,61.0,22.2,20.4,17.8
2020-07-18,22857,4417,32694939.0,9990,12867,33.2,26.7,20.1,24.1,15.4,8.0,45.0,1015.1,,94.0,80.5,65.0,22.8,21.2,20.0
2020-07-19,12740,3572,16771185.0,6751,5989,31.2,26.6,21.9,51.5,20.6,3.2,76.0,1008.1,,100.0,90.4,83.0,22.8,21.1,18.9
2020-07-20,13777,3734,16225244.0,8640,5137,29.6,23.7,17.8,33.8,17.1,9.7,50.0,1011.0,,100.0,70.6,48.0,22.2,17.8,15.0
2020-07-21,14567,3841,17582933.0,9158,5409,26.2,20.8,15.3,16.1,10.0,4.8,,1017.0,,88.0,76.1,68.0,18.9,16.4,13.9
2020-07-22,8609,3016,8459528.0,5994,2615,26.7,23.5,20.2,16.1,9.2,3.2,32.0,1013.9,,100.0,92.4,78.0,22.2,21.0,17.8
2020-07-23,14793,3802,16729110.0,9566,5227,27.6,23.0,18.4,16.1,9.5,0.0,35.0,1016.2,,94.0,82.0,61.0,21.1,18.8,16.1
2020-07-24,16401,3954,20053419.0,9775,6626,27.6,22.6,17.6,22.5,12.4,0.0,,1019.6,,94.0,77.0,65.0,21.1,18.4,16.1
2020-07-25,22538,4377,32440208.0,10672,11866,30.0,23.9,17.8,14.5,8.4,0.0,37.0,1018.3,,94.0,73.0,54.0,21.1,18.3,15.0
2020-07-26,18638,4069,25514108.0,8636,10002,33.5,26.6,19.6,25.7,16.6,8.0,48.0,1013.9,,88.0,77.7,58.0,21.1,19.8,17.8
2020-07-27,10807,3373,11137271.0,7204,3603,32.7,27.3,21.8,25.7,15.1,4.8,54.0,1007.1,,94.0,76.5,58.0,23.9,21.1,18.9
2020-07-28,13983,3789,15240727.0,9195,4788,31.1,24.3,17.5,24.1,15.6,4.8,50.0,1009.1,,94.0,72.0,42.0,18.9,16.7,12.8
2020-07-29,13541,3734,14746629.0,9028,4513,30.7,25.1,19.5,25.7,12.6,3.2,41.0,1009.9,,94.0,73.6,40.0,18.9,17.2,13.9
2020-07-30,14891,3833,16170412.0,9642,5249,28.1,22.5,16.9,20.9,11.6,0.0,39.0,1011.4,,78.0,65.3,54.0,17.2,15.7,12.8
2020-07-31,15566,4014,18587499.0,9381,6185,28.8,23.5,18.1,20.9,10.8,3.2,,1012.1,,83.0,70.6,57.0,20.0,17.7,16.1
2020-08-01,21078,4393,29075627.0,9666,11412,30.0,24.4,18.7,24.1,12.1,0.0,37.0,1012.6,,94.0,80.1,65.0,21.1,19.1,17.2
2020-08-02,7908,2934,9357606.0,4299,3609,28.4,24.0,19.5,37.0,21.9,4.8,67.0,1004.9,,100.0,92.8,78.0,22.8,20.7,17.2
2020-08-03,12575,3603,16360810.0,6910,5665,24.9,21.0,17.1,27.4,14.6,3.2,54.0,1013.9,,100.0,88.8,73.0,18.9,18.1,16.1
2020-08-04,8151,2930,7601388.0,5967,2184,24.6,21.2,17.7,25.7,10.5,0.0,54.0,1011.1,,100.0,90.6,83.0,21.1,19.2,16.1
2020-08-05,15149,3995,16471448.0,9764,5385,23.9,19.1,14.2,27.4,17.9,8.0,52.0,1015.7,,88.0,66.7,43.0,16.1,12.6,7.8
2020-08-06,15073,3937,17171854.0,9712,5361,23.9,18.6,13.3,12.9,8.0,3.2,,1020.0,,94.0,68.5,47.0,15.0,12.8,11.1
2020-08-07,16451,4098,18999398.0,10206,6245,25.6,20.1,14.5,12.9,5.8,0.0,,1020.4,,88.0,73.4,57.0,17.2,15.3,12.8
2020-08-08,23442,4593,35337806.0,10942,12500,27.1,21.5,15.9,25.7,10.0,0.0,,1020.0,,88.0,69.9,51.0,17.8,15.7,12.2
2020-08-09,19074,4290,26347557.0,9332,9742,30.6,25.5,20.4,33.8,14.2,3.2,41.0,1016.4,,94.0,84.9,78.0,20.0,19.0,17.2
2020-08-10,13051,3730,14266683.0,8647,4404,32.1,27.0,21.8,20.9,9.8,0.0,41.0,1013.4,,94.0,83.4,70.0,22.2,20.2,17.8
2020-08-11,13347,3757,14789819.0,9267,4080,28.9,22.3,15.6,27.4,14.5,0.0,45.0,1010.3,,88.0,71.2,44.0,21.1,18.8,12.2
2020-08-12,15357,3947,16674211.0,10038,5319,29.8,22.5,15.1,14.5,6.0,0.0,37.0,1017.7,,88.0,67.9,35.0,17.2,14.7,11.1
2020-08-13,15571,3887,17705835.0,10067,5504,28.9,24.0,19.0,12.9,8.9,0.0,,1019.6,,83.0,64.4,48.0,18.9,16.6,13.9
2020-08-14,16894,3990,19130482.0,10217,6677,28.6,24.7,20.8,25.7,18.8,4.8,35.0,1018.5,,73.0,61.1,50.0,17.8,16.3,13.9
2020-08-15,23206,4363,31048710.0,10850,12356,27.9,22.5,17.1,29.0,19.5,12.9,,1015.1,,94.0,77.1,61.0,22.2,18.4,12.8
2020-08-16,14512,3722,18351876.0,7678,6834,25.8,22.2,18.5,14.5,7.1,0.0,33.0,1013.1,,100.0,84.6,65.0,21.1,19.2,17.8
2020-08-17,10379,3210,10623421.0,7344,3035,27.4,21.2,15.0,37.0,15.4,3.2,48.0,1012.2,,94.0,81.9,61.0,18.9,16.9,15.0
2020-08-18,14353,3891,15138417.0,9573,4780,25.0,19.6,14.1,25.7,15.4,8.0,52.0,1012.3,,82.0,61.9,44.0,15.0,12.8,8.9
2020-08-19,16000,4099,18273603.0,10374,5626,23.7,17.5,11.3,19.3,11.4,3.2,39.0,1016.5,,77.0,55.0,36.0,11.1,9.6,6.1
2020-08-20,16476,4079,17355729.0,11075,5401,27.6,19.3,11.0,32.2,13.4,0.0,45.0,1015.5,,77.0,68.3,60.0,18.9,14.1,10.0
2020-08-21,16455,3941,17943044.0,10601,5854,30.6,24.0,17.4,20.9,12.4,3.2,45.0,1011.8,,88.0,69.6,51.0,20.0,17.6,12.2
2020-08-22,22863,4389,29246053.0,11113,11750,31.1,25.0,18.9,19.3,10.0,0.0,,1012.6,,94.0,82.0,65.0,22.2,20.5,18.9
2020-08-23,19888,4111,25056562.0,10026,9862,31.7,25.1,18.4,22.5,8.9,0.0,42.0,1014.5,,94.0,74.8,51.0,21.1,19.7,17.8
2020-08-24,14309,3683,14661578.0,9642,4667,32.7,26.6,20.4,25.7,14.0,4.8,42.0,1013.1,,94.0,77.5,43.0,22.8,21.2,17.8
2020-08-25,15768,3898,16579792.0,10509,5259,28.0,22.5,17.0,27.4,18.0,9.7,54.0,1012.0,,94.0,65.1,39.0,22.2,17.2,12.2
2020-08-26,12301,3499,12019569.0,8322,3979,21.2,17.7,14.1,20.9,8.7,0.0,,1015.8,,100.0,79.3,60.0,18.9,15.1,8.9
2020-08-27,14333,3709,15311248.0,10117,4216,30.2,24.1,17.9,32.2,14.3,0.0,55.0,1006.4,,100.0,83.0,54.0,22.2,19.8,17.2
2020-08-28,16632,3949,18779841.0,10897,5735,24.0,20.4,16.7,20.9,12.4,3.2,33.0,1009.6,,100.0,80.5,64.0,18.9,16.8,15.0
2020-08-29,18015,4087,21538542.0,9867,8148,27.0,21.6,16.2,45.1,23.5,4.8,68.0,999.4,,94.0,79.6,53.0,21.1,18.0,12.2
2020-08-30,21406,4291,26276326.0,10697,10709,23.7,18.8,13.9,25.7,11.7,0.0,35.0,1009.8,,82.0,71.2,50.0,15.0,12.9,11.1
2020-08-31,14451,3776,14985375.0,9794,4657,25.2,19.9,14.5,38.6,19.5,3.2,39.0,1014.2,,88.0,73.3,57.0,17.8,15.0,12.2
2020-09-01,14475,3816,14167620.0,10121,4354,28.1,23.4,18.6,19.3,6.8,0.0,39.0,1012.8,,94.0,87.3,74.0,21.1,19.2,17.8
2020-09-02,15168,3950,13752834.0,9631,5537,28.3,23.1,17.8,32.2,12.2,0.0,58.0,1006.1,,100.0,84.3,44.0,22.2,19.6,12.8
2020-09-03,15212,3969,15636789.0,10435,4777,28.6,21.8,14.9,40.2,17.1,3.2,59.0,1006.7,,82.0,72.3,61.0,17.8,15.9,12.8
2020-09-04,16354,4036,17822401.0,10442,5912,23.0,17.7,12.4,35.4,21.4,9.7,59.0,1013.5,,82.0,57.2,35.0,12.8,9.6,6.1
2020-09-05,19757,4270,23991649.0,9302,10455,21.1,16.3,11.5,25.7,14.3,3.2,35.0,1020.0,,77.0,66.3,53.0,13.9,11.6,10.0
2020-09-06,23554,4510,30716697.0,9736,13818,22.0,15.7,9.4,19.3,11.3,4.8,32.0,1020.4,,83.0,65.3,46.0,15.0,10.3,7.2
2020-09-07,11797,3566,13962138.0,6413,5384,25.2,20.4,15.6,49.9,25.6,8.0,63.0,1009.7,,94.0,84.7,59.0,17.8,16.6,10.0
2020-09-08,11045,3390,9240508.0,8609,2436,16.5,15.5,14.4,19.3,12.2,3.2,,1019.9,,82.0,71.9,59.0,12.8,11.2,8.9
2020-09-09,13798,3814,14350905.0,8530,5268,18.5,16.1,13.6,19.3,10.3,3.2,,1024.0,,100.0,94.7,82.0,17.2,15.2,12.8
2020-09-10,13298,3750,12387299.0,9700,3598,19.8,16.4,13.0,22.5,10.6,0.0,41.0,1024.9,,100.0,88.8,64.0,17.2,15.3,10.0
2020-09-11,14103,3811,14309103.0,10333,3770,17.6,14.6,11.6,22.5,11.6,0.0,,1027.5,,82.0,72.3,63.0,11.1,9.0,7.2
2020-09-12,19619,4347,24100460.0,10777,8842,21.4,15.9,10.4,29.0,15.8,3.2,33.0,1021.1,,94.0,80.8,64.0,17.8,13.8,11.1
2020-09-13,15077,3886,18260404.0,8551,6526,26.1,20.0,13.8,45.1,15.6,3.2,59.0,1012.9,,100.0,84.7,50.0,20.0,17.1,12.2
2020-09-14,11848,3596,10553229.0,9158,2690,17.5,12.1,6.7,22.5,14.6,4.8,45.0,1025.7,,77.0,55.9,37.0,12.8,5.9,0.0
2020-09-15,11881,3519,10229887.0,9386,2495,19.8,12.4,5.0,32.2,14.3,3.2,33.0,1025.5,,82.0,72.5,60.0,12.8,9.3,6.1
2020-09-16,17693,4301,18062298.0,10204,7489,25.4,19.8,14.1,33.8,23.3,8.0,42.0,1015.4,,83.0,76.8,68.0,17.2,14.4,11.1
2020-09-17,12683,3759,13613147.0,9360,3323,19.2,13.4,7.5,24.1,15.8,4.8,41.0,1018.0,,82.0,63.8,47.0,12.2,9.3,1.1
2020-09-18,12266,3568,10694833.0,9402,2864,15.9,10.6,5.3,24.1,16.3,4.8,50.0,1023.9,,62.0,45.4,34.0,2.8,0.4,-1.1
2020-09-19,15859,4102,17935060.0,9494,6365,14.4,8.8,3.1,20.9,11.6,0.0,32.0,1030.1,,62.0,47.5,38.0,2.2,0.2,-1.1
2020-09-20,15423,3930,18263269.0,9109,6314,16.8,13.0,9.1,14.5,9.3,4.8,35.0,1034.1,,67.0,52.0,38.0,6.1,3.8,-1.1
2020-09-21,11012,3482,9963221.0,8693,2319,19.5,11.8,4.1,14.5,10.6,4.8,32.0,1032.7,,71.0,61.3,52.0,10.0,7.5,5.0
2020-09-22,11877,3555,10384685.0,9431,2446,21.5,14.1,6.7,14.5,6.4,0.0,,1021.9,,94.0,73.5,52.0,12.8,10.0,7.8
2020-09-23,18411,4256,18048091.0,10343,8068,27.6,19.9,12.2,29.0,10.9,3.2,41.0,1013.4,,88.0,63.8,32.0,15.0,12.1,8.9
2020-09-24,11872,3445,10351958.0,8839,3033,25.1,18.5,11.8,19.3,7.2,0.0,35.0,1013.2,,100.0,89.5,69.0,17.2,15.3,12.2
2020-09-25,14588,3800,14063417.0,10578,4010,24.4,19.3,14.1,16.1,9.3,0.0,,1016.1,,100.0,91.4,83.0,17.2,16.6,15.0
2020-09-26,20889,4387,25207202.0,11121,9768,25.9,19.0,12.0,20.9,10.8,0.0,39.0,1012.9,,100.0,90.7,65.0,17.8,16.3,15.0
2020-09-27,18502,4162,22377567.0,9762,8740,27.2,23.4,19.6,25.7,15.6,3.2,42.0,1007.6,,94.0,83.0,73.0,17.8,17.3,17.2
2020-09-28,11985,3518,10748489.0,9159,2826,26.7,20.7,14.7,35.4,13.0,3.2,54.0,1004.8,,100.0,85.0,69.0,18.9,17.2,15.0
2020-09-29,10718,3288,8935393.0,8671,2047,19.0,15.9,12.8,32.2,22.2,12.9,41.0,1007.6,,94.0,81.3,64.0,15.0,12.8,11.1
2020-09-30,9898,3017,8237923.0,6721,3177,19.0,14.6,10.1,57.9,25.1,8.0,61.0,1001.2,,94.0,82.8,59.0,12.2,10.9,8.9
2020-10-01,11177,3395,9142635.0,8522,2655,17.9,13.1,8.3,33.8,20.3,8.0,48.0,1009.3,,94.0,78.1,59.0,10.0,8.9,7.2
2020-10-02,10159,3186,8196561.0,8261,1898,15.5,10.5,5.5,20.9,11.6,3.2,35.0,1015.5,,93.0,73.0,55.0,8.9,6.8,3.9
2020-10-03,13316,3640,14240100.0,8694,4622,13.0,8.2,3.3,16.1,9.5,4.8,,1022.8,,82.0,70.1,54.0,7.2,4.2,1.1
2020-10-04,5773,2287,4697284.0,4497,1276,11.4,8.6,5.7,20.9,10.3,0.0,,1020.8,,100.0,86.9,72.0,10.0,8.2,6.1
2020-10-05,10146,3172,8599661.0,8228,1918,15.1,11.2,7.2,22.5,10.8,3.2,,1020.5,,100.0,86.7,63.0,10.0,8.1,6.1
2020-10-06,10270,3263,8611061.0,8390,1880,19.5,13.7,7.8,27.4,15.9,4.8,52.0,1012.7,,93.0,82.8,72.0,11.1,8.9,7.2
2020-10-07,8647,2977,6892021.0,7159,1488,18.5,13.9,9.2,51.5,27.4,4.8,84.0,1005.2,,94.0,74.1,48.0,11.1,8.8,5.0
2020-10-08,8666,2827,7465603.0,7215,1451,16.5,10.9,5.3,14.5,7.2,0.0,59.0,1017.7,,100.0,82.5,67.0,10.0,7.2,3.9
2020-10-09,11814,3415,10233879.0,8992,2822,18.3,10.6,2.8,14.5,5.5,0.0,35.0,1018.0,,100.0,88.8,63.0,10.0,6.7,3.9
2020-10-10,13476,3613,15909852.0,8168,5308,22.1,15.0,7.8,32.2,17.2,8.0,50.0,1009.2,,94.0,78.5,48.0,17.2,10.5,6.1
2020-10-11,9130,3005,10582179.0,5781,3349,11.7,8.6,5.4,38.6,28.5,11.3,41.0,1021.8,,82.0,71.4,66.0,6.1,4.2,2.8
2020-10-12,8199,2829,9582246.0,5252,2947,16.4,12.0,7.6,40.2,25.3,11.3,39.0,1015.1,,94.0,85.2,71.0,12.2,10.1,3.9
2020-10-13,10293,3160,9800542.0,7880,2413,18.0,14.1,10.1,27.4,13.0,0.0,46.0,1012.5,,100.0,82.3,42.0,12.2,9.6,3.9
2020-10-14,10210,3130,9140153.0,7747,2463,17.4,11.9,6.3,19.3,12.7,3.2,35.0,1012.5,,93.0,69.6,51.0,8.9,6.8,5.0
2020-10-15,4469,1949,3311968.0,3725,744,17.2,12.1,6.9,40.2,20.3,4.8,58.0,1007.0,,94.0,84.8,67.0,12.2,10.0,7.2
2020-10-16,9954,3095,8353408.0,7725,2229,12.2,7.4,2.6,27.4,17.7,3.2,41.0,1019.4,,87.0,61.3,33.0,7.2,1.6,-5.0
2020-10-17,13847,3682,15504774.0,8346,5501,13.5,8.1,2.6,41.8,21.6,3.2,39.0,1023.5,,81.0,68.1,54.0,6.1,4.2,2.2
2020-10-18,8703,2890,8563095.0,6060,2643,14.2,10.3,6.3,27.4,14.6,4.8,46.0,1021.1,,94.0,78.0,58.0,10.0,8.1,5.0
2020-10-19,4700,1972,3356936.0,4121,579,8.1,7.0,5.9,29.0,13.2,0.0,33.0,1023.9,,93.0,86.2,76.0,7.2,5.9,3.9
2020-10-20,8161,2748,6885002.0,6827,1334,11.5,8.8,6.0,22.5,12.7,3.2,33.0,1024.3,,93.0,78.9,62.0,7.8,5.7,3.9
2020-10-21,7916,2773,6398029.0,6308,1608,17.2,12.2,7.1,27.4,15.9,0.0,55.0,1019.2,,100.0,91.3,59.0,15.0,10.3,6.1
2020-10-22,7669,2641,6355168.0,6266,1403,12.3,10.4,8.5,27.4,9.7,0.0,32.0,1023.6,,100.0,90.2,77.0,12.2,9.1,7.2
2020-10-23,12120,3466,12195106.0,8631,3489,24.7,16.5,8.2,38.6,17.2,4.8,63.0,1012.8,,100.0,93.8,68.0,16.1,12.9,7.8
2020-10-24,10227,3185,10348476.0,6620,3607,8.4,5.5,2.6,33.8,16.7,4.8,55.0,1020.0,,82.0,68.0,53.0,7.2,1.4,-1.1
2020-10-25,7068,2612,6457435.0,4982,2086,6.4,4.1,1.8,35.4,24.1,4.8,35.0,1025.2,,87.0,70.4,57.0,3.9,0.9,-2.2
2020-10-26,6001,2358,5245010.0,4939,1062,8.1,5.3,2.4,29.0,11.3,3.2,,1020.7,,87.0,74.2,57.0,3.9,2.0,-2.2
2020-10-27,5036,2080,3756678.0,4082,954,7.3,4.4,1.5,19.3,10.9,0.0,,1023.4,,93.0,85.0,71.0,6.1,4.1,2.2
2020-10-28,8595,2971,7439459.0,6800,1795,11.8,7.1,2.4,33.8,19.3,8.0,45.0,1015.9,,81.0,69.8,44.0,5.0,2.4,0.0
2020-10-29,6851,2551,5197299.0,5537,1314,10.8,6.5,2.1,27.4,15.4,0.0,39.0,1011.0,,87.0,76.4,71.0,7.2,3.1,1.1
2020-10-30,6629,2537,4978747.0,5231,1398,2.3,-1.0,-4.3,20.9,14.8,9.7,33.0,1020.2,,81.0,65.5,56.0,0.0,-3.9,-7.2
2020-10-31,8368,2955,8176132.0,5657,2711,6.7,0.7,-5.4,25.7,11.4,3.2,35.0,1028.5,,75.0,64.8,52.0,2.8,-3.2,-6.1
2020-11-01,3797,1834,2919575.0,2981,816,11.2,5.6,0.0,56.3,31.9,16.1,76.0,1007.9,10.0,100.0,78.7,54.0,8.9,2.2,-2.8
2020-11-02,4571,1957,3303178.0,3785,786,7.2,2.6,-2.1,45.1,28.6,12.9,81.0,1013.6,0.0,87.0,68.7,49.0,0.0,-3.3,-6.1
2020-11-03,5998,2398,4439202.0,4945,1053,7.1,5.5,3.8,40.2,16.9,4.8,52.0,1017.0,,87.0,66.4,57.0,3.9,0.4,-2.8
2020-11-04,8710,2949,7696907.0,6477,2233,19.6,10.7,1.8,25.7,11.1,0.0,45.0,1020.4,,100.0,83.9,63.0,8.9,6.7,3.9
2020-11-05,8732,2933,7587541.0,6674,2058,19.2,15.3,11.4,27.4,13.7,0.0,35.0,1020.3,,88.0,80.0,72.0,10.0,8.4,7.2
2020-11-06,10569,3253,9885381.0,7265,3304,20.8,15.0,9.1,29.0,14.8,3.2,35.0,1020.4,,94.0,85.0,72.0,10.0,9.0,7.8
2020-11-07,16703,3977,20511879.0,8449,8254,21.0,15.2,9.4,19.3,9.5,0.0,35.0,1022.3,,94.0,84.9,72.0,10.0,8.9,7.8
2020-11-08,15071,3763,19641887.0,7519,7552,20.1,13.2,6.2,,,,,1026.2,,,,,,,
2020-11-09,8978,2999,8482871.0,6286,2692,19.5,13.2,6.9,25.7,13.7,3.2,,1023.5,,93.0,77.5,72.0,8.9,7.7,7.2
2020-11-10,11258,3239,11386433.0,7497,3761,24.3,16.1,7.8,16.1,8.5,0.0,35.0,1014.3,,88.0,78.8,64.0,12.8,9.9,6.1
2020-11-11,9656,2946,8416195.0,6722,2934,18.2,11.9,5.5,32.2,15.3,0.0,46.0,1011.1,,100.0,76.1,47.0,12.8,8.8,0.0
2020-11-12,7098,2463,5813299.0,5441,1657,9.8,6.8,3.7,14.5,8.4,0.0,,1021.0,,81.0,63.3,53.0,2.2,-0.1,-2.2
2020-11-13,6851,2360,5592718.0,5341,1510,9.0,6.2,3.3,32.2,16.6,0.0,46.0,1016.0,,76.0,67.3,57.0,2.8,1.4,-2.2
2020-11-14,8020,2642,8042082.0,5349,2671,7.6,3.9,0.1,20.9,14.3,8.0,39.0,1021.6,,70.0,60.8,46.0,0.0,-2.1,-3.9
2020-11-15,2697,1295,1886455.0,2150,547,13.2,8.2,3.1,82.1,37.5,12.9,91.0,1002.6,,93.0,78.3,57.0,8.9,5.1,-1.1
2020-11-16,4811,1943,3425024.0,4015,796,4.1,2.6,1.1,49.9,38.5,20.9,68.0,1011.4,,76.0,64.9,57.0,1.1,-1.3,-2.8
2020-11-17,5067,1972,3810358.0,4113,954,3.0,-1.2,-5.4,46.7,23.5,14.5,74.0,1019.4,0.0,80.0,63.3,38.0,-1.1,-6.5,-11.1
2020-11-18,5113,1955,3556136.0,4188,925,1.5,-2.4,-6.2,16.1,8.2,0.0,,1033.0,0.0,75.0,65.3,59.0,-1.1,-8.1,-11.1
2020-11-19,6866,2351,5291998.0,5460,1406,15.0,8.3,1.5,33.8,21.1,11.3,59.0,1019.7,,81.0,68.1,54.0,5.0,2.4,0.0
2020-11-20,9384,2757,8198019.0,6636,2748,17.8,12.0,6.1,32.2,19.5,3.2,52.0,1019.2,,87.0,71.3,58.0,6.1,4.9,2.8
2020-11-21,6679,2324,6057015.0,4762,1917,6.0,3.2,0.3,20.9,14.0,9.7,42.0,1031.7,,71.0,58.1,49.0,2.8,-2.3,-5.0
2020-11-22,1439,841,1044332.0,1152,287,1.9,0.5,-1.0,38.6,23.8,3.2,41.0,1025.4,70.0,100.0,89.1,56.0,1.1,-0.4,-5.0
2020-11-23,3276,1514,2367932.0,2635,641,3.5,-0.4,-4.2,25.7,20.0,4.8,41.0,1020.3,170.0,93.0,84.7,70.0,2.2,-0.1,-2.2
2020-11-24,3832,1672,3002494.0,3065,767,2.1,0.2,-1.7,32.2,19.0,4.8,37.0,1027.7,110.0,93.0,78.1,64.0,1.1,-2.1,-6.1
2020-11-25,3467,1514,2563363.0,2773,694,8.3,4.8,1.3,24.1,14.8,8.0,,1016.5,80.0,100.0,92.3,81.0,7.2,4.5,1.1
2020-11-26,5000,1849,3813984.0,3961,1039,11.9,9.3,6.6,27.4,17.1,0.0,41.0,1011.9,,100.0,96.0,76.0,8.9,6.9,3.9
2020-11-27,5552,2046,4776648.0,4331,1221,7.8,6.4,4.9,20.9,13.0,8.0,,1017.1,,93.0,84.0,71.0,5.0,4.0,2.8
2020-11-28,6267,2207,6357603.0,4209,2058,7.0,4.4,1.8,33.8,23.0,12.9,41.0,1016.2,,87.0,70.2,49.0,3.9,0.5,-2.8
2020-11-29,5999,2128,7322651.0,3923,2076,10.8,5.8,0.7,29.0,17.7,3.2,39.0,1014.8,,93.0,76.8,66.0,5.0,1.9,-1.1
2020-11-30,1795,1005,1749060.0,1521,274,5.5,2.3,-0.9,29.0,18.5,0.0,58.0,1003.8,10.0,93.0,87.3,81.0,5.0,1.8,-1.1
2020-12-01,1961,901,1386144.0,1538,423,-0.1,-1.2,-2.2,27.4,19.6,9.7,55.0,1000.3,90.0,93.0,86.1,75.0,-1.1,-2.5,-3.9
2020-12-02,3871,1539,3060476.0,3064,807,3.8,1.2,-1.4,38.6,21.7,11.3,52.0,1013.4,110.0,93.0,73.4,45.0,-2.2,-3.3,-6.1
2020-12-03,4435,1684,3296585.0,3446,989,4.1,1.3,-1.5,40.2,27.8,12.9,46.0,1015.9,50.0,76.0,67.4,61.0,1.1,-1.9,-3.9
2020-12-04,3252,1354,2347625.0,2626,626,3.4,1.6,-0.2,46.7,25.9,11.3,32.0,1011.4,0.0,93.0,84.9,70.0,1.1,0.9,0.0
2020-12-05,4060,1696,3377096.0,3014,1046,1.7,-1.4,-4.5,27.4,16.9,8.0,48.0,1016.4,,87.0,77.8,65.0,0.0,-3.2,-7.2
2020-12-06,3691,1557,3053385.0,2622,1069,0.7,-2.8,-6.3,25.7,14.2,8.0,39.0,1017.5,0.0,80.0,71.6,56.0,-6.1,-6.7,-7.2
2020-12-07,3218,1476,2146567.0,2661,557,1.0,-2.7,-6.3,27.4,18.2,4.8,45.0,1014.3,0.0,80.0,71.0,56.0,-6.1,-7.2,-8.9
2020-12-08,3761,1545,2825654.0,3037,724,1.9,-2.4,-6.7,35.4,17.2,8.0,39.0,1013.5,,80.0,68.5,52.0,-2.2,-6.4,-10.0
2020-12-09,2676,1201,1969625.0,2145,531,4.4,2.3,0.1,38.6,26.2,12.9,42.0,1006.6,40.0,100.0,89.1,70.0,2.2,0.6,-2.2
2020-12-10,4312,1684,3199034.0,3442,870,5.9,3.4,0.9,22.5,12.4,3.2,,1017.7,0.0,100.0,86.2,61.0,2.8,1.8,0.0
2020-12-11,5125,1946,3997362.0,3905,1220,9.4,5.1,0.8,19.3,8.4,0.0,,1016.2,,100.0,86.6,71.0,3.9,2.9,1.1
2020-12-12,2358,1143,1811101.0,1733,625,9.1,6.3,3.4,45.1,29.3,8.0,46.0,1010.9,,100.0,92.6,81.0,6.1,3.9,2.2
2020-12-13,3562,1558,3031405.0,2686,876,5.1,2.3,-0.6,38.6,24.6,11.3,54.0,1015.5,,87.0,74.0,65.0,5.0,-1.1,-3.9
2020-12-14,3514,1624,3017182.0,2792,722,1.7,-0.4,-2.5,38.6,21.6,8.0,59.0,1016.5,0.0,75.0,66.0,52.0,-2.2,-4.6,-7.8
2020-12-15,3351,1484,2243892.0,2626,725,-2.4,-5.1,-7.7,27.4,15.3,3.2,37.0,1028.5,0.0,80.0,65.8,49.0,-5.0,-8.4,-16.1
2020-12-16,2506,1214,1672788.0,1975,531,-5.6,-7.2,-8.7,57.9,41.5,20.9,52.0,1025.6,0.0,93.0,82.1,46.0,-5.0,-7.7,-16.1
2020-12-17,3061,1389,2110972.0,2453,608,-2.7,-5.4,-8.0,29.0,16.3,11.3,,1021.8,20.0,86.0,72.1,59.0,-7.8,-9.8,-11.1
2020-12-18,3790,1550,2838542.0,2833,957,-1.3,-5.5,-9.7,22.5,11.7,3.2,,1029.5,0.0,80.0,50.9,33.0,-3.9,-12.8,-20.0
2020-12-19,2939,1302,2414901.0,2300,639,2.5,0.3,-2.0,29.0,14.5,8.0,,1023.1,0.0,100.0,82.8,70.0,2.2,-0.4,-3.9
2020-12-20,2972,1204,2450454.0,2255,717,5.0,2.3,-0.4,37.0,20.1,9.7,48.0,1012.1,0.0,100.0,91.6,70.0,3.9,2.4,-2.2
2020-12-21,3789,1572,2853110.0,2877,912,4.3,1.5,-1.3,27.4,10.3,0.0,,1006.6,,100.0,86.6,75.0,2.8,0.8,-2.8
2020-12-22,3737,1571,2945402.0,2856,881,2.7,1.0,-0.8,41.8,20.1,4.8,61.0,1014.3,,93.0,73.5,60.0,1.1,-2.0,-5.0
2020-12-23,4198,1671,3214886.0,3128,1070,6.3,3.4,0.5,20.9,13.5,4.8,39.0,1018.2,,87.0,73.3,60.0,2.8,-0.4,-5.0
2020-12-24,2147,1053,1784322.0,1623,524,9.6,3.4,-2.8,38.6,16.4,3.2,50.0,1004.9,10.0,100.0,88.9,76.0,6.1,1.9,-2.2
2020-12-25,666,333,784484.0,465,201,-0.4,-2.9,-5.4,49.9,29.5,16.1,58.0,1000.0,110.0,93.0,83.1,65.0,-2.2,-3.9,-6.1
2020-12-26,994,461,1072739.0,707,287,-2.5,-4.0,-5.5,59.5,38.8,0.0,54.0,1008.1,160.0,86.0,82.0,74.0,-3.9,-5.3,-7.2
2020-12-27,1613,752,1246182.0,1231,382,2.5,-0.6,-3.7,33.8,18.7,3.2,41.0,1017.5,150.0,87.0,76.7,64.0,0.0,-3.3,-6.1
2020-12-28,2174,1070,1635699.0,1616,558,4.4,0.4,-3.6,53.1,30.4,3.2,67.0,1014.0,50.0,93.0,78.1,60.0,3.9,-0.8,-7.2
2020-12-29,2861,1374,2229515.0,2128,733,-1.2,-3.4,-5.6,25.7,18.0,8.0,37.0,1031.7,20.0,74.0,60.9,51.0,-7.2,-8.8,-10.0
2020-12-30,1566,825,1144268.0,1146,420,5.1,0.7,-3.7,40.2,19.8,3.2,59.0,1015.9,40.0,93.0,84.9,60.0,3.9,-0.4,-7.8
2020-12-31,3188,1392,2403107.0,2298,890,1.5,-0.8,-3.0,45.1,18.3,3.2,54.0,1022.3,10.0,80.0,67.1,60.0,-2.2,-4.4,-6.1
2021-12-01,7068,2486,4867646.0,5580,1488,5.0,2.1,-0.8,27.4,17.4,8.0,39.0,1016.2,20.0,81.0,72.5,61.0,2.2,-0.4,-2.8
2021-12-02,6887,2445,4880857.0,5341,1546,10.5,5.9,1.3,51.5,28.8,4.8,67.0,1002.3,,100.0,80.2,50.0,6.1,3.1,-3.9
2021-12-03,7212,2488,5038226.0,5600,1612,1.5,0.5,-0.6,33.8,23.8,9.7,53.0,1017.6,,65.0,56.4,48.0,-2.8,-6.4,-7.8
2021-12-04,5869,2299,5829404.0,4235,1634,5.2,2.3,-0.7,46.7,25.1,4.8,59.0,1018.4,,81.0,63.5,45.0,0.0,-3.3,-6.1
2021-12-05,4131,1845,2955704.0,2987,1144,4.1,0.2,-3.8,53.1,31.2,4.8,55.0,1021.5,10.0,100.0,81.2,56.0,3.9,-0.8,-6.1
2021-12-06,4907,1976,3046727.0,3907,1000,11.2,4.4,-2.4,62.8,33.3,4.8,84.0,1002.6,0.0,100.0,83.5,56.0,7.8,2.1,-6.1
2021-12-07,5771,2161,3771621.0,4577,1194,-1.6,-4.4,-7.2,33.8,24.5,14.5,42.0,1020.8,0.0,80.0,64.4,51.0,-3.9,-7.9,-11.1
2021-12-08,3825,1509,2852714.0,3046,779,-1.0,-3.8,-6.6,27.4,10.6,0.0,35.0,1017.2,10.0,93.0,82.9,50.0,-2.2,-5.3,-12.8
2021-12-09,4908,1836,3353531.0,3850,1058,0.1,-2.9,-5.3,25.7,20.1,8.0,37.0,1019.9,20.0,100.0,80.3,59.0,0.0,-3.9,-8.9
2021-12-10,6683,2263,5302337.0,5102,1581,5.6,3.2,0.8,40.2,17.7,0.0,31.0,1014.2,20.0,93.0,82.6,70.0,2.8,1.2,-1.1
2021-12-11,5674,2156,4322684.0,4022,1652,17.9,9.5,1.1,70.8,36.4,3.2,96.0,996.7,,100.0,87.2,54.0,10.0,3.9,-3.9
2021-12-12,5556,2198,4421268.0,3801,1755,6.9,3.1,-0.7,40.2,29.3,20.9,60.0,1016.5,,81.0,68.4,56.0,1.1,-1.7,-3.9
2021-12-13,6691,2437,4929438.0,5079,1612,9.3,5.9,2.4,35.4,25.1,14.5,46.0,1020.7,,87.0,68.9,57.0,2.8,0.5,-1.1
2021-12-14,6718,2368,4826481.0,5094,1624,6.8,3.8,0.7,37.0,22.2,9.7,44.0,1034.0,,87.0,76.5,65.0,2.2,0.3,-1.1
2021-12-15,5815,2033,4160878.0,4480,1335,12.9,8.3,3.6,38.6,21.7,4.8,38.0,1023.8,,87.0,82.3,66.0,5.0,2.6,0.0
2021-12-16,6882,2362,5227680.0,5236,1646,17.1,10.4,3.6,53.1,28.2,3.2,94.0,1006.1,,94.0,68.9,47.0,8.9,4.6,-2.2
2021-12-17,6984,2371,5850059.0,5188,1796,5.2,2.4,-0.4,35.4,25.6,11.3,53.0,1020.6,,70.0,59.0,46.0,-2.2,-3.7,-6.1
2021-12-18,1874,1018,1522688.0,1408,466,0.3,-1.6,-3.4,41.8,27.2,8.0,40.0,1018.8,0.0,100.0,84.6,65.0,0.0,-2.6,-6.1
2021-12-19,2568,1037,1970182.0,1863,705,-2.5,-4.5,-6.8,25.7,13.5,3.2,32.0,1026.0,80.0,80.0,72.0,51.0,-6.1,-7.7,-11.1
2021-12-20,3984,1622,2897842.0,2963,1021,3.7,-1.0,-7.8,37.0,20.4,3.2,46.0,1021.2,40.0,81.0,75.5,69.0,0.0,-3.6,-8.9
2021-12-21,4706,1923,3588239.0,3482,1224,3.4,1.1,-1.2,29.0,18.2,0.0,35.0,1013.6,10.0,81.0,67.5,52.0,0.0,-3.2,-7.2
2021-12-22,3633,1652,2780784.0,2721,912,3.5,-0.3,-4.1,51.5,34.1,14.5,69.0,1007.8,10.0,80.0,66.3,55.0,1.1,-6.1,-8.9
2021-12-23,3723,1668,2696122.0,2687,1036,-0.5,-3.6,-6.6,24.1,16.6,8.0,33.0,1019.3,10.0,93.0,80.4,51.0,-1.1,-4.1,-10.0
2021-12-24,2740,1309,1987443.0,1913,827,2.8,1.1,-0.6,48.3,24.0,4.8,32.0,1012.0,50.0,93.0,90.2,81.0,2.2,0.1,-1.1
2021-12-25,1647,877,1584605.0,976,671,7.0,4.7,2.3,38.6,19.2,0.0,48.0,1001.3,0.0,100.0,92.5,76.0,5.0,3.7,1.1
2021-12-26,2656,1354,2286257.0,1655,1001,3.2,-1.2,-5.5,27.4,20.1,8.0,37.0,1017.6,,81.0,69.2,56.0,1.1,-2.8,-7.8
2021-12-27,1265,756,955753.0,873,392,0.1,-3.1,-6.2,59.5,38.9,9.7,48.0,1014.1,40.0,100.0,90.9,68.0,1.1,-2.3,-10.0
2021-12-28,3054,1466,2356616.0,2025,1029,2.3,0.9,-0.6,40.2,17.2,3.2,57.0,1009.8,20.0,100.0,80.5,56.0,2.2,-1.4,-5.0
2021-12-29,3521,1668,2896184.0,2440,1081,2.2,1.0,-0.3,32.2,20.8,4.8,,1011.7,10.0,100.0,91.1,81.0,2.8,0.9,-1.1
2021-12-30,4065,1785,2938443.0,2836,1229,2.2,1.1,0.0,24.1,12.6,4.8,,1013.8,,87.0,80.5,70.0,1.1,-0.4,-2.2
2021-12-31,4832,1973,4279555.0,3186,1646,6.7,4.3,1.9,27.4,16.1,3.2,,1010.7,,100.0,93.1,81.0,3.9,2.9,0.0
