W_date,W_Temp_Max,W_Temp_Avg,W_Temp_Min,W_Max_wind,W_Avg_wind,W_Min_wind,W_Wind_Gust,W_Air_Pressure,W_Snow_Depth,W_Max_humid,W_Avg_humid,W_Min_humid,W_Max_Dp,W_Avg_dp,W_Min_Dp
2019-01-01,5.2,-1.4,-8.0,37.0,21.4,3.2,58.0,1015.1,,100.0,85.5,64.0,6.1,-0.6,-11.1
2019-01-02,-0.5,-4.9,-9.3,20.9,11.9,8.0,,1023.0,0.0,100.0,84.0,74.0,0.0,-5.1,-11.1
2019-01-03,0.8,-1.0,-2.8,37.0,18.2,0.0,46.0,1013.3,30.0,100.0,86.0,69.0,0.0,-1.9,-5.0
2019-01-04,8.0,3.6,-0.8,29.0,18.8,8.0,54.0,1007.6,30.0,87.0,80.7,70.0,2.2,0.1,-1.1
2019-01-05,4.0,1.2,-1.7,32.2,16.3,3.2,33.0,1006.1,0.0,93.0,83.7,75.0,1.1,-0.1,-1.1
2019-01-06,4.0,-1.7,-7.3,29.0,19.6,11.3,52.0,1021.3,,93.0,68.6,46.0,2.8,-4.1,-13.9
2019-01-07,5.7,-1.4,-8.4,46.7,26.6,8.0,63.0,1023.2,0.0,93.0,73.3,58.0,2.2,-5.7,-12.8
2019-01-08,8.2,5.3,2.4,32.2,12.7,0.0,50.0,1004.6,,100.0,90.2,76.0,7.2,3.3,2.2
2019-01-09,2.3,-1.3,-4.9,48.3,29.5,16.1,71.0,1007.9,0.0,87.0,68.1,55.0,2.2,-4.9,-8.9
2019-01-10,-4.6,-8.0,-11.4,41.8,26.6,11.3,61.0,1018.8,0.0,79.0,66.8,54.0,-7.8,-11.2,-13.9
2019-01-11,-7.5,-10.7,-13.8,32.2,15.8,3.2,41.0,1030.2,0.0,73.0,53.6,36.0,-13.9,-17.5,-20.0
2019-01-12,-4.3,-6.7,-9.0,22.5,13.0,0.0,,1034.3,,68.0,58.8,50.0,-11.1,-12.5,-15.0
2019-01-13,-5.4,-8.7,-11.9,27.4,22.0,14.5,,1032.4,,79.0,68.5,46.0,-10.0,-12.4,-16.1
2019-01-14,-0.8,-4.3,-7.8,24.1,12.6,3.2,,1026.0,,86.0,74.3,64.0,-6.1,-7.7,-10.0
2019-01-15,0.1,-2.0,-4.1,46.7,27.2,12.9,54.0,1019.1,,86.0,81.0,74.0,-2.8,-3.6,-6.1
2019-01-16,-0.3,-6.3,-12.2,41.8,32.7,8.0,63.0,1019.2,0.0,93.0,79.1,43.0,-1.1,-4.8,-16.1
2019-01-17,-3.5,-8.4,-13.2,19.3,12.6,4.8,,1025.0,0.0,86.0,69.5,58.0,-6.1,-11.2,-16.1
2019-01-18,-0.4,-5.4,-10.4,35.4,15.1,0.0,46.0,1018.4,20.0,93.0,75.0,51.0,-2.8,-5.5,-11.1
2019-01-19,-10.3,-13.6,-16.8,27.4,17.5,8.0,42.0,1023.3,0.0,79.0,72.9,49.0,-11.1,-16.6,-17.8
2019-01-20,-14.2,-18.0,-21.8,41.8,28.8,14.5,67.0,1015.3,80.0,78.0,65.5,46.0,-17.8,-21.3,-27.8
2019-01-21,-11.7,-16.7,-21.7,33.8,22.2,8.0,54.0,1030.4,70.0,67.0,55.1,50.0,-17.8,-23.3,-27.8
2019-01-22,-0.6,-9.9,-19.1,20.9,11.3,0.0,35.0,1032.2,70.0,86.0,71.3,51.0,-6.1,-12.8,-17.8
2019-01-23,6.1,2.5,-1.2,35.4,13.8,0.0,37.0,1009.3,50.0,100.0,94.2,65.0,3.9,1.2,-5.0
2019-01-24,2.8,-0.4,-3.5,33.8,20.1,8.0,46.0,1003.5,0.0,100.0,82.7,64.0,3.9,-2.8,-6.1
2019-01-25,-3.2,-7.6,-12.0,51.5,38.1,22.5,72.0,1013.1,0.0,80.0,70.8,58.0,-5.0,-9.6,-15.0
2019-01-26,-6.6,-10.5,-14.3,40.2,19.2,9.7,37.0,1020.3,20.0,86.0,68.8,49.0,-7.8,-13.0,-17.2
2019-01-27,-6.0,-11.1,-16.1,49.9,29.0,3.2,63.0,1013.3,80.0,93.0,76.8,53.0,-2.8,-9.8,-17.8
2019-01-28,-5.7,-12.7,-19.7,62.8,34.0,9.7,71.0,1016.4,50.0,93.0,79.3,51.0,-3.9,-12.4,-25.0
2019-01-29,-2.1,-8.8,-15.5,62.8,41.0,11.3,58.0,1006.7,380.0,100.0,76.8,50.0,1.1,-8.2,-18.9
2019-01-30,-15.4,-19.0,-22.6,61.2,45.5,29.0,67.0,1013.6,300.0,78.0,64.5,56.0,-18.9,-21.8,-23.9
2019-01-31,-14.4,-18.6,-22.8,49.9,40.7,33.8,58.0,1024.1,300.0,78.0,67.2,57.0,-18.9,-21.4,-23.9
2019-02-01,-10.1,-14.6,-19.1,24.1,13.8,8.0,37.0,1028.7,280.0,72.0,62.3,49.0,-17.2,-19.2,-22.2
2019-02-02,1.1,-6.9,-14.8,35.4,18.2,0.0,33.0,1019.8,220.0,100.0,83.3,57.0,0.0,-6.1,-18.9
2019-02-03,7.7,3.9,0.0,19.3,9.7,0.0,46.0,1013.3,190.0,100.0,94.9,81.0,2.8,1.2,-1.1
2019-02-04,12.7,9.2,5.6,25.7,11.3,3.2,46.0,1010.2,40.0,100.0,89.8,76.0,5.0,3.4,2.2
2019-02-05,9.6,1.3,-7.1,38.6,19.0,4.8,48.0,1017.2,0.0,100.0,84.1,64.0,7.8,0.6,-10.0
2019-02-06,-1.1,-3.9,-6.7,57.9,32.2,3.2,46.0,1018.2,0.0,100.0,91.3,68.0,-1.1,-3.2,-10.0
2019-02-07,3.6,0.2,-3.3,41.8,23.3,0.0,58.0,1013.6,20.0,100.0,93.0,80.0,2.8,-1.1,-3.9
2019-02-08,5.3,-2.2,-9.6,61.2,41.0,0.0,89.0,1016.0,10.0,100.0,72.0,55.0,3.9,-7.1,-15.0
2019-02-09,-3.9,-7.0,-10.0,48.3,27.8,16.1,52.0,1039.5,10.0,74.0,63.2,54.0,-8.9,-11.7,-15.0
2019-02-10,-3.5,-6.5,-9.5,24.1,13.0,0.0,,1035.4,10.0,86.0,71.8,63.0,-6.1,-9.3,-12.8
2019-02-11,-3.7,-5.2,-6.7,45.1,27.7,19.3,39.0,1028.2,20.0,86.0,76.0,59.0,-6.1,-7.6,-11.1
2019-02-12,0.8,-3.6,-7.9,69.2,46.3,11.3,63.0,1012.7,20.0,100.0,90.9,64.0,1.1,-2.8,-10.0
2019-02-13,0.8,-2.2,-5.2,57.9,44.9,29.0,71.0,1001.5,80.0,93.0,80.6,59.0,1.1,-4.2,-8.9
2019-02-14,1.7,-2.0,-5.7,38.6,24.1,9.7,52.0,1011.0,120.0,93.0,77.9,69.0,0.0,-4.3,-7.2
2019-02-15,3.7,-0.5,-4.6,49.9,31.1,4.8,74.0,1001.6,60.0,100.0,77.0,64.0,2.2,-2.9,-7.8
2019-02-16,-2.7,-5.3,-7.8,37.0,18.5,8.0,41.0,1016.8,50.0,80.0,69.1,55.0,-5.0,-9.0,-11.1
2019-02-17,-6.0,-8.5,-11.0,37.0,24.1,11.3,35.0,1019.2,50.0,86.0,69.5,58.0,-7.8,-11.3,-13.9
2019-02-18,-5.7,-10.1,-14.4,29.0,16.9,8.0,39.0,1021.1,80.0,86.0,68.2,39.0,-10.0,-12.4,-17.8
2019-02-19,-4.0,-9.9,-15.8,24.1,14.0,4.8,33.0,1036.6,90.0,79.0,65.8,54.0,-10.0,-12.4,-16.1
2019-02-20,0.1,-5.9,-11.9,40.2,20.6,3.2,45.0,1024.2,70.0,100.0,83.8,63.0,0.0,-3.7,-12.8
2019-02-21,3.0,-0.1,-3.2,48.3,24.0,4.8,58.0,1015.2,40.0,100.0,78.9,52.0,1.1,-1.6,-6.1
2019-02-22,1.8,-1.7,-5.1,16.1,9.2,0.0,,1030.0,20.0,81.0,71.8,52.0,-2.2,-4.2,-7.2
2019-02-23,2.3,-1.6,-5.4,46.7,26.1,8.0,45.0,1025.1,20.0,87.0,80.5,69.0,0.0,-2.4,-6.1
2019-02-24,6.9,1.9,-3.1,77.2,43.1,4.8,87.0,994.7,10.0,100.0,85.6,65.0,3.9,-0.5,-6.1
2019-02-25,-3.0,-5.6,-8.2,72.4,49.1,29.0,87.0,1014.2,20.0,86.0,69.1,54.0,-5.0,-8.7,-12.8
2019-02-26,-5.8,-8.2,-10.6,29.0,18.2,4.8,46.0,1032.0,30.0,68.0,56.8,46.0,-11.1,-14.6,-16.1
2019-02-27,-7.6,-10.6,-13.6,41.8,22.7,8.0,37.0,1025.2,30.0,86.0,76.9,53.0,-7.8,-12.5,-17.8
2019-02-28,-6.8,-12.1,-17.3,14.5,7.7,0.0,,1025.2,210.0,85.0,70.4,63.0,-11.1,-13.4,-17.2
2019-03-01,-0.5,-7.0,-13.4,16.1,9.5,0.0,,1024.3,190.0,86.0,75.5,64.0,-6.1,-8.2,-11.1
2019-03-02,-0.8,-3.6,-6.3,16.1,10.0,0.0,33.0,1020.1,150.0,93.0,81.3,64.0,-2.2,-4.3,-7.2
2019-03-03,-2.0,-5.6,-9.2,20.9,13.7,4.8,39.0,1019.1,180.0,86.0,71.8,54.0,-5.0,-7.9,-12.2
2019-03-04,-7.8,-11.0,-14.1,48.3,22.2,9.7,52.0,1016.3,150.0,80.0,62.9,53.0,-10.0,-14.6,-17.2
2019-03-05,-8.6,-12.0,-15.3,46.7,33.2,22.5,58.0,1015.9,130.0,73.0,64.7,49.0,-12.8,-14.4,-18.9
2019-03-06,-9.2,-12.0,-14.8,40.2,24.0,16.1,48.0,1021.5,110.0,79.0,59.9,49.0,-13.9,-16.5,-17.8
2019-03-07,-5.8,-10.0,-14.2,37.0,20.6,8.0,46.0,1025.6,110.0,79.0,61.5,46.0,-12.2,-14.3,-16.1
2019-03-08,-1.1,-8.1,-15.0,24.1,13.8,9.7,,1025.4,110.0,74.0,62.8,55.0,-8.9,-11.8,-16.1
2019-03-09,0.8,-5.4,-11.5,56.3,24.0,0.0,67.0,1023.3,110.0,80.0,69.9,59.0,-2.8,-6.8,-12.2
2019-03-10,5.4,3.0,0.6,61.2,34.4,8.0,63.0,,30.0,100.0,88.0,75.0,3.9,0.5,-2.8
2019-03-11,2.3,0.0,-2.3,46.7,33.8,19.3,63.0,1018.3,10.0,81.0,67.6,60.0,0.0,-4.2,-6.1
2019-03-12,2.9,0.1,-2.7,29.0,20.8,12.9,46.0,1026.0,0.0,81.0,63.8,45.0,-2.2,-6.1,-7.8
2019-03-13,4.0,0.7,-2.6,29.0,17.9,0.0,,1021.4,0.0,93.0,79.6,69.0,1.1,-1.9,-5.0
2019-03-14,8.9,5.2,1.5,38.6,22.0,3.2,48.0,1011.2,0.0,93.0,85.1,76.0,6.1,2.8,0.0
2019-03-15,9.9,4.9,-0.2,41.8,26.4,3.2,59.0,1003.3,0.0,100.0,86.0,75.0,7.8,2.8,-2.2
2019-03-16,1.6,-1.5,-4.6,40.2,29.6,14.5,61.0,1017.2,0.0,80.0,62.5,48.0,-2.8,-6.7,-7.8
2019-03-17,2.5,-2.2,-6.9,29.0,19.5,8.0,46.0,1024.1,0.0,64.0,53.6,38.0,-7.2,-9.6,-12.2
2019-03-18,3.3,-0.3,-3.8,29.0,18.3,4.8,48.0,1025.2,0.0,75.0,56.1,36.0,-2.8,-6.9,-11.1
2019-03-19,7.3,0.9,-5.5,19.3,8.4,0.0,37.0,1028.2,10.0,93.0,82.8,65.0,0.0,-2.1,-5.0
2019-03-20,9.7,4.6,-0.5,19.3,10.6,0.0,41.0,1022.4,,93.0,77.7,53.0,2.2,-0.2,-2.2
2019-03-21,7.9,5.4,2.9,22.5,10.5,0.0,37.0,1012.8,,93.0,86.5,70.0,2.2,1.9,1.1
2019-03-22,3.6,-0.4,-4.3,49.9,25.1,11.3,80.0,1006.9,,87.0,72.4,55.0,1.1,-1.9,-10.0
2019-03-23,5.1,-0.9,-6.9,37.0,24.9,16.1,71.0,1020.2,,70.0,49.3,31.0,-3.9,-10.2,-13.9
2019-03-24,9.4,3.6,-2.2,27.4,22.5,12.9,42.0,1019.0,,81.0,71.5,54.0,2.2,-1.2,-2.8
2019-03-25,3.8,-0.6,-5.0,22.5,14.3,4.8,41.0,1023.6,,75.0,48.9,33.0,-2.8,-10.1,-12.8
2019-03-26,4.6,0.2,-4.2,19.3,12.1,0.0,35.0,1029.5,,65.0,45.6,26.0,-5.0,-10.7,-16.1
2019-03-27,7.9,1.9,-4.1,22.5,12.2,0.0,32.0,1029.0,,81.0,61.2,34.0,-1.1,-5.1,-8.9
2019-03-28,12.5,5.3,-2.0,25.7,9.7,0.0,48.0,1017.9,,93.0,78.9,62.0,2.8,0.8,-2.8
2019-03-29,12.0,7.5,3.0,24.1,12.7,0.0,35.0,1018.5,,81.0,61.9,43.0,1.1,-0.8,-3.9
2019-03-30,4.4,2.3,0.2,41.8,22.5,0.0,41.0,1009.4,20.0,100.0,88.1,57.0,5.0,1.2,-2.8
2019-03-31,2.1,-0.9,-3.9,45.1,21.4,4.8,59.0,1012.5,30.0,93.0,84.9,60.0,1.1,-1.6,-7.8
2019-04-01,3.3,-1.1,-5.5,35.4,22.7,12.9,41.0,1025.0,0.0,75.0,60.0,38.0,-2.8,-7.1,-12.2
2019-04-02,9.4,4.7,0.0,20.9,14.6,8.0,42.0,1019.8,0.0,75.0,66.6,53.0,0.0,-2.1,-3.9
2019-04-03,6.7,3.5,0.2,61.2,33.8,3.2,80.0,1017.3,,81.0,56.2,31.0,1.1,-3.6,-8.9
2019-04-04,5.6,1.8,-2.0,24.1,13.7,4.8,32.0,1031.5,,70.0,51.6,36.0,-2.8,-7.3,-11.1
2019-04-05,4.0,2.0,-0.1,37.0,20.0,0.0,37.0,1024.6,,100.0,82.8,56.0,2.8,-0.3,-6.1
2019-04-06,14.0,8.8,3.6,16.1,8.9,3.2,,1022.5,,100.0,87.4,62.0,5.0,3.3,2.2
2019-04-07,12.8,9.5,6.1,41.8,26.6,0.0,45.0,1019.6,,87.0,78.3,71.0,3.9,3.3,2.8
2019-04-08,14.8,10.1,5.3,38.6,18.5,0.0,61.0,1007.6,,100.0,89.2,67.0,11.1,5.1,3.9
2019-04-09,9.9,6.4,2.8,49.9,22.9,3.2,74.0,1004.9,,93.0,79.4,62.0,6.1,3.2,0.0
2019-04-10,8.2,4.1,0.0,22.5,15.8,8.0,41.0,1015.7,,81.0,68.3,42.0,1.1,-2.4,-7.8
2019-04-11,4.1,1.6,-0.9,46.7,34.6,19.3,45.0,1022.9,0.0,87.0,75.6,52.0,-1.1,-2.8,-7.2
2019-04-12,13.9,9.0,4.1,46.7,24.0,0.0,46.0,1011.6,,94.0,82.5,62.0,8.9,4.4,-1.1
2019-04-13,16.4,9.7,3.0,48.3,20.6,3.2,67.0,1015.4,,87.0,64.8,41.0,5.0,1.8,-2.8
2019-04-14,4.0,2.8,1.6,53.1,33.3,3.2,46.0,1010.0,,93.0,84.5,53.0,3.9,1.6,-3.9
2019-04-15,8.8,4.9,1.0,45.1,19.6,3.2,67.0,1003.0,,93.0,80.2,34.0,2.8,0.3,-7.2
2019-04-16,8.6,3.4,-1.8,24.1,10.3,0.0,35.0,1018.2,,100.0,77.2,52.0,3.9,-0.1,-6.1
2019-04-17,14.3,7.4,0.5,38.6,18.2,0.0,52.0,1018.8,,100.0,80.7,57.0,5.0,1.7,-1.1
2019-04-18,21.8,13.9,6.0,33.8,14.8,0.0,58.0,1004.7,,100.0,82.7,71.0,12.8,7.4,2.2
2019-04-19,13.1,8.9,4.7,32.2,12.9,0.0,48.0,1003.3,,100.0,92.7,81.0,12.2,8.3,3.9
2019-04-20,8.6,6.7,4.7,33.8,17.4,4.8,37.0,1006.4,,100.0,91.4,87.0,7.2,4.8,3.9
2019-04-21,12.8,9.4,6.0,14.5,8.2,0.0,,1015.7,,100.0,95.5,87.0,7.8,6.3,5.0
2019-04-22,16.0,10.7,5.4,12.9,6.0,0.0,,1022.6,,100.0,92.3,67.0,7.8,5.8,3.9
2019-04-23,14.8,10.4,6.0,49.9,21.9,0.0,63.0,1011.3,,94.0,86.4,76.0,11.1,6.4,2.8
2019-04-24,13.5,8.7,3.9,29.0,18.8,8.0,54.0,1012.9,,81.0,70.3,58.0,3.9,2.0,0.0
2019-04-25,12.9,7.6,2.2,25.7,17.4,3.2,,1012.2,,93.0,80.3,76.0,5.0,3.7,2.2
2019-04-26,13.0,8.1,3.1,56.3,30.1,8.0,74.0,996.2,,100.0,86.4,66.0,10.0,6.5,0.0
2019-04-27,8.0,4.5,1.0,53.1,34.1,12.9,72.0,1005.5,,70.0,64.0,57.0,1.1,-1.7,-3.9
2019-04-28,10.5,6.1,1.7,27.4,15.8,9.7,54.0,1019.2,,76.0,48.6,25.0,2.2,-4.6,-10.0
2019-04-29,7.0,3.2,-0.6,41.8,27.2,0.0,48.0,1026.8,,87.0,67.2,39.0,2.2,-1.5,-7.8
2019-04-30,9.7,6.4,3.0,32.2,12.9,3.2,33.0,1026.2,,81.0,70.3,54.0,2.8,1.9,0.0
2019-05-01,8.4,6.7,4.9,49.9,33.8,4.8,54.0,1021.6,,100.0,91.1,76.0,6.1,4.8,2.8
2019-05-02,10.3,7.5,4.7,32.2,17.1,9.7,,1020.6,,100.0,95.6,87.0,6.1,4.6,3.9
2019-05-03,11.9,8.8,5.7,29.0,13.8,0.0,,1017.1,,100.0,93.8,87.0,7.8,5.6,5.0
2019-05-04,12.7,9.6,6.5,12.9,8.9,3.2,,1015.1,,100.0,94.1,82.0,8.9,7.6,6.1
2019-05-05,16.7,10.8,4.9,11.3,4.3,0.0,,1012.2,,100.0,88.4,67.0,8.9,7.0,5.0
2019-05-06,23.4,15.2,6.9,24.1,10.5,0.0,52.0,1014.2,,93.0,74.8,60.0,11.1,8.3,5.0
2019-05-07,14.7,9.7,4.7,24.1,13.5,8.0,59.0,1021.9,,93.0,70.8,33.0,7.8,4.6,-2.8
2019-05-08,11.6,7.2,2.8,35.4,25.6,19.3,54.0,1027.4,,62.0,56.1,50.0,1.1,-0.3,-1.1
2019-05-09,16.0,12.0,8.0,48.3,15.0,0.0,67.0,1015.4,,100.0,86.4,57.0,13.9,8.9,0.0
2019-05-10,16.8,9.9,2.9,37.0,13.2,0.0,50.0,1012.6,,100.0,88.3,57.0,13.9,10.0,1.1
2019-05-11,12.7,6.9,1.1,16.1,10.9,3.2,41.0,1020.4,,87.0,69.1,50.0,3.9,2.2,0.0
2019-05-12,9.6,7.1,4.6,48.3,38.1,16.1,65.0,1014.1,,100.0,87.2,50.0,6.1,4.6,1.1
2019-05-13,8.0,6.0,5.0,40.2,21.2,0.0,52.0,1008.6,,100.0,97.3,93.0,7.2,5.9,3.9
2019-05-14,15.6,11.0,6.3,20.9,8.7,0.0,35.0,1012.4,,100.0,89.2,39.0,7.2,5.9,2.2
2019-05-15,20.1,12.6,5.1,29.0,8.5,0.0,41.0,1010.9,,100.0,82.1,40.0,22.2,9.5,5.0
2019-05-16,14.6,11.0,7.4,22.5,12.1,3.2,39.0,1011.2,,94.0,80.0,71.0,8.9,7.1,5.0
2019-05-17,18.6,13.6,8.6,24.1,9.3,0.0,39.0,1008.4,,100.0,74.3,45.0,10.0,7.3,2.8
2019-05-18,15.7,10.9,6.0,32.2,18.8,8.0,37.0,1016.2,,81.0,64.7,47.0,5.0,3.9,0.0
2019-05-19,21.6,15.4,9.1,33.8,15.4,3.2,50.0,1009.3,,100.0,86.0,58.0,13.9,9.0,2.2
2019-05-20,18.3,11.9,5.5,41.8,18.7,3.2,59.0,1009.0,,100.0,84.3,55.0,12.8,9.1,3.9
2019-05-21,18.5,11.6,4.7,20.9,13.7,4.8,45.0,1019.8,,81.0,55.0,32.0,6.1,3.7,2.2
2019-05-22,15.2,11.3,7.3,33.8,18.2,0.0,52.0,1021.9,,87.0,68.3,48.0,7.2,4.7,2.8
2019-05-23,26.6,17.2,7.8,57.9,13.8,0.0,80.0,1012.8,,100.0,71.0,0.0,13.9,3.3,-17.8
2019-05-24,21.4,16.6,11.8,27.4,13.0,0.0,42.0,1018.1,,88.0,39.6,0.0,12.2,-2.9,-17.8
2019-05-25,20.1,15.5,10.8,27.4,14.5,0.0,52.0,1014.5,,100.0,94.6,82.0,17.8,12.6,8.9
2019-05-26,23.1,17.8,12.4,19.3,10.0,0.0,33.0,1013.6,,100.0,78.9,43.0,13.9,11.6,6.1
2019-05-27,23.1,16.7,10.2,22.5,8.2,0.0,39.0,1016.1,,88.0,67.2,49.0,11.1,9.4,7.8
2019-05-28,13.0,11.3,9.5,49.9,30.7,3.2,68.0,1008.2,,94.0,88.6,76.0,12.2,9.1,7.2
2019-05-29,15.7,13.1,10.5,9.7,6.0,3.2,35.0,1008.0,,94.0,91.0,82.0,10.0,9.1,8.9
2019-05-30,21.8,16.3,10.8,16.1,8.5,0.0,41.0,1005.7,,100.0,92.5,64.0,15.0,11.6,8.9
2019-05-31,18.2,13.8,9.3,22.5,15.0,0.0,35.0,1009.0,,82.0,68.8,51.0,12.2,7.2,2.8
2019-06-01,20.6,16.0,11.3,27.4,11.3,0.0,41.0,1007.2,,88.0,33.7,0.0,11.1,-6.6,-17.8
2019-06-02,20.3,14.0,7.6,40.2,16.4,4.8,63.0,1007.3,,0.0,0.0,0.0,-17.8,-17.8,-17.8
2019-06-03,16.8,11.6,6.3,33.8,23.7,11.3,54.0,1015.3,,0.0,0.0,0.0,-17.8,-17.8,-17.8
2019-06-04,17.9,12.2,6.4,29.0,11.7,3.2,35.0,1015.7,,0.0,0.0,0.0,-17.8,-17.8,-17.8
2019-06-05,17.6,14.6,11.5,27.4,15.1,3.2,33.0,1007.5,,100.0,70.5,0.0,13.9,4.2,-17.8
2019-06-06,22.8,18.7,14.5,19.3,7.4,0.0,41.0,1011.0,,100.0,86.2,43.0,15.0,12.8,6.1
2019-06-07,26.0,19.0,12.0,16.1,6.8,0.0,39.0,1015.5,,88.0,65.5,43.0,12.2,10.4,8.9
2019-06-08,23.8,18.4,13.0,29.0,23.0,14.5,54.0,1021.4,,77.0,49.5,30.0,8.9,6.1,2.2
2019-06-09,26.2,19.7,13.2,29.0,24.8,19.3,45.0,1021.3,,68.0,58.3,42.0,12.2,8.8,3.9
2019-06-10,19.0,15.7,12.4,33.8,19.5,4.8,58.0,1013.1,,100.0,92.1,56.0,15.0,12.7,10.0
2019-06-11,22.6,16.5,10.3,35.4,19.2,0.0,50.0,1018.1,,82.0,57.5,30.0,10.0,7.6,1.1
2019-06-12,21.9,16.0,10.0,27.4,14.5,0.0,45.0,1017.5,,88.0,72.7,55.0,12.2,8.9,7.2
2019-06-13,16.6,14.6,12.6,24.1,13.2,0.0,41.0,1005.2,,100.0,92.3,68.0,13.9,12.6,8.9
2019-06-14,22.8,16.8,10.8,46.7,23.8,4.8,59.0,1010.2,,82.0,63.3,41.0,10.0,8.7,7.2
2019-06-15,20.5,17.2,13.9,33.8,11.6,0.0,58.0,1010.8,,100.0,91.4,77.0,16.1,13.2,10.0
2019-06-16,20.1,15.5,10.8,16.1,7.9,0.0,37.0,1012.0,,100.0,74.0,0.0,13.9,8.4,-17.8
2019-06-17,22.2,17.8,13.3,20.9,10.1,0.0,39.0,1015.7,,88.0,78.4,68.0,12.2,11.5,11.1
2019-06-18,24.4,20.3,16.1,14.5,5.8,0.0,35.0,1013.5,,94.0,50.4,0.0,13.9,1.1,-17.8
2019-06-19,25.3,20.8,16.3,14.5,7.2,0.0,33.0,1008.4,,82.0,46.1,0.0,16.1,2.3,-17.8
2019-06-20,21.7,18.9,16.0,22.5,11.6,0.0,37.0,1002.9,,94.0,84.1,73.0,17.8,16.4,12.8
2019-06-21,23.0,18.8,14.5,24.1,17.2,4.8,41.0,1010.3,,88.0,63.1,44.0,15.0,12.1,7.8
2019-06-22,24.3,18.6,12.9,29.0,12.6,4.8,39.0,1018.0,,73.0,53.3,38.0,12.8,9.6,7.8
2019-06-23,25.7,19.3,12.9,19.3,11.1,0.0,45.0,1016.7,,82.0,62.3,41.0,12.8,10.9,10.0
2019-06-24,25.9,20.3,14.6,27.4,18.7,0.0,39.0,1008.3,,94.0,80.2,68.0,16.1,14.0,12.2
2019-06-25,25.4,21.3,17.2,35.4,8.4,0.0,50.0,1008.0,,100.0,89.1,57.0,17.2,15.7,13.9
2019-06-26,29.1,23.7,18.3,38.6,12.9,0.0,48.0,1014.3,,88.0,71.7,42.0,17.8,15.4,12.8
2019-06-27,29.1,23.0,16.8,12.9,6.6,0.0,45.0,1020.4,,94.0,69.9,42.0,17.2,15.3,12.8
2019-06-28,29.6,23.4,17.2,27.4,5.6,0.0,61.0,1020.3,,100.0,82.9,61.0,20.0,18.2,15.0
2019-06-29,29.1,23.4,17.7,25.7,7.2,0.0,45.0,1015.7,,100.0,89.9,50.0,20.0,18.9,13.9
2019-06-30,23.6,19.7,15.7,24.1,13.7,0.0,45.0,1014.2,,88.0,67.0,44.0,17.2,13.7,11.1
2019-07-01,27.3,20.8,14.3,20.9,7.9,0.0,41.0,1014.8,,88.0,70.7,57.0,17.8,14.5,12.2
2019-07-02,26.4,23.3,20.2,19.3,7.9,0.0,,1010.1,,100.0,83.8,69.0,20.0,18.2,16.1
2019-07-03,28.9,23.9,18.8,14.5,6.0,0.0,39.0,1012.0,,100.0,83.2,58.0,20.0,19.0,17.2
2019-07-04,29.3,23.7,18.1,20.9,13.5,0.0,39.0,1016.3,,83.0,72.4,64.0,18.9,17.5,15.0
2019-07-05,31.0,26.1,21.2,12.9,7.7,3.2,45.0,1015.7,,94.0,83.4,74.0,23.9,21.6,18.9
2019-07-06,31.0,26.5,21.9,24.1,8.0,0.0,46.0,1013.1,,100.0,87.4,74.0,22.8,22.0,18.9
2019-07-07,23.6,20.1,16.5,29.0,12.9,0.0,45.0,1016.5,,83.0,63.5,53.0,18.9,13.6,11.1
2019-07-08,25.3,20.2,15.0,11.3,6.9,0.0,41.0,1017.0,,77.0,61.5,43.0,16.1,12.6,7.8
2019-07-09,26.9,21.4,15.8,12.9,4.8,0.0,37.0,1018.1,,88.0,64.6,44.0,17.2,13.6,8.9
2019-07-10,29.3,22.3,15.3,19.3,10.0,0.0,39.0,1014.8,,94.0,76.2,57.0,20.0,17.3,13.9
2019-07-11,31.0,23.8,16.5,29.0,15.4,0.0,45.0,1008.4,,94.0,81.6,54.0,22.8,20.1,12.8
2019-07-12,24.4,20.5,16.6,22.5,13.8,4.8,33.0,1010.8,,88.0,75.2,61.0,17.2,15.7,13.9
2019-07-13,31.2,23.3,15.4,32.2,12.9,3.2,50.0,1012.2,,100.0,87.8,65.0,22.2,19.3,15.0
2019-07-14,27.2,22.1,16.9,25.7,12.9,0.0,37.0,1017.1,,78.0,60.6,42.0,17.8,14.0,8.9
2019-07-15,26.9,21.2,15.4,12.9,7.6,0.0,41.0,1018.4,,83.0,71.2,57.0,18.9,15.8,12.8
2019-07-16,31.8,25.2,18.6,32.2,12.6,0.0,59.0,1014.1,,100.0,82.3,51.0,22.2,19.0,16.1
2019-07-17,28.3,25.1,21.8,14.5,7.4,0.0,39.0,1011.9,,100.0,98.5,83.0,22.8,21.4,18.9
2019-07-18,29.0,25.2,21.4,22.5,13.8,0.0,41.0,1012.7,,100.0,94.0,83.0,22.2,21.3,18.9
2019-07-19,30.7,26.5,22.3,25.7,13.0,4.8,41.0,1009.0,,100.0,90.2,78.0,23.9,22.8,21.1
2019-07-20,33.0,27.6,22.2,41.8,15.8,4.8,71.0,1008.9,,100.0,85.7,52.0,22.8,21.8,18.9
2019-07-21,29.1,24.7,20.2,24.1,12.6,0.0,37.0,1010.9,,100.0,68.9,42.0,22.2,16.2,12.2
2019-07-22,23.8,20.7,17.5,19.3,9.3,3.2,39.0,1011.9,,88.0,80.8,57.0,18.9,16.2,12.8
2019-07-23,25.9,20.6,15.3,20.9,12.2,3.2,37.0,1013.3,,83.0,59.6,34.0,17.2,12.4,7.8
2019-07-24,26.2,21.0,15.7,20.9,14.0,4.8,37.0,1016.9,,78.0,59.5,34.0,16.1,12.8,7.8
2019-07-25,28.6,22.5,16.3,27.4,11.6,0.0,41.0,1020.0,,88.0,73.0,64.0,17.8,15.8,12.8
2019-07-26,29.2,23.3,17.3,20.9,7.6,0.0,54.0,1023.1,,94.0,77.7,51.0,20.0,17.4,15.0
2019-07-27,30.1,24.3,18.5,20.9,9.3,0.0,58.0,1020.5,,88.0,80.2,69.0,21.1,18.1,16.1
2019-07-28,30.9,26.4,21.8,25.7,10.3,0.0,39.0,1015.3,,94.0,83.3,69.0,20.0,18.2,17.2
2019-07-29,31.9,26.4,20.9,25.7,10.1,0.0,59.0,1012.4,,100.0,85.9,65.0,21.1,18.0,16.1
2019-07-30,29.3,24.4,19.5,14.5,5.8,0.0,37.0,1012.7,,100.0,96.8,58.0,21.1,18.5,16.1
2019-07-31,27.2,21.8,16.3,20.9,11.9,3.2,33.0,1018.2,,78.0,66.3,50.0,17.2,14.7,12.8
2019-08-01,26.0,20.8,15.6,19.3,10.8,3.2,39.0,1021.1,,88.0,60.1,49.0,17.2,13.1,8.9
2019-08-02,27.1,21.5,15.8,12.9,5.6,0.0,39.0,1020.1,,88.0,66.4,47.0,17.2,14.2,12.2
2019-08-03,28.9,22.8,16.7,14.5,6.9,0.0,41.0,1016.2,,83.0,64.7,54.0,17.8,15.2,12.2
2019-08-04,25.7,22.3,18.9,20.9,11.6,3.2,41.0,1016.0,,78.0,62.3,38.0,18.9,14.6,7.2
2019-08-05,28.8,22.3,15.8,12.9,5.8,0.0,46.0,1013.8,,88.0,69.5,40.0,20.0,16.5,7.2
2019-08-06,27.9,24.0,20.1,35.4,7.2,0.0,55.0,1007.7,,100.0,89.3,73.0,22.2,20.3,18.9
2019-08-07,27.9,22.6,17.2,12.9,8.9,3.2,39.0,1007.5,,94.0,82.5,61.0,21.1,20.0,16.1
2019-08-08,27.0,21.8,16.5,35.4,17.5,3.2,58.0,1004.9,,88.0,73.7,47.0,20.0,17.3,12.2
2019-08-09,25.9,20.1,14.3,32.2,21.9,12.9,59.0,1008.6,,77.0,56.0,39.0,15.0,12.2,10.0
2019-08-10,25.6,19.9,14.1,33.8,17.1,8.0,52.0,1012.7,,77.0,55.2,36.0,13.9,11.0,8.9
2019-08-11,28.9,21.6,14.2,24.1,13.4,4.8,35.0,1015.9,,88.0,75.5,61.0,17.8,14.6,11.1
2019-08-12,29.5,24.3,19.1,32.2,9.2,3.2,45.0,1011.8,,94.0,83.4,61.0,20.0,17.4,16.1
2019-08-13,28.1,23.5,18.8,16.1,8.2,0.0,37.0,1009.0,,94.0,71.5,41.0,18.9,16.9,11.1
2019-08-14,25.9,21.2,16.5,27.4,14.0,3.2,39.0,1013.6,,73.0,56.2,43.0,16.1,12.4,8.9
2019-08-15,23.8,19.6,15.3,27.4,21.2,3.2,41.0,1016.1,,78.0,62.1,52.0,16.1,12.2,8.9
2019-08-16,25.6,20.8,16.0,19.3,10.5,0.0,41.0,1014.5,,100.0,78.5,64.0,18.9,16.1,12.8
2019-08-17,28.3,23.2,18.1,27.4,6.3,0.0,50.0,1012.8,,100.0,95.2,65.0,21.1,19.1,16.1
2019-08-18,27.2,22.9,18.5,19.3,8.9,0.0,50.0,1012.6,,100.0,94.0,78.0,22.2,20.0,17.8
2019-08-19,27.7,22.9,18.0,24.1,15.1,0.0,41.0,1014.4,,100.0,78.8,42.0,20.0,17.7,12.2
2019-08-20,27.4,22.2,17.0,20.9,10.9,0.0,41.0,1017.1,,94.0,83.5,68.0,21.1,18.2,13.9
2019-08-21,30.4,24.9,19.4,29.0,15.0,8.0,42.0,1010.8,,94.0,84.2,54.0,22.2,20.2,17.8
2019-08-22,24.6,20.1,15.6,20.9,14.3,8.0,42.0,1013.4,,73.0,53.8,38.0,17.2,11.1,8.9
2019-08-23,23.6,18.8,13.9,24.1,13.4,8.0,41.0,1019.7,,77.0,61.3,33.0,12.8,11.2,6.1
2019-08-24,22.3,17.3,12.2,19.3,9.0,0.0,50.0,1025.3,,82.0,64.6,55.0,13.9,11.4,7.8
2019-08-25,23.6,18.9,14.2,27.4,17.7,0.0,45.0,1025.0,,88.0,79.6,69.0,17.8,16.2,13.9
2019-08-26,24.1,20.2,16.2,33.8,18.0,8.0,52.0,1020.0,,88.0,75.4,64.0,17.2,16.4,15.0
2019-08-27,21.9,20.0,18.1,24.1,13.5,3.2,52.0,1011.1,,100.0,91.7,73.0,21.1,18.9,15.0
2019-08-28,27.1,21.9,16.6,27.4,12.6,0.0,42.0,1009.3,,100.0,81.7,47.0,21.1,17.8,12.2
2019-08-29,25.5,20.3,15.1,29.0,20.6,11.3,52.0,1012.2,,83.0,67.0,46.0,17.8,13.9,10.0
2019-08-30,24.8,19.9,15.0,38.6,22.5,3.2,58.0,1014.6,,88.0,57.4,36.0,18.9,12.0,7.2
2019-08-31,23.1,17.8,12.5,16.1,9.2,0.0,37.0,1025.3,,72.0,64.1,53.0,12.2,10.9,8.9
2019-09-01,19.8,17.5,15.1,22.5,12.4,0.0,33.0,1023.0,,94.0,82.0,63.0,17.2,15.2,10.0
2019-09-02,24.7,20.3,15.9,20.9,11.1,8.0,35.0,1016.1,,94.0,81.1,61.0,17.8,16.2,13.9
2019-09-03,22.9,18.2,13.5,22.5,13.2,4.8,46.0,1014.6,,94.0,85.5,78.0,20.0,17.3,13.9
2019-09-04,21.1,16.9,12.6,32.2,19.2,8.0,55.0,1012.2,,100.0,74.9,56.0,20.0,15.1,10.0
2019-09-05,22.2,16.3,10.4,14.5,9.2,3.2,39.0,1019.8,,88.0,67.6,52.0,12.2,11.0,10.0
2019-09-06,21.1,16.8,12.4,27.4,14.6,3.2,41.0,1014.3,,88.0,78.0,68.0,16.1,13.6,11.1
2019-09-07,23.3,16.9,10.5,27.4,12.1,4.8,45.0,1012.6,,94.0,71.6,44.0,13.9,11.9,10.0
2019-09-08,18.1,13.8,9.4,20.9,12.6,4.8,39.0,1019.3,,88.0,68.5,52.0,12.2,9.7,6.1
2019-09-09,19.0,13.8,8.6,24.1,16.1,9.7,42.0,1026.0,,77.0,69.0,59.0,11.1,9.1,6.1
2019-09-10,23.5,17.6,11.7,22.5,14.2,4.8,39.0,1022.2,,94.0,79.3,68.0,20.0,15.4,10.0
2019-09-11,28.9,23.2,17.5,20.9,6.9,0.0,32.0,1018.3,,100.0,92.6,61.0,21.1,19.1,17.2
2019-09-12,19.8,16.6,13.3,37.0,22.4,11.3,45.0,1023.2,,94.0,79.1,59.0,17.2,12.7,10.0
2019-09-13,22.1,17.7,13.2,33.8,19.5,8.0,55.0,1022.2,,94.0,83.7,59.0,17.8,15.9,10.0
2019-09-14,22.6,18.0,13.4,35.4,23.5,8.0,52.0,1018.7,,94.0,68.9,43.0,18.9,13.4,8.9
2019-09-15,17.5,14.6,11.7,19.3,7.2,0.0,,1020.8,,94.0,82.6,68.0,15.0,13.2,10.0
2019-09-16,18.5,15.6,12.7,25.7,17.2,3.2,37.0,1019.9,,94.0,81.3,63.0,16.1,13.8,10.0
2019-09-17,22.9,16.9,10.9,11.3,4.5,0.0,37.0,1022.9,,94.0,77.6,56.0,15.0,13.1,10.0
2019-09-18,22.6,17.6,12.5,19.3,11.3,0.0,37.0,1024.4,,94.0,76.1,56.0,16.1,13.6,11.1
2019-09-19,23.4,19.3,15.1,20.9,11.6,4.8,41.0,1023.9,,94.0,78.2,60.0,16.1,14.4,12.8
2019-09-20,24.9,18.7,12.4,16.1,8.2,0.0,39.0,1022.0,,100.0,87.6,69.0,17.2,16.0,13.9
2019-09-21,26.9,21.8,16.7,24.1,11.6,3.2,41.0,1020.9,,100.0,85.5,73.0,18.9,17.8,17.2
2019-09-22,31.3,26.1,20.8,32.2,9.3,0.0,59.0,1014.7,,100.0,87.4,58.0,21.1,19.2,17.2
2019-09-23,25.2,20.1,14.9,41.8,24.3,12.9,52.0,1007.6,,88.0,72.1,50.0,18.9,16.3,12.2
2019-09-24,21.9,17.2,12.4,22.5,13.8,0.0,39.0,1011.5,,94.0,66.0,43.0,15.0,10.9,7.8
2019-09-25,27.2,19.7,12.2,35.4,16.3,0.0,68.0,1007.9,,94.0,80.5,64.0,18.9,15.8,12.8
2019-09-26,22.8,16.9,11.0,35.4,17.1,9.7,58.0,1008.3,,94.0,72.5,40.0,16.1,12.1,6.1
2019-09-27,22.7,15.8,8.9,19.3,6.8,0.0,58.0,1014.4,,94.0,76.4,60.0,16.1,12.5,8.9
2019-09-28,20.7,16.4,12.0,27.4,12.2,0.0,35.0,1015.7,,100.0,89.7,72.0,17.8,16.2,12.2
2019-09-29,14.2,11.8,9.3,32.2,21.4,8.0,52.0,1028.5,,88.0,71.7,59.0,12.2,8.3,6.1
2019-09-30,17.9,14.9,11.9,37.0,24.6,8.0,42.0,1022.6,,94.0,80.0,63.0,15.0,11.7,7.8
2019-10-01,31.8,23.1,14.4,41.8,15.1,0.0,55.0,1012.6,,100.0,91.9,78.0,22.2,18.7,15.0
2019-10-02,19.4,14.3,9.1,32.2,15.3,3.2,50.0,1014.0,,100.0,90.8,67.0,18.9,14.6,5.0
2019-10-03,12.0,10.2,8.4,41.8,18.0,0.0,50.0,1016.8,,100.0,91.5,71.0,12.2,10.5,6.1
2019-10-04,11.5,8.0,4.4,22.5,13.0,4.8,41.0,1025.4,,94.0,72.7,54.0,11.1,5.3,2.8
2019-10-05,13.2,8.8,4.4,37.0,23.3,9.7,54.0,1026.7,,82.0,70.5,63.0,10.0,6.4,3.9
2019-10-06,20.9,16.6,12.2,27.4,17.1,9.7,46.0,1016.1,,94.0,78.1,55.0,16.1,12.7,7.8
2019-10-07,17.9,12.7,7.4,33.8,15.9,3.2,39.0,1018.8,,77.0,65.8,45.0,12.8,9.0,3.9
2019-10-08,17.6,12.3,7.0,16.1,10.0,0.0,39.0,1026.0,,88.0,71.7,48.0,11.1,7.7,5.0
2019-10-09,17.5,11.1,4.7,29.0,20.3,8.0,42.0,1026.9,,88.0,76.7,63.0,12.2,9.9,7.8
2019-10-10,16.8,12.0,7.1,35.4,21.1,11.3,50.0,1026.0,,88.0,77.6,63.0,12.2,10.2,8.9
2019-10-11,19.5,13.9,8.3,37.0,25.1,12.9,46.0,1021.0,,94.0,76.3,59.0,12.8,11.1,7.8
2019-10-12,15.6,10.0,4.3,37.0,18.3,8.0,42.0,1013.9,,94.0,79.0,47.0,12.2,9.1,2.2
2019-10-13,16.8,10.7,4.6,38.6,20.6,0.0,59.0,1012.8,,93.0,65.2,42.0,10.0,6.1,2.2
2019-10-14,12.4,8.6,4.7,37.0,23.7,12.9,45.0,1014.4,,66.0,55.1,41.0,3.9,1.2,-2.2
2019-10-15,14.5,8.6,2.6,27.4,14.8,3.2,45.0,1017.5,,82.0,67.4,54.0,10.0,4.9,2.2
2019-10-16,13.7,10.0,6.3,37.0,17.7,8.0,42.0,1001.2,,100.0,86.1,71.0,12.8,10.2,5.0
2019-10-17,8.7,7.7,6.6,45.1,26.2,8.0,68.0,1003.2,,87.0,77.1,66.0,7.2,4.7,2.2
2019-10-18,11.6,7.3,3.0,25.7,14.2,3.2,45.0,1015.6,,76.0,64.2,51.0,3.9,2.0,1.1
2019-10-19,11.8,6.6,1.3,24.1,14.5,3.2,37.0,1017.1,,94.0,81.0,67.0,8.9,5.2,1.1
2019-10-20,16.3,10.6,4.8,24.1,14.5,0.0,32.0,1013.2,,94.0,87.0,77.0,11.1,9.1,7.8
2019-10-21,15.8,10.6,5.4,40.2,25.3,0.0,61.0,1015.5,,100.0,88.2,76.0,11.1,10.2,7.2
2019-10-22,17.3,12.9,8.5,35.4,19.8,11.3,58.0,1006.2,,100.0,87.3,58.0,13.9,11.8,5.0
2019-10-23,13.9,10.4,6.8,45.1,29.3,11.3,54.0,1011.7,,76.0,62.5,44.0,6.1,4.4,2.2
2019-10-24,14.4,9.1,3.8,33.8,20.9,4.8,42.0,1020.4,,82.0,66.3,51.0,8.9,5.7,2.2
2019-10-25,11.7,7.9,4.1,20.9,8.5,0.0,35.0,1025.3,,87.0,76.0,66.0,7.2,5.2,2.2
2019-10-26,10.3,5.8,1.2,38.6,23.5,0.0,50.0,1022.1,,94.0,80.2,66.0,10.0,5.7,0.0
2019-10-27,13.3,10.2,7.1,45.1,30.7,12.9,67.0,1006.5,,100.0,91.2,77.0,12.8,10.6,7.8
2019-10-28,16.2,10.4,4.6,20.9,13.5,3.2,39.0,1018.6,,100.0,86.7,71.0,10.0,9.1,6.1
2019-10-29,17.2,11.2,5.2,16.1,6.3,0.0,32.0,1019.0,,100.0,94.0,77.0,11.1,9.9,8.9
2019-10-30,9.2,7.7,6.2,25.7,14.8,8.0,37.0,1022.5,,100.0,82.1,62.0,7.8,5.9,2.8
2019-10-31,10.6,7.3,4.0,74.0,26.4,0.0,89.0,1002.6,,100.0,92.0,76.0,12.2,8.1,3.9
2019-11-01,5.0,3.3,1.6,59.5,40.9,11.3,84.0,1015.0,,87.0,74.5,53.0,5.0,0.3,-3.9
2019-11-02,7.2,4.0,0.8,38.6,20.6,3.2,52.0,1018.0,,87.0,76.3,65.0,5.0,2.2,-2.2
2019-11-03,6.5,3.6,0.6,37.0,26.7,3.2,48.0,1018.5,,87.0,70.9,53.0,1.1,-0.5,-2.8
2019-11-04,12.3,7.3,2.3,37.0,17.7,3.2,61.0,1016.9,,87.0,77.6,66.0,6.1,4.2,-1.1
2019-11-05,9.2,4.5,-0.2,37.0,21.1,3.2,52.0,1018.8,,87.0,66.4,49.0,6.1,0.7,-3.9
2019-11-06,5.2,1.4,-2.5,29.0,19.2,9.7,42.0,1026.0,,87.0,68.2,56.0,2.2,-2.1,-6.1
2019-11-07,2.6,-0.2,-3.0,16.1,10.1,0.0,32.0,1022.9,10.0,100.0,84.0,65.0,2.2,-1.4,-5.0
2019-11-08,0.6,-2.6,-5.8,16.1,12.4,3.2,,1026.3,0.0,80.0,64.7,52.0,-5.0,-7.6,-10.0
2019-11-09,3.3,-0.4,-4.1,41.8,27.2,8.0,50.0,1018.7,0.0,80.0,65.9,52.0,-1.1,-3.6,-7.2
2019-11-10,7.4,3.1,-1.2,27.4,18.2,8.0,45.0,1013.8,0.0,87.0,78.0,66.0,2.8,0.2,-2.2
2019-11-11,-1.0,-3.9,-6.8,32.2,18.5,8.0,45.0,1021.2,0.0,93.0,81.0,55.0,-2.2,-5.4,-8.9
2019-11-12,-4.7,-7.6,-10.4,33.8,20.3,8.0,45.0,1021.8,130.0,86.0,68.3,39.0,-7.8,-11.0,-17.2
2019-11-13,-1.7,-7.8,-13.9,27.4,11.4,0.0,35.0,1027.3,130.0,93.0,76.4,64.0,-3.9,-7.7,-15.0
2019-11-14,0.5,-1.0,-2.5,41.8,24.5,11.3,41.0,1021.4,140.0,93.0,75.1,60.0,-2.2,-3.7,-6.1
2019-11-15,3.0,-1.6,-6.2,38.6,27.8,11.3,46.0,1023.5,120.0,81.0,70.1,47.0,-1.1,-3.6,-12.2
2019-11-16,-3.4,-6.8,-10.1,35.4,26.7,14.5,42.0,1034.5,80.0,80.0,71.2,50.0,-5.0,-8.4,-13.9
2019-11-17,2.2,-2.3,-6.8,22.5,15.6,4.8,33.0,1022.8,80.0,75.0,65.7,52.0,0.0,-5.3,-7.8
2019-11-18,2.4,0.5,-1.5,20.9,14.3,8.0,32.0,1010.8,20.0,93.0,89.5,75.0,2.2,1.6,0.0
2019-11-19,3.6,2.3,1.0,16.1,8.2,0.0,,1010.7,10.0,93.0,85.5,81.0,1.1,0.5,0.0
2019-11-20,8.6,3.7,-1.3,14.5,8.7,3.2,,1019.5,0.0,93.0,80.9,62.0,2.8,2.1,1.1
2019-11-21,10.6,4.8,-1.0,25.7,12.6,0.0,46.0,1015.8,,100.0,91.4,81.0,7.2,3.7,0.0
2019-11-22,10.4,3.9,-2.6,56.3,33.3,11.3,65.0,1011.7,,93.0,71.2,52.0,7.8,0.4,-6.1
2019-11-23,6.1,1.8,-2.6,32.2,18.2,3.2,45.0,1011.0,,87.0,75.3,65.0,2.2,-1.8,-5.0
2019-11-24,6.6,1.7,-3.2,25.7,14.5,3.2,35.0,1001.0,,87.0,79.6,70.0,2.8,-0.3,-2.2
2019-11-25,8.1,4.8,1.4,24.1,11.3,3.2,32.0,1005.6,,93.0,89.1,81.0,5.0,3.3,1.1
2019-11-26,10.9,6.4,1.9,22.5,8.0,0.0,39.0,1011.4,,100.0,86.3,66.0,5.0,3.4,2.2
2019-11-27,10.0,7.1,4.2,49.9,31.9,12.9,65.0,1003.2,,100.0,90.1,71.0,6.1,4.8,2.2
2019-11-28,6.0,1.5,-3.0,41.8,23.3,11.3,65.0,1021.6,,81.0,71.0,60.0,2.8,-2.1,-6.1
2019-11-29,-0.6,-2.1,-3.6,14.5,9.5,0.0,,1028.9,,80.0,75.6,69.0,-3.9,-5.2,-6.1
2019-11-30,-1.2,-2.7,-4.2,35.4,19.0,0.0,48.0,1021.2,,80.0,75.1,64.0,-5.0,-5.6,-7.2
2019-12-01,-0.7,-2.5,-4.2,66.0,48.4,25.7,74.0,1005.3,10.0,100.0,92.5,64.0,0.0,-1.3,-6.1
2019-12-02,-0.8,-4.0,-7.2,33.8,19.5,9.7,41.0,1008.8,110.0,93.0,82.6,51.0,-2.2,-4.1,-8.9
2019-12-03,1.1,-4.3,-9.6,29.0,16.4,3.2,,1007.2,120.0,93.0,83.2,55.0,-1.1,-3.3,-10.0
2019-12-04,2.8,1.3,-0.3,35.4,27.2,16.1,45.0,997.3,90.0,87.0,83.1,70.0,0.0,-0.3,-2.2
2019-12-05,0.8,-0.9,-2.5,41.8,22.0,8.0,59.0,1011.3,40.0,80.0,69.5,56.0,-2.2,-4.5,-7.2
2019-12-06,0.2,-2.9,-5.9,24.1,15.1,0.0,33.0,1017.8,50.0,100.0,85.8,60.0,0.0,-2.2,-7.8
2019-12-07,-1.1,-4.3,-7.5,22.5,14.0,4.8,32.0,1029.1,60.0,74.0,66.7,59.0,-5.0,-7.2,-8.9
2019-12-08,6.6,1.7,-3.2,29.0,16.6,4.8,48.0,1019.6,60.0,93.0,78.3,65.0,3.9,-0.2,-3.9
2019-12-09,10.2,7.6,4.9,27.4,7.4,0.0,41.0,1004.4,20.0,100.0,91.8,76.0,6.1,4.9,2.8
2019-12-10,10.1,1.5,-7.1,56.3,29.1,4.8,65.0,1010.2,,93.0,68.2,54.0,6.1,-2.8,-12.2
2019-12-11,-2.6,-5.7,-8.7,57.9,35.7,3.2,71.0,1025.0,,74.0,63.1,46.0,-7.2,-10.2,-13.9
2019-12-12,-0.2,-5.0,-9.7,24.1,13.8,8.0,37.0,1033.5,0.0,74.0,65.6,58.0,-5.0,-9.1,-12.8
2019-12-13,5.7,2.3,-1.1,24.1,14.6,9.7,41.0,1019.1,,87.0,72.1,61.0,1.1,-1.4,-3.9
2019-12-14,2.7,1.6,0.4,33.8,18.3,0.0,52.0,1000.8,10.0,100.0,91.7,75.0,2.8,1.1,-1.1
2019-12-15,1.6,-2.6,-6.7,48.3,29.8,11.3,63.0,1011.5,0.0,81.0,68.0,51.0,-1.1,-5.8,-10.0
2019-12-16,1.4,-2.3,-6.0,12.9,6.6,0.0,,1022.1,0.0,80.0,67.2,60.0,-3.9,-6.1,-8.9
2019-12-17,1.8,-1.2,-4.2,25.7,12.4,0.0,33.0,1013.4,0.0,86.0,72.3,56.0,-2.8,-4.7,-7.2
2019-12-18,-2.8,-9.1,-15.4,37.0,24.3,16.1,50.0,1014.9,0.0,93.0,71.8,45.0,-3.9,-9.7,-18.9
2019-12-19,-6.0,-11.4,-16.7,24.1,8.7,0.0,,1029.3,0.0,93.0,79.6,56.0,-7.2,-11.6,-21.1
2019-12-20,-3.9,-7.4,-10.8,25.7,17.4,11.3,,1037.3,40.0,93.0,75.5,63.0,-7.2,-9.2,-11.1
2019-12-21,1.9,-3.0,-7.8,20.9,11.7,4.8,33.0,1029.9,30.0,93.0,80.0,69.0,0.0,-3.7,-7.8
2019-12-22,7.2,3.1,-1.1,32.2,21.4,8.0,35.0,1022.0,10.0,93.0,84.6,81.0,2.2,0.6,-1.1
2019-12-23,9.2,4.5,-0.3,37.0,19.3,3.2,39.0,1016.7,,87.0,76.6,57.0,2.8,1.0,-1.1
2019-12-24,1.1,-1.4,-3.9,29.0,21.2,11.3,42.0,1023.0,,87.0,77.3,69.0,-1.1,-2.7,-5.0
2019-12-25,2.8,0.6,-1.6,22.5,15.1,0.0,,1018.3,,100.0,89.8,81.0,1.1,-0.3,-1.1
2019-12-26,3.7,2.4,1.0,37.0,27.2,12.9,42.0,1020.3,,93.0,89.6,81.0,2.2,0.9,-1.1
2019-12-27,11.1,6.9,2.6,33.8,12.1,0.0,48.0,1018.7,,100.0,87.9,71.0,7.8,3.7,0.0
2019-12-28,4.8,3.0,1.1,24.1,13.5,3.2,32.0,1024.8,,81.0,72.1,65.0,1.1,-1.4,-2.8
2019-12-29,2.0,1.1,0.1,53.1,41.4,3.2,55.0,1017.4,,100.0,92.5,81.0,1.1,0.9,-1.1
2019-12-30,10.2,5.6,1.0,64.4,39.3,3.2,80.0,1001.6,,100.0,91.7,61.0,6.1,2.3,0.0
2019-12-31,2.3,0.4,-1.5,41.8,31.5,14.5,54.0,1000.2,10.0,93.0,85.2,70.0,1.1,-0.8,-3.9
2020-01-01,-0.2,-1.7,-3.2,38.6,30.4,14.5,42.0,1006.4,0.0,81.0,72.9,60.0,-2.2,-4.3,-7.2
2020-01-02,6.4,3.0,-0.5,32.2,21.9,9.7,46.0,1005.1,0.0,93.0,80.5,70.0,2.2,0.6,-2.2
2020-01-03,6.8,4.6,2.3,25.7,13.5,8.0,35.0,1007.4,,100.0,80.7,65.0,3.9,2.0,-1.1
2020-01-04,2.5,0.9,-0.7,29.0,12.4,3.2,45.0,1009.0,20.0,100.0,84.5,65.0,0.0,-1.2,-5.0
2020-01-05,1.3,-0.8,-2.8,37.0,20.3,4.8,45.0,1014.0,0.0,100.0,81.8,60.0,0.0,-2.4,-7.2
2020-01-06,1.8,-1.7,-5.2,49.9,29.5,16.1,61.0,1011.2,40.0,93.0,76.2,48.0,1.1,-2.3,-8.9
2020-01-07,4.0,-0.8,-5.5,25.7,17.2,3.2,39.0,1013.3,20.0,86.0,77.0,64.0,0.0,-2.9,-7.2
2020-01-08,-0.7,-5.1,-9.4,40.2,24.5,11.3,65.0,1019.8,20.0,93.0,69.2,47.0,-2.2,-7.7,-15.0
2020-01-09,2.0,-4.9,-11.7,29.0,17.9,3.2,48.0,1033.8,10.0,93.0,70.3,58.0,-3.9,-9.2,-15.0
2020-01-10,7.5,4.5,1.4,35.4,10.1,0.0,58.0,1022.1,0.0,100.0,94.5,65.0,6.1,4.0,-3.9
2020-01-11,11.9,6.8,1.7,33.8,13.2,0.0,42.0,1011.6,,100.0,96.5,87.0,11.1,5.9,2.2
2020-01-12,1.7,-2.3,-6.2,37.0,21.6,4.8,58.0,1021.0,10.0,100.0,85.2,68.0,2.2,-2.7,-10.0
2020-01-13,1.7,-1.7,-5.0,29.0,15.3,0.0,39.0,1028.1,0.0,100.0,91.9,86.0,1.1,-2.0,-6.1
2020-01-14,2.9,1.4,-0.2,27.4,15.8,0.0,46.0,1021.8,0.0,100.0,72.1,0.0,2.2,-3.6,-17.8
2020-01-15,4.3,2.6,0.8,27.4,14.6,0.0,45.0,1019.9,,87.0,71.0,0.0,1.1,-1.7,-17.8
2020-01-16,1.7,-5.0,-11.7,40.2,20.3,11.3,55.0,1023.2,0.0,93.0,76.1,58.0,1.1,-3.5,-13.9
2020-01-17,-8.0,-11.5,-14.9,22.5,10.1,0.0,,1043.9,,73.0,65.4,53.0,-12.2,-14.8,-18.9
2020-01-18,2.5,-2.8,-8.1,41.8,22.0,0.0,52.0,1016.8,60.0,100.0,90.7,68.0,2.2,-2.9,-11.1
2020-01-19,0.4,-5.6,-11.6,48.3,25.9,11.3,46.0,1013.1,160.0,93.0,75.9,58.0,-1.1,-6.6,-15.0
2020-01-20,-5.2,-10.4,-15.6,25.7,17.2,9.7,32.0,1031.8,130.0,80.0,67.3,50.0,-8.9,-13.0,-17.2
2020-01-21,-2.8,-5.8,-8.7,35.4,20.4,0.0,35.0,1032.3,120.0,80.0,71.5,64.0,-6.1,-7.9,-11.1
2020-01-22,0.8,-3.6,-7.9,37.0,29.1,16.1,45.0,1027.6,110.0,86.0,76.6,65.0,-2.8,-5.3,-8.9
2020-01-23,2.3,-1.2,-4.6,20.9,8.5,0.0,,1025.9,70.0,93.0,76.9,69.0,0.0,-3.5,-7.2
2020-01-24,3.7,1.0,-1.7,41.8,32.5,14.5,54.0,1022.2,40.0,93.0,79.9,70.0,2.2,-0.9,-2.8
2020-01-25,3.6,2.6,1.5,45.1,24.1,0.0,55.0,1011.5,10.0,100.0,94.1,87.0,2.8,2.1,1.1
2020-01-26,3.2,2.0,0.7,27.4,23.5,19.3,37.0,1006.2,0.0,93.0,88.2,81.0,1.1,0.4,-1.1
2020-01-27,1.3,0.6,-0.1,25.7,18.3,11.3,37.0,1008.2,0.0,87.0,77.5,70.0,-1.1,-2.0,-2.8
2020-01-28,1.8,-0.1,-1.9,24.1,13.7,4.8,37.0,1015.0,0.0,93.0,79.0,56.0,-1.1,-3.0,-6.1
2020-01-29,-1.9,-4.9,-7.9,20.9,12.7,0.0,32.0,1024.1,,80.0,68.5,51.0,-3.9,-8.7,-12.2
2020-01-30,-1.9,-5.1,-8.3,22.5,16.3,0.0,33.0,1026.0,,86.0,77.5,59.0,-3.9,-6.2,-11.1
2020-01-31,-0.2,-2.0,-3.7,12.9,8.0,0.0,,1024.2,0.0,86.0,77.7,69.0,-2.8,-4.4,-6.1
2020-02-01,1.0,-1.6,-4.1,27.4,17.4,3.2,32.0,1013.6,0.0,93.0,85.5,65.0,-1.1,-2.2,-5.0
2020-02-02,2.1,0.0,-2.1,32.2,14.5,3.2,32.0,999.3,20.0,100.0,93.1,81.0,1.1,0.1,-2.2
2020-02-03,5.7,3.1,0.4,32.2,18.7,0.0,52.0,1008.7,20.0,93.0,74.0,57.0,1.1,-1.0,-2.8
2020-02-04,2.3,-1.2,-4.7,27.4,17.1,9.7,54.0,1012.5,,70.0,63.2,55.0,-2.2,-4.4,-8.9
2020-02-05,-3.0,-5.6,-8.2,27.4,17.7,4.8,54.0,1020.6,10.0,80.0,61.8,54.0,-5.0,-10.3,-13.9
2020-02-06,-3.5,-4.5,-5.5,29.0,20.0,8.0,41.0,1004.4,30.0,93.0,81.7,74.0,-2.8,-6.1,-7.2
2020-02-07,-4.3,-6.8,-9.2,35.4,20.0,8.0,52.0,999.8,80.0,86.0,74.8,59.0,-6.1,-8.2,-12.2
2020-02-08,-7.1,-11.0,-14.9,20.9,10.5,3.2,,1022.4,90.0,74.0,65.7,53.0,-10.0,-14.0,-17.8
2020-02-09,0.6,-5.0,-10.6,33.8,15.6,3.2,45.0,1026.7,50.0,100.0,87.9,74.0,1.1,-2.6,-8.9
2020-02-10,2.9,1.6,0.2,22.5,13.7,8.0,,1017.0,110.0,100.0,85.1,65.0,1.1,-0.3,-2.8
2020-02-11,2.1,-0.1,-2.3,29.0,18.7,0.0,45.0,1015.9,70.0,75.0,68.2,56.0,-2.8,-4.1,-6.1
2020-02-12,1.5,-1.6,-4.6,33.8,25.7,14.5,42.0,1017.7,30.0,81.0,70.9,64.0,-2.2,-4.8,-7.2
2020-02-13,-0.2,-8.7,-17.1,33.8,17.7,4.8,52.0,1011.3,60.0,100.0,82.7,62.0,-1.1,-5.2,-17.8
2020-02-14,-9.2,-14.9,-20.6,32.2,18.0,4.8,35.0,1033.2,70.0,79.0,64.8,52.0,-12.8,-16.7,-23.9
2020-02-15,0.3,-5.8,-11.9,48.3,35.4,27.4,58.0,1026.6,30.0,87.0,69.5,60.0,-2.2,-8.3,-12.8
2020-02-16,3.0,0.1,-2.8,33.8,24.1,11.3,42.0,1017.5,20.0,81.0,68.3,52.0,-2.2,-3.8,-6.1
2020-02-17,-0.2,-3.1,-6.0,29.0,16.1,4.8,48.0,1025.7,10.0,80.0,67.0,51.0,-3.9,-7.2,-11.1
2020-02-18,5.2,1.9,-1.4,48.3,24.9,8.0,58.0,1014.8,50.0,100.0,89.0,60.0,2.8,0.1,-5.0
2020-02-19,-0.8,-3.9,-7.0,37.0,24.8,12.9,48.0,1028.1,10.0,69.0,55.7,47.0,-6.1,-10.2,-12.8
2020-02-20,-4.1,-7.8,-11.4,25.7,16.3,4.8,37.0,1034.1,0.0,68.0,57.1,50.0,-10.0,-13.0,-15.0
2020-02-21,0.6,-5.0,-10.5,45.1,31.1,16.1,48.0,1030.0,,74.0,62.0,44.0,-6.1,-10.1,-12.8
2020-02-22,5.7,0.7,-4.4,37.0,24.8,11.3,42.0,1021.5,,81.0,65.0,55.0,-1.1,-5.1,-8.9
2020-02-23,9.3,4.5,-0.3,27.4,19.6,9.7,50.0,1016.1,,81.0,73.3,61.0,0.0,-1.2,-2.2
2020-02-24,9.3,4.3,-0.7,24.1,13.4,0.0,,1012.8,,87.0,74.7,53.0,1.1,0.0,-2.2
2020-02-25,4.5,2.4,0.3,22.5,15.8,9.7,33.0,1014.8,10.0,93.0,74.3,53.0,1.1,-0.7,-3.9
2020-02-26,2.8,-0.8,-4.3,25.7,17.9,9.7,41.0,1011.9,10.0,93.0,83.5,52.0,-1.1,-2.4,-5.0
2020-02-27,-3.5,-4.9,-6.2,69.2,45.9,22.5,87.0,1002.5,130.0,93.0,71.4,59.0,-3.9,-8.1,-10.0
2020-02-28,-3.7,-7.2,-10.7,57.9,38.1,12.9,67.0,1006.4,110.0,86.0,72.4,64.0,-6.1,-8.8,-11.1
2020-02-29,-3.7,-8.9,-14.0,32.2,17.4,4.8,46.0,1015.8,120.0,79.0,64.5,47.0,-10.0,-13.5,-17.2
2020-03-01,2.5,-4.2,-10.9,22.5,12.9,4.8,41.0,1018.5,110.0,81.0,68.0,56.0,-1.1,-6.9,-11.1
2020-03-02,6.8,3.8,0.8,25.7,12.9,0.0,45.0,1005.3,20.0,100.0,93.6,70.0,5.0,2.6,-2.2
2020-03-03,4.2,2.3,0.4,27.4,15.8,0.0,41.0,1001.3,0.0,100.0,92.9,81.0,3.9,2.1,0.0
2020-03-04,6.0,3.4,0.7,37.0,25.6,0.0,55.0,1008.2,0.0,81.0,69.7,56.0,0.0,-1.7,-5.0
2020-03-05,5.9,1.2,-3.5,27.4,15.8,8.0,45.0,1018.7,0.0,81.0,65.0,56.0,-1.1,-4.2,-7.2
2020-03-06,2.3,0.1,-2.2,37.0,18.3,4.8,48.0,1016.8,0.0,93.0,74.1,56.0,0.0,-2.1,-7.2
2020-03-07,3.9,-1.7,-7.2,32.2,18.3,9.7,35.0,1031.2,,81.0,59.1,47.0,-1.1,-7.9,-12.2
2020-03-08,12.2,6.3,0.4,25.7,16.3,0.0,46.0,,,81.0,74.0,61.0,2.2,0.1,-2.8
2020-03-09,17.2,12.5,7.8,32.2,15.4,0.0,50.0,1020.0,,93.0,73.2,61.0,6.1,3.1,0.0
2020-03-10,11.8,5.2,-1.5,35.4,17.4,0.0,55.0,1014.6,,100.0,85.8,56.0,7.2,3.9,-5.0
2020-03-11,4.2,0.9,-2.5,33.8,17.2,0.0,42.0,1021.5,,93.0,76.5,60.0,-1.1,-2.6,-3.9
2020-03-12,5.9,3.0,0.0,38.6,25.4,19.3,37.0,1015.9,,93.0,83.5,81.0,2.8,-0.1,-2.2
2020-03-13,8.4,4.8,1.1,64.4,28.0,0.0,78.0,1009.7,,100.0,79.2,49.0,7.2,2.2,-5.0
2020-03-14,3.7,1.2,-1.4,27.4,19.3,9.7,54.0,1029.6,,70.0,61.9,56.0,-2.2,-4.2,-5.0
2020-03-15,3.8,-0.3,-4.4,20.9,13.7,3.2,39.0,1037.1,,60.0,47.2,32.0,-6.1,-9.8,-13.9
2020-03-16,4.1,-0.6,-5.3,32.2,13.5,0.0,46.0,1030.6,0.0,93.0,70.8,41.0,0.0,-4.2,-11.1
2020-03-17,8.6,3.7,-1.2,38.6,21.4,9.7,55.0,1019.9,,100.0,82.3,42.0,2.8,1.1,-6.1
2020-03-18,4.4,0.7,-3.0,38.6,21.1,3.2,41.0,1028.3,,75.0,63.6,52.0,-1.1,-4.3,-7.2
2020-03-19,7.3,4.7,2.0,33.8,23.5,9.7,37.0,1021.1,,100.0,88.0,75.0,5.0,2.7,-1.1
2020-03-20,18.4,7.1,-4.3,56.3,24.0,0.0,78.0,1009.5,,100.0,87.3,64.0,12.8,3.7,-7.8
2020-03-21,0.7,-3.9,-8.4,24.1,12.6,3.2,42.0,1034.3,,69.0,59.8,40.0,-7.8,-10.2,-13.9
2020-03-22,1.3,-3.3,-7.8,38.6,28.2,12.9,48.0,1037.3,,70.0,61.0,54.0,-2.8,-8.1,-12.2
2020-03-23,3.8,1.7,-0.4,33.8,16.9,4.8,,1022.5,20.0,100.0,93.9,70.0,2.8,0.8,-2.8
2020-03-24,5.5,3.1,0.7,22.5,10.6,3.2,33.0,1022.7,,93.0,78.6,70.0,2.2,-0.1,-1.1
2020-03-25,9.7,5.7,1.6,35.4,20.4,0.0,39.0,1015.9,,93.0,84.3,76.0,2.8,1.4,0.0
2020-03-26,13.3,7.6,1.9,27.4,9.3,0.0,41.0,1011.0,,100.0,86.0,67.0,7.2,3.7,1.1
2020-03-27,9.1,5.2,1.2,16.1,10.6,3.2,37.0,1016.0,,87.0,77.7,66.0,2.2,0.7,0.0
2020-03-28,7.8,5.3,2.8,46.7,35.2,16.1,59.0,1014.5,,100.0,87.1,75.0,5.0,2.7,0.0
2020-03-29,18.0,11.5,5.0,61.2,34.9,4.8,81.0,1005.2,,100.0,92.2,52.0,10.0,5.5,3.9
2020-03-30,8.7,6.8,4.8,33.8,19.6,12.9,48.0,1010.4,,93.0,81.4,71.0,5.0,3.9,2.2
2020-03-31,6.6,5.5,4.3,37.0,22.0,3.2,48.0,1016.4,,100.0,92.7,76.0,5.0,4.2,2.2
2020-04-01,10.2,5.6,1.0,24.1,12.9,4.8,39.0,1015.0,,76.0,51.9,32.0,1.1,-3.9,-7.8
2020-04-02,14.5,8.3,2.1,29.0,16.6,9.7,46.0,1015.5,,65.0,40.3,19.0,-2.2,-4.9,-11.1
2020-04-03,11.1,6.6,2.0,24.1,13.4,4.8,39.0,1016.4,,87.0,70.3,43.0,5.0,1.9,-5.0
2020-04-04,11.2,8.3,5.4,14.5,10.3,0.0,35.0,1017.3,,93.0,87.0,76.0,7.2,5.6,5.0
2020-04-05,10.9,6.1,1.3,20.9,10.9,0.0,42.0,1018.6,,93.0,73.3,50.0,5.0,2.9,-2.2
2020-04-06,14.3,7.0,-0.4,19.3,8.5,0.0,42.0,1019.6,,81.0,63.8,35.0,2.8,0.0,-2.8
2020-04-07,14.1,9.1,4.1,25.7,15.0,0.0,39.0,1011.4,,93.0,70.7,47.0,3.9,2.1,0.0
2020-04-08,13.9,9.7,5.5,33.8,13.2,3.2,48.0,1003.4,,93.0,72.7,44.0,7.2,3.8,1.1
2020-04-09,9.3,5.1,0.9,48.3,22.9,3.2,72.0,996.3,,100.0,76.9,40.0,7.2,1.7,-5.0
2020-04-10,7.6,3.9,0.1,41.8,31.2,19.3,65.0,1003.0,,70.0,57.8,43.0,-2.2,-4.2,-7.8
2020-04-11,9.4,3.7,-2.1,38.6,18.8,3.2,46.0,1013.5,,81.0,60.2,43.0,2.2,-2.9,-6.1
2020-04-12,13.7,8.8,3.9,33.8,16.7,0.0,33.0,1012.1,,87.0,72.0,62.0,3.9,2.2,0.0
2020-04-13,14.8,8.4,2.0,62.8,18.5,0.0,78.0,998.8,,100.0,91.2,57.0,11.1,7.7,-2.8
2020-04-14,7.0,1.9,-3.2,46.7,30.6,12.9,59.0,1017.4,0.0,81.0,65.4,45.0,0.0,-3.0,-7.2
2020-04-15,4.4,-0.2,-4.8,35.4,20.3,9.7,45.0,1015.8,,69.0,52.9,38.0,-5.0,-7.2,-11.1
2020-04-16,4.9,0.1,-4.8,49.9,26.4,12.9,63.0,1020.9,,70.0,54.9,39.0,-3.9,-6.3,-10.0
2020-04-17,6.6,2.0,-2.6,32.2,18.8,4.8,48.0,1019.9,,81.0,64.5,45.0,-1.1,-3.6,-6.1
2020-04-18,11.3,4.2,-3.0,35.4,18.2,4.8,50.0,1012.1,,86.0,75.7,66.0,2.8,0.0,-2.8
2020-04-19,13.6,6.1,-1.5,38.6,23.8,3.2,58.0,1005.8,,93.0,77.9,52.0,6.1,2.9,-7.2
2020-04-20,6.9,1.7,-3.6,20.9,13.2,8.0,41.0,1007.9,,81.0,65.0,56.0,1.1,-3.1,-7.2
2020-04-21,8.1,2.9,-2.4,59.5,36.0,4.8,76.0,1000.8,,93.0,58.9,39.0,5.0,-4.2,-8.9
2020-04-22,6.2,1.8,-2.7,38.6,26.1,3.2,58.0,1014.8,,69.0,43.0,27.0,-6.1,-9.9,-12.2
2020-04-23,6.1,2.2,-1.7,32.2,22.5,3.2,46.0,1015.5,,70.0,54.4,41.0,-1.1,-5.6,-11.1
2020-04-24,10.4,7.1,3.8,33.8,20.6,3.2,37.0,1011.3,,70.0,40.1,30.0,1.1,-5.9,-8.9
2020-04-25,13.8,6.6,-0.7,25.7,13.0,0.0,45.0,1017.4,,93.0,54.5,16.0,2.2,-2.6,-13.9
2020-04-26,11.2,8.6,5.9,38.6,27.0,11.3,61.0,1015.9,,87.0,64.3,24.0,5.0,1.2,-7.8
2020-04-27,14.3,8.9,3.4,22.5,14.0,4.8,45.0,1019.5,,76.0,49.5,35.0,2.8,-1.3,-3.9
2020-04-28,13.3,10.3,7.3,33.8,19.3,0.0,46.0,1017.9,,81.0,73.6,62.0,3.9,2.8,1.1
2020-04-29,14.2,11.1,7.9,51.5,32.7,16.1,61.0,1010.8,,87.0,75.6,66.0,7.8,5.3,2.2
2020-04-30,14.2,11.8,9.3,41.8,17.2,4.8,54.0,1004.0,,100.0,98.4,87.0,10.0,8.7,7.2
2020-05-01,15.7,11.4,7.0,25.7,12.2,3.2,45.0,1010.1,,100.0,85.1,42.0,10.0,6.7,2.2
2020-05-02,15.6,10.6,5.6,24.1,12.2,4.8,41.0,1013.2,,93.0,72.7,54.0,7.2,5.1,2.8
2020-05-03,21.0,13.8,6.6,38.6,15.9,0.0,61.0,1007.0,,93.0,58.1,31.0,10.0,5.5,2.2
2020-05-04,11.4,6.6,1.8,29.0,21.4,14.5,52.0,1014.1,,76.0,55.5,25.0,2.8,-0.7,-12.2
2020-05-05,11.4,5.4,-0.7,16.1,9.7,0.0,32.0,1017.2,,65.0,52.6,43.0,-2.2,-4.1,-7.2
2020-05-06,12.8,7.7,2.6,14.5,8.9,0.0,46.0,1013.5,,66.0,49.4,30.0,2.2,-2.5,-7.2
2020-05-07,13.6,7.4,1.1,35.4,18.3,3.2,59.0,1009.8,,76.0,53.0,22.0,3.9,-1.4,-10.0
2020-05-08,4.8,0.9,-3.1,35.4,20.3,11.3,54.0,1011.8,,70.0,45.9,31.0,-3.9,-8.4,-12.2
2020-05-09,6.8,1.1,-4.7,51.5,28.8,11.3,68.0,1015.0,,81.0,60.4,36.0,-1.1,-4.5,-7.8
2020-05-10,8.2,3.4,-1.4,20.9,12.4,0.0,,1015.2,,93.0,72.6,56.0,3.9,0.8,-3.9
2020-05-11,7.8,3.1,-1.7,33.8,17.9,8.0,45.0,1014.5,0.0,93.0,74.7,45.0,2.2,0.3,-6.1
2020-05-12,8.6,2.4,-3.8,37.0,18.7,9.7,50.0,1020.2,,75.0,49.0,27.0,-3.9,-5.4,-10.0
2020-05-13,12.8,4.9,-3.0,20.9,11.9,0.0,33.0,1026.5,,76.0,57.7,28.0,2.8,-2.5,-7.2
2020-05-14,13.2,9.6,5.9,29.0,16.4,0.0,,1020.2,,100.0,78.8,57.0,7.2,3.9,0.0
2020-05-15,19.1,13.4,7.7,22.5,9.3,0.0,37.0,1011.1,,100.0,94.2,77.0,15.0,9.2,6.1
2020-05-16,16.9,12.2,7.5,22.5,11.9,0.0,33.0,1021.1,,94.0,84.3,63.0,8.9,8.2,7.2
2020-05-17,16.3,11.8,7.3,40.2,24.5,12.9,48.0,1022.2,,82.0,74.4,67.0,7.8,7.2,6.1
2020-05-18,15.2,13.2,11.2,46.7,39.1,24.1,50.0,1019.7,,100.0,87.5,54.0,11.1,9.0,3.9
2020-05-19,17.1,14.8,12.4,41.8,34.6,19.3,54.0,1022.3,,67.0,53.4,47.0,6.1,3.5,1.1
2020-05-20,19.2,14.4,9.6,33.8,25.4,16.1,42.0,1026.2,,71.0,57.1,42.0,6.1,4.6,2.8
2020-05-21,20.7,14.1,7.5,22.5,13.8,3.2,,1024.1,,76.0,56.3,36.0,5.0,2.7,-1.1
2020-05-22,23.9,16.8,9.6,12.9,6.9,0.0,,1018.1,,94.0,63.7,37.0,11.1,6.3,2.2
2020-05-23,24.9,18.8,12.7,19.3,7.7,0.0,,1016.5,,94.0,80.3,64.0,15.0,11.9,10.0
2020-05-24,25.9,20.6,15.2,25.7,19.6,8.0,37.0,1016.2,,88.0,76.6,67.0,16.1,12.2,8.9
2020-05-25,30.3,24.4,18.4,19.3,11.7,3.2,33.0,1015.3,,94.0,82.6,69.0,18.9,15.3,12.8
2020-05-26,31.0,23.7,16.4,19.3,10.3,0.0,33.0,1017.8,,100.0,86.3,69.0,18.9,16.2,12.8
2020-05-27,28.4,23.8,19.1,19.3,9.7,0.0,32.0,1017.3,,100.0,78.9,61.0,17.8,16.5,15.0
2020-05-28,22.8,20.5,18.1,16.1,8.2,0.0,,1013.6,,100.0,95.5,78.0,17.8,17.1,16.1
2020-05-29,25.7,18.4,11.1,29.0,14.8,0.0,59.0,1009.2,,100.0,87.4,72.0,17.8,15.8,11.1
2020-05-30,18.7,13.4,8.0,33.8,14.2,3.2,54.0,1015.2,,100.0,74.9,48.0,12.2,9.6,5.0
2020-05-31,16.3,11.5,6.6,24.1,12.1,0.0,58.0,1022.9,,81.0,58.8,31.0,6.1,3.3,-2.2
2020-06-01,23.7,15.8,7.9,29.0,15.9,3.2,52.0,1021.1,,76.0,55.4,25.0,7.8,5.6,2.8
2020-06-02,27.2,20.1,12.9,38.6,19.2,3.2,55.0,1010.7,,94.0,79.3,60.0,13.9,11.2,7.8
2020-06-03,27.4,20.4,13.4,33.8,13.4,0.0,48.0,1003.7,,100.0,87.2,42.0,17.2,13.9,12.2
2020-06-04,30.0,22.8,15.6,24.1,11.1,3.2,42.0,1007.1,,94.0,79.5,61.0,17.2,14.3,12.2
2020-06-05,28.3,22.7,17.0,45.1,13.4,3.2,59.0,1008.7,,100.0,85.9,65.0,20.0,17.1,13.9
2020-06-06,26.1,20.0,13.9,25.7,14.3,8.0,58.0,1011.4,,94.0,61.6,44.0,15.0,11.8,8.9
2020-06-07,20.9,16.0,11.1,22.5,12.7,0.0,37.0,1017.9,,77.0,62.9,49.0,11.1,9.2,7.2
2020-06-08,22.8,16.4,10.0,14.5,8.2,0.0,,1018.0,,77.0,61.6,43.0,12.8,9.0,7.2
2020-06-09,31.6,23.6,15.6,29.0,9.3,0.0,32.0,1011.2,,88.0,62.8,0.0,17.2,11.5,-17.8
2020-06-10,32.1,24.5,16.9,59.5,19.6,3.2,68.0,1005.3,,100.0,83.4,61.0,20.0,16.7,12.8
2020-06-11,24.3,19.9,15.4,45.1,24.6,8.0,65.0,1011.1,,94.0,72.7,44.0,17.8,13.1,10.0
2020-06-12,17.9,13.6,9.2,35.4,20.4,9.7,65.0,1020.8,,88.0,53.4,39.0,12.2,6.2,1.1
2020-06-13,18.7,13.4,8.0,20.9,13.7,4.8,41.0,1026.5,,77.0,59.9,42.0,8.9,5.3,2.2
2020-06-14,17.6,12.9,8.2,16.1,13.4,9.7,39.0,1030.2,,82.0,60.8,42.0,8.9,6.3,2.2
2020-06-15,21.0,15.0,8.9,20.9,13.2,3.2,39.0,1030.7,,64.0,52.5,40.0,11.1,6.3,2.8
2020-06-16,24.4,17.1,9.7,19.3,10.1,3.2,,1028.1,,72.0,60.5,46.0,10.0,8.7,7.2
2020-06-17,27.5,20.1,12.6,19.3,8.5,0.0,,1023.3,,88.0,68.5,56.0,13.9,11.7,10.0
2020-06-18,29.3,22.3,15.3,22.5,13.4,0.0,,1018.7,,88.0,64.7,50.0,15.0,13.2,12.2
2020-06-19,29.7,23.7,17.6,20.9,8.7,0.0,,1015.8,,94.0,75.4,54.0,20.0,17.1,13.9
2020-06-20,30.6,24.8,18.9,12.9,5.3,0.0,,1015.0,,100.0,81.4,55.0,20.0,18.3,17.2
2020-06-21,30.8,25.0,19.1,22.5,10.9,0.0,33.0,1012.0,,94.0,79.0,61.0,21.1,19.4,17.8
2020-06-22,30.3,25.0,19.6,20.9,9.2,0.0,33.0,1010.9,,100.0,83.7,65.0,21.1,20.2,18.9
2020-06-23,25.5,21.5,17.5,38.6,13.4,3.2,55.0,1002.8,,100.0,89.3,73.0,22.2,20.1,13.9
2020-06-24,23.4,19.4,15.3,41.8,27.2,11.3,61.0,1005.1,,94.0,68.7,46.0,13.9,11.0,8.9
2020-06-25,26.9,18.9,10.9,24.1,11.9,3.2,46.0,1011.4,,94.0,71.6,47.0,13.9,12.2,10.0
2020-06-26,30.2,22.5,14.7,25.7,11.4,0.0,46.0,1011.8,,94.0,73.8,57.0,13.9,12.7,11.1
2020-06-27,29.4,24.3,19.1,27.4,8.9,0.0,46.0,1005.3,,100.0,88.7,54.0,20.0,17.1,12.8
2020-06-28,29.3,23.3,17.3,19.3,10.0,3.2,42.0,1007.3,,100.0,80.4,45.0,17.8,15.8,13.9
2020-06-29,32.1,25.5,18.8,24.1,11.6,0.0,33.0,1012.6,,73.0,64.3,54.0,17.8,16.1,13.9
2020-06-30,27.5,23.4,19.2,20.9,11.9,3.2,35.0,1015.1,,83.0,74.4,69.0,17.8,17.2,16.1
2020-07-01,29.9,24.4,18.9,12.9,6.9,0.0,,1013.7,,94.0,73.0,42.0,21.1,17.7,13.9
2020-07-02,35.5,28.3,21.1,25.7,14.3,8.0,41.0,1012.4,,65.0,47.3,30.0,20.0,16.1,13.9
2020-07-03,32.4,27.4,22.3,22.5,14.2,4.8,45.0,1012.5,,78.0,56.7,46.0,21.1,17.8,13.9
2020-07-04,32.0,26.1,20.2,19.3,10.3,0.0,41.0,1014.5,,69.0,53.0,39.0,17.8,14.4,11.1
2020-07-05,34.0,26.3,18.5,12.9,6.9,0.0,39.0,1014.5,,73.0,54.6,39.0,16.1,13.7,11.1
2020-07-06,31.3,26.0,20.6,24.1,15.4,0.0,,1015.6,,78.0,72.5,65.0,20.0,18.2,16.1
2020-07-07,34.0,27.8,21.6,14.5,9.2,3.2,37.0,1013.1,,83.0,69.7,55.0,22.8,20.1,16.1
2020-07-08,34.6,28.4,22.2,40.2,10.3,0.0,71.0,1012.1,,100.0,81.8,55.0,23.9,22.0,20.0
2020-07-09,34.3,28.4,22.5,24.1,8.4,0.0,42.0,1011.9,,94.0,82.6,62.0,25.0,22.4,21.1
2020-07-10,32.3,26.5,20.6,27.4,15.0,0.0,48.0,1008.7,,94.0,79.8,69.0,23.9,22.1,20.0
2020-07-11,28.4,24.3,20.1,38.6,17.4,3.2,59.0,1003.1,,94.0,84.2,62.0,22.8,21.1,17.2
2020-07-12,27.9,23.1,18.2,25.7,14.8,9.7,39.0,1005.8,,88.0,74.2,61.0,20.0,18.0,15.0
2020-07-13,25.3,21.7,18.0,25.7,15.4,8.0,45.0,1011.1,,83.0,68.0,54.0,17.8,15.9,13.9
2020-07-14,26.8,22.1,17.4,19.3,10.1,0.0,,1016.6,,83.0,76.5,69.0,20.0,17.6,16.1
2020-07-15,28.2,23.3,18.4,19.3,9.7,0.0,,1019.0,,94.0,83.0,65.0,21.1,19.4,17.8
2020-07-16,25.6,23.7,21.7,19.3,11.7,3.2,33.0,1015.3,,100.0,90.0,78.0,22.8,21.9,20.0
2020-07-17,31.4,25.8,20.1,22.5,16.1,9.7,35.0,1016.8,,89.0,78.3,61.0,22.2,20.4,17.8
2020-07-18,33.2,26.7,20.1,24.1,15.4,8.0,45.0,1015.1,,94.0,80.5,65.0,22.8,21.2,20.0
2020-07-19,31.2,26.6,21.9,51.5,20.6,3.2,76.0,1008.1,,100.0,90.4,83.0,22.8,21.1,18.9
2020-07-20,29.6,23.7,17.8,33.8,17.1,9.7,50.0,1011.0,,100.0,70.6,48.0,22.2,17.8,15.0
2020-07-21,26.2,20.8,15.3,16.1,10.0,4.8,,1017.0,,88.0,76.1,68.0,18.9,16.4,13.9
2020-07-22,26.7,23.5,20.2,16.1,9.2,3.2,32.0,1013.9,,100.0,92.4,78.0,22.2,21.0,17.8
2020-07-23,27.6,23.0,18.4,16.1,9.5,0.0,35.0,1016.2,,94.0,82.0,61.0,21.1,18.8,16.1
2020-07-24,27.6,22.6,17.6,22.5,12.4,0.0,,1019.6,,94.0,77.0,65.0,21.1,18.4,16.1
2020-07-25,30.0,23.9,17.8,14.5,8.4,0.0,37.0,1018.3,,94.0,73.0,54.0,21.1,18.3,15.0
2020-07-26,33.5,26.6,19.6,25.7,16.6,8.0,48.0,1013.9,,88.0,77.7,58.0,21.1,19.8,17.8
2020-07-27,32.7,27.3,21.8,25.7,15.1,4.8,54.0,1007.1,,94.0,76.5,58.0,23.9,21.1,18.9
2020-07-28,31.1,24.3,17.5,24.1,15.6,4.8,50.0,1009.1,,94.0,72.0,42.0,18.9,16.7,12.8
2020-07-29,30.7,25.1,19.5,25.7,12.6,3.2,41.0,1009.9,,94.0,73.6,40.0,18.9,17.2,13.9
2020-07-30,28.1,22.5,16.9,20.9,11.6,0.0,39.0,1011.4,,78.0,65.3,54.0,17.2,15.7,12.8
2020-07-31,28.8,23.5,18.1,20.9,10.8,3.2,,1012.1,,83.0,70.6,57.0,20.0,17.7,16.1
2020-08-01,30.0,24.4,18.7,24.1,12.1,0.0,37.0,1012.6,,94.0,80.1,65.0,21.1,19.1,17.2
2020-08-02,28.4,24.0,19.5,37.0,21.9,4.8,67.0,1004.9,,100.0,92.8,78.0,22.8,20.7,17.2
2020-08-03,24.9,21.0,17.1,27.4,14.6,3.2,54.0,1013.9,,100.0,88.8,73.0,18.9,18.1,16.1
2020-08-04,24.6,21.2,17.7,25.7,10.5,0.0,54.0,1011.1,,100.0,90.6,83.0,21.1,19.2,16.1
2020-08-05,23.9,19.1,14.2,27.4,17.9,8.0,52.0,1015.7,,88.0,66.7,43.0,16.1,12.6,7.8
2020-08-06,23.9,18.6,13.3,12.9,8.0,3.2,,1020.0,,94.0,68.5,47.0,15.0,12.8,11.1
2020-08-07,25.6,20.1,14.5,12.9,5.8,0.0,,1020.4,,88.0,73.4,57.0,17.2,15.3,12.8
2020-08-08,27.1,21.5,15.9,25.7,10.0,0.0,,1020.0,,88.0,69.9,51.0,17.8,15.7,12.2
2020-08-09,30.6,25.5,20.4,33.8,14.2,3.2,41.0,1016.4,,94.0,84.9,78.0,20.0,19.0,17.2
2020-08-10,32.1,27.0,21.8,20.9,9.8,0.0,41.0,1013.4,,94.0,83.4,70.0,22.2,20.2,17.8
2020-08-11,28.9,22.3,15.6,27.4,14.5,0.0,45.0,1010.3,,88.0,71.2,44.0,21.1,18.8,12.2
2020-08-12,29.8,22.5,15.1,14.5,6.0,0.0,37.0,1017.7,,88.0,67.9,35.0,17.2,14.7,11.1
2020-08-13,28.9,24.0,19.0,12.9,8.9,0.0,,1019.6,,83.0,64.4,48.0,18.9,16.6,13.9
2020-08-14,28.6,24.7,20.8,25.7,18.8,4.8,35.0,1018.5,,73.0,61.1,50.0,17.8,16.3,13.9
2020-08-15,27.9,22.5,17.1,29.0,19.5,12.9,,1015.1,,94.0,77.1,61.0,22.2,18.4,12.8
2020-08-16,25.8,22.2,18.5,14.5,7.1,0.0,33.0,1013.1,,100.0,84.6,65.0,21.1,19.2,17.8
2020-08-17,27.4,21.2,15.0,37.0,15.4,3.2,48.0,1012.2,,94.0,81.9,61.0,18.9,16.9,15.0
2020-08-18,25.0,19.6,14.1,25.7,15.4,8.0,52.0,1012.3,,82.0,61.9,44.0,15.0,12.8,8.9
2020-08-19,23.7,17.5,11.3,19.3,11.4,3.2,39.0,1016.5,,77.0,55.0,36.0,11.1,9.6,6.1
2020-08-20,27.6,19.3,11.0,32.2,13.4,0.0,45.0,1015.5,,77.0,68.3,60.0,18.9,14.1,10.0
2020-08-21,30.6,24.0,17.4,20.9,12.4,3.2,45.0,1011.8,,88.0,69.6,51.0,20.0,17.6,12.2
2020-08-22,31.1,25.0,18.9,19.3,10.0,0.0,,1012.6,,94.0,82.0,65.0,22.2,20.5,18.9
2020-08-23,31.7,25.1,18.4,22.5,8.9,0.0,42.0,1014.5,,94.0,74.8,51.0,21.1,19.7,17.8
2020-08-24,32.7,26.6,20.4,25.7,14.0,4.8,42.0,1013.1,,94.0,77.5,43.0,22.8,21.2,17.8
2020-08-25,28.0,22.5,17.0,27.4,18.0,9.7,54.0,1012.0,,94.0,65.1,39.0,22.2,17.2,12.2
2020-08-26,21.2,17.7,14.1,20.9,8.7,0.0,,1015.8,,100.0,79.3,60.0,18.9,15.1,8.9
2020-08-27,30.2,24.1,17.9,32.2,14.3,0.0,55.0,1006.4,,100.0,83.0,54.0,22.2,19.8,17.2
2020-08-28,24.0,20.4,16.7,20.9,12.4,3.2,33.0,1009.6,,100.0,80.5,64.0,18.9,16.8,15.0
2020-08-29,27.0,21.6,16.2,45.1,23.5,4.8,68.0,999.4,,94.0,79.6,53.0,21.1,18.0,12.2
2020-08-30,23.7,18.8,13.9,25.7,11.7,0.0,35.0,1009.8,,82.0,71.2,50.0,15.0,12.9,11.1
2020-08-31,25.2,19.9,14.5,38.6,19.5,3.2,39.0,1014.2,,88.0,73.3,57.0,17.8,15.0,12.2
2020-09-01,28.1,23.4,18.6,19.3,6.8,0.0,39.0,1012.8,,94.0,87.3,74.0,21.1,19.2,17.8
2020-09-02,28.3,23.1,17.8,32.2,12.2,0.0,58.0,1006.1,,100.0,84.3,44.0,22.2,19.6,12.8
2020-09-03,28.6,21.8,14.9,40.2,17.1,3.2,59.0,1006.7,,82.0,72.3,61.0,17.8,15.9,12.8
2020-09-04,23.0,17.7,12.4,35.4,21.4,9.7,59.0,1013.5,,82.0,57.2,35.0,12.8,9.6,6.1
2020-09-05,21.1,16.3,11.5,25.7,14.3,3.2,35.0,1020.0,,77.0,66.3,53.0,13.9,11.6,10.0
2020-09-06,22.0,15.7,9.4,19.3,11.3,4.8,32.0,1020.4,,83.0,65.3,46.0,15.0,10.3,7.2
2020-09-07,25.2,20.4,15.6,49.9,25.6,8.0,63.0,1009.7,,94.0,84.7,59.0,17.8,16.6,10.0
2020-09-08,16.5,15.5,14.4,19.3,12.2,3.2,,1019.9,,82.0,71.9,59.0,12.8,11.2,8.9
2020-09-09,18.5,16.1,13.6,19.3,10.3,3.2,,1024.0,,100.0,94.7,82.0,17.2,15.2,12.8
2020-09-10,19.8,16.4,13.0,22.5,10.6,0.0,41.0,1024.9,,100.0,88.8,64.0,17.2,15.3,10.0
2020-09-11,17.6,14.6,11.6,22.5,11.6,0.0,,1027.5,,82.0,72.3,63.0,11.1,9.0,7.2
2020-09-12,21.4,15.9,10.4,29.0,15.8,3.2,33.0,1021.1,,94.0,80.8,64.0,17.8,13.8,11.1
2020-09-13,26.1,20.0,13.8,45.1,15.6,3.2,59.0,1012.9,,100.0,84.7,50.0,20.0,17.1,12.2
2020-09-14,17.5,12.1,6.7,22.5,14.6,4.8,45.0,1025.7,,77.0,55.9,37.0,12.8,5.9,0.0
2020-09-15,19.8,12.4,5.0,32.2,14.3,3.2,33.0,1025.5,,82.0,72.5,60.0,12.8,9.3,6.1
2020-09-16,25.4,19.8,14.1,33.8,23.3,8.0,42.0,1015.4,,83.0,76.8,68.0,17.2,14.4,11.1
2020-09-17,19.2,13.4,7.5,24.1,15.8,4.8,41.0,1018.0,,82.0,63.8,47.0,12.2,9.3,1.1
2020-09-18,15.9,10.6,5.3,24.1,16.3,4.8,50.0,1023.9,,62.0,45.4,34.0,2.8,0.4,-1.1
2020-09-19,14.4,8.8,3.1,20.9,11.6,0.0,32.0,1030.1,,62.0,47.5,38.0,2.2,0.2,-1.1
2020-09-20,16.8,13.0,9.1,14.5,9.3,4.8,35.0,1034.1,,67.0,52.0,38.0,6.1,3.8,-1.1
2020-09-21,19.5,11.8,4.1,14.5,10.6,4.8,32.0,1032.7,,71.0,61.3,52.0,10.0,7.5,5.0
2020-09-22,21.5,14.1,6.7,14.5,6.4,0.0,,1021.9,,94.0,73.5,52.0,12.8,10.0,7.8
2020-09-23,27.6,19.9,12.2,29.0,10.9,3.2,41.0,1013.4,,88.0,63.8,32.0,15.0,12.1,8.9
2020-09-24,25.1,18.5,11.8,19.3,7.2,0.0,35.0,1013.2,,100.0,89.5,69.0,17.2,15.3,12.2
2020-09-25,24.4,19.3,14.1,16.1,9.3,0.0,,1016.1,,100.0,91.4,83.0,17.2,16.6,15.0
2020-09-26,25.9,19.0,12.0,20.9,10.8,0.0,39.0,1012.9,,100.0,90.7,65.0,17.8,16.3,15.0
2020-09-27,27.2,23.4,19.6,25.7,15.6,3.2,42.0,1007.6,,94.0,83.0,73.0,17.8,17.3,17.2
2020-09-28,26.7,20.7,14.7,35.4,13.0,3.2,54.0,1004.8,,100.0,85.0,69.0,18.9,17.2,15.0
2020-09-29,19.0,15.9,12.8,32.2,22.2,12.9,41.0,1007.6,,94.0,81.3,64.0,15.0,12.8,11.1
2020-09-30,19.0,14.6,10.1,57.9,25.1,8.0,61.0,1001.2,,94.0,82.8,59.0,12.2,10.9,8.9
2020-10-01,17.9,13.1,8.3,33.8,20.3,8.0,48.0,1009.3,,94.0,78.1,59.0,10.0,8.9,7.2
2020-10-02,15.5,10.5,5.5,20.9,11.6,3.2,35.0,1015.5,,93.0,73.0,55.0,8.9,6.8,3.9
2020-10-03,13.0,8.2,3.3,16.1,9.5,4.8,,1022.8,,82.0,70.1,54.0,7.2,4.2,1.1
2020-10-04,11.4,8.6,5.7,20.9,10.3,0.0,,1020.8,,100.0,86.9,72.0,10.0,8.2,6.1
2020-10-05,15.1,11.2,7.2,22.5,10.8,3.2,,1020.5,,100.0,86.7,63.0,10.0,8.1,6.1
2020-10-06,19.5,13.7,7.8,27.4,15.9,4.8,52.0,1012.7,,93.0,82.8,72.0,11.1,8.9,7.2
2020-10-07,18.5,13.9,9.2,51.5,27.4,4.8,84.0,1005.2,,94.0,74.1,48.0,11.1,8.8,5.0
2020-10-08,16.5,10.9,5.3,14.5,7.2,0.0,59.0,1017.7,,100.0,82.5,67.0,10.0,7.2,3.9
2020-10-09,18.3,10.6,2.8,14.5,5.5,0.0,35.0,1018.0,,100.0,88.8,63.0,10.0,6.7,3.9
2020-10-10,22.1,15.0,7.8,32.2,17.2,8.0,50.0,1009.2,,94.0,78.5,48.0,17.2,10.5,6.1
2020-10-11,11.7,8.6,5.4,38.6,28.5,11.3,41.0,1021.8,,82.0,71.4,66.0,6.1,4.2,2.8
2020-10-12,16.4,12.0,7.6,40.2,25.3,11.3,39.0,1015.1,,94.0,85.2,71.0,12.2,10.1,3.9
2020-10-13,18.0,14.1,10.1,27.4,13.0,0.0,46.0,1012.5,,100.0,82.3,42.0,12.2,9.6,3.9
2020-10-14,17.4,11.9,6.3,19.3,12.7,3.2,35.0,1012.5,,93.0,69.6,51.0,8.9,6.8,5.0
2020-10-15,17.2,12.1,6.9,40.2,20.3,4.8,58.0,1007.0,,94.0,84.8,67.0,12.2,10.0,7.2
2020-10-16,12.2,7.4,2.6,27.4,17.7,3.2,41.0,1019.4,,87.0,61.3,33.0,7.2,1.6,-5.0
2020-10-17,13.5,8.1,2.6,41.8,21.6,3.2,39.0,1023.5,,81.0,68.1,54.0,6.1,4.2,2.2
2020-10-18,14.2,10.3,6.3,27.4,14.6,4.8,46.0,1021.1,,94.0,78.0,58.0,10.0,8.1,5.0
2020-10-19,8.1,7.0,5.9,29.0,13.2,0.0,33.0,1023.9,,93.0,86.2,76.0,7.2,5.9,3.9
2020-10-20,11.5,8.8,6.0,22.5,12.7,3.2,33.0,1024.3,,93.0,78.9,62.0,7.8,5.7,3.9
2020-10-21,17.2,12.2,7.1,27.4,15.9,0.0,55.0,1019.2,,100.0,91.3,59.0,15.0,10.3,6.1
2020-10-22,12.3,10.4,8.5,27.4,9.7,0.0,32.0,1023.6,,100.0,90.2,77.0,12.2,9.1,7.2
2020-10-23,24.7,16.5,8.2,38.6,17.2,4.8,63.0,1012.8,,100.0,93.8,68.0,16.1,12.9,7.8
2020-10-24,8.4,5.5,2.6,33.8,16.7,4.8,55.0,1020.0,,82.0,68.0,53.0,7.2,1.4,-1.1
2020-10-25,6.4,4.1,1.8,35.4,24.1,4.8,35.0,1025.2,,87.0,70.4,57.0,3.9,0.9,-2.2
2020-10-26,8.1,5.3,2.4,29.0,11.3,3.2,,1020.7,,87.0,74.2,57.0,3.9,2.0,-2.2
2020-10-27,7.3,4.4,1.5,19.3,10.9,0.0,,1023.4,,93.0,85.0,71.0,6.1,4.1,2.2
2020-10-28,11.8,7.1,2.4,33.8,19.3,8.0,45.0,1015.9,,81.0,69.8,44.0,5.0,2.4,0.0
2020-10-29,10.8,6.5,2.1,27.4,15.4,0.0,39.0,1011.0,,87.0,76.4,71.0,7.2,3.1,1.1
2020-10-30,2.3,-1.0,-4.3,20.9,14.8,9.7,33.0,1020.2,,81.0,65.5,56.0,0.0,-3.9,-7.2
2020-10-31,6.7,0.7,-5.4,25.7,11.4,3.2,35.0,1028.5,,75.0,64.8,52.0,2.8,-3.2,-6.1
2020-11-01,11.2,5.6,0.0,56.3,31.9,16.1,76.0,1007.9,10.0,100.0,78.7,54.0,8.9,2.2,-2.8
2020-11-02,7.2,2.6,-2.1,45.1,28.6,12.9,81.0,1013.6,0.0,87.0,68.7,49.0,0.0,-3.3,-6.1
2020-11-03,7.1,5.5,3.8,40.2,16.9,4.8,52.0,1017.0,,87.0,66.4,57.0,3.9,0.4,-2.8
2020-11-04,19.6,10.7,1.8,25.7,11.1,0.0,45.0,1020.4,,100.0,83.9,63.0,8.9,6.7,3.9
2020-11-05,19.2,15.3,11.4,27.4,13.7,0.0,35.0,1020.3,,88.0,80.0,72.0,10.0,8.4,7.2
2020-11-06,20.8,15.0,9.1,29.0,14.8,3.2,35.0,1020.4,,94.0,85.0,72.0,10.0,9.0,7.8
2020-11-07,21.0,15.2,9.4,19.3,9.5,0.0,35.0,1022.3,,94.0,84.9,72.0,10.0,8.9,7.8
2020-11-08,20.1,13.2,6.2,,,,,1026.2,,,,,,,
2020-11-09,19.5,13.2,6.9,25.7,13.7,3.2,,1023.5,,93.0,77.5,72.0,8.9,7.7,7.2
2020-11-10,24.3,16.1,7.8,16.1,8.5,0.0,35.0,1014.3,,88.0,78.8,64.0,12.8,9.9,6.1
2020-11-11,18.2,11.9,5.5,32.2,15.3,0.0,46.0,1011.1,,100.0,76.1,47.0,12.8,8.8,0.0
2020-11-12,9.8,6.8,3.7,14.5,8.4,0.0,,1021.0,,81.0,63.3,53.0,2.2,-0.1,-2.2
2020-11-13,9.0,6.2,3.3,32.2,16.6,0.0,46.0,1016.0,,76.0,67.3,57.0,2.8,1.4,-2.2
2020-11-14,7.6,3.9,0.1,20.9,14.3,8.0,39.0,1021.6,,70.0,60.8,46.0,0.0,-2.1,-3.9
2020-11-15,13.2,8.2,3.1,82.1,37.5,12.9,91.0,1002.6,,93.0,78.3,57.0,8.9,5.1,-1.1
2020-11-16,4.1,2.6,1.1,49.9,38.5,20.9,68.0,1011.4,,76.0,64.9,57.0,1.1,-1.3,-2.8
2020-11-17,3.0,-1.2,-5.4,46.7,23.5,14.5,74.0,1019.4,0.0,80.0,63.3,38.0,-1.1,-6.5,-11.1
2020-11-18,1.5,-2.4,-6.2,16.1,8.2,0.0,,1033.0,0.0,75.0,65.3,59.0,-1.1,-8.1,-11.1
2020-11-19,15.0,8.3,1.5,33.8,21.1,11.3,59.0,1019.7,,81.0,68.1,54.0,5.0,2.4,0.0
2020-11-20,17.8,12.0,6.1,32.2,19.5,3.2,52.0,1019.2,,87.0,71.3,58.0,6.1,4.9,2.8
2020-11-21,6.0,3.2,0.3,20.9,14.0,9.7,42.0,1031.7,,71.0,58.1,49.0,2.8,-2.3,-5.0
2020-11-22,1.9,0.5,-1.0,38.6,23.8,3.2,41.0,1025.4,70.0,100.0,89.1,56.0,1.1,-0.4,-5.0
2020-11-23,3.5,-0.4,-4.2,25.7,20.0,4.8,41.0,1020.3,170.0,93.0,84.7,70.0,2.2,-0.1,-2.2
2020-11-24,2.1,0.2,-1.7,32.2,19.0,4.8,37.0,1027.7,110.0,93.0,78.1,64.0,1.1,-2.1,-6.1
2020-11-25,8.3,4.8,1.3,24.1,14.8,8.0,,1016.5,80.0,100.0,92.3,81.0,7.2,4.5,1.1
2020-11-26,11.9,9.3,6.6,27.4,17.1,0.0,41.0,1011.9,,100.0,96.0,76.0,8.9,6.9,3.9
2020-11-27,7.8,6.4,4.9,20.9,13.0,8.0,,1017.1,,93.0,84.0,71.0,5.0,4.0,2.8
2020-11-28,7.0,4.4,1.8,33.8,23.0,12.9,41.0,1016.2,,87.0,70.2,49.0,3.9,0.5,-2.8
2020-11-29,10.8,5.8,0.7,29.0,17.7,3.2,39.0,1014.8,,93.0,76.8,66.0,5.0,1.9,-1.1
2020-11-30,5.5,2.3,-0.9,29.0,18.5,0.0,58.0,1003.8,10.0,93.0,87.3,81.0,5.0,1.8,-1.1
2020-12-01,-0.1,-1.2,-2.2,27.4,19.6,9.7,55.0,1000.3,90.0,93.0,86.1,75.0,-1.1,-2.5,-3.9
2020-12-02,3.8,1.2,-1.4,38.6,21.7,11.3,52.0,1013.4,110.0,93.0,73.4,45.0,-2.2,-3.3,-6.1
2020-12-03,4.1,1.3,-1.5,40.2,27.8,12.9,46.0,1015.9,50.0,76.0,67.4,61.0,1.1,-1.9,-3.9
2020-12-04,3.4,1.6,-0.2,46.7,25.9,11.3,32.0,1011.4,0.0,93.0,84.9,70.0,1.1,0.9,0.0
2020-12-05,1.7,-1.4,-4.5,27.4,16.9,8.0,48.0,1016.4,,87.0,77.8,65.0,0.0,-3.2,-7.2
2020-12-06,0.7,-2.8,-6.3,25.7,14.2,8.0,39.0,1017.5,0.0,80.0,71.6,56.0,-6.1,-6.7,-7.2
2020-12-07,1.0,-2.7,-6.3,27.4,18.2,4.8,45.0,1014.3,0.0,80.0,71.0,56.0,-6.1,-7.2,-8.9
2020-12-08,1.9,-2.4,-6.7,35.4,17.2,8.0,39.0,1013.5,,80.0,68.5,52.0,-2.2,-6.4,-10.0
2020-12-09,4.4,2.3,0.1,38.6,26.2,12.9,42.0,1006.6,40.0,100.0,89.1,70.0,2.2,0.6,-2.2
2020-12-10,5.9,3.4,0.9,22.5,12.4,3.2,,1017.7,0.0,100.0,86.2,61.0,2.8,1.8,0.0
2020-12-11,9.4,5.1,0.8,19.3,8.4,0.0,,1016.2,,100.0,86.6,71.0,3.9,2.9,1.1
2020-12-12,9.1,6.3,3.4,45.1,29.3,8.0,46.0,1010.9,,100.0,92.6,81.0,6.1,3.9,2.2
2020-12-13,5.1,2.3,-0.6,38.6,24.6,11.3,54.0,1015.5,,87.0,74.0,65.0,5.0,-1.1,-3.9
2020-12-14,1.7,-0.4,-2.5,38.6,21.6,8.0,59.0,1016.5,0.0,75.0,66.0,52.0,-2.2,-4.6,-7.8
2020-12-15,-2.4,-5.1,-7.7,27.4,15.3,3.2,37.0,1028.5,0.0,80.0,65.8,49.0,-5.0,-8.4,-16.1
2020-12-16,-5.6,-7.2,-8.7,57.9,41.5,20.9,52.0,1025.6,0.0,93.0,82.1,46.0,-5.0,-7.7,-16.1
2020-12-17,-2.7,-5.4,-8.0,29.0,16.3,11.3,,1021.8,20.0,86.0,72.1,59.0,-7.8,-9.8,-11.1
2020-12-18,-1.3,-5.5,-9.7,22.5,11.7,3.2,,1029.5,0.0,80.0,50.9,33.0,-3.9,-12.8,-20.0
2020-12-19,2.5,0.3,-2.0,29.0,14.5,8.0,,1023.1,0.0,100.0,82.8,70.0,2.2,-0.4,-3.9
2020-12-20,5.0,2.3,-0.4,37.0,20.1,9.7,48.0,1012.1,0.0,100.0,91.6,70.0,3.9,2.4,-2.2
2020-12-21,4.3,1.5,-1.3,27.4,10.3,0.0,,1006.6,,100.0,86.6,75.0,2.8,0.8,-2.8
2020-12-22,2.7,1.0,-0.8,41.8,20.1,4.8,61.0,1014.3,,93.0,73.5,60.0,1.1,-2.0,-5.0
2020-12-23,6.3,3.4,0.5,20.9,13.5,4.8,39.0,1018.2,,87.0,73.3,60.0,2.8,-0.4,-5.0
2020-12-24,9.6,3.4,-2.8,38.6,16.4,3.2,50.0,1004.9,10.0,100.0,88.9,76.0,6.1,1.9,-2.2
2020-12-25,-0.4,-2.9,-5.4,49.9,29.5,16.1,58.0,1000.0,110.0,93.0,83.1,65.0,-2.2,-3.9,-6.1
2020-12-26,-2.5,-4.0,-5.5,59.5,38.8,0.0,54.0,1008.1,160.0,86.0,82.0,74.0,-3.9,-5.3,-7.2
2020-12-27,2.5,-0.6,-3.7,33.8,18.7,3.2,41.0,1017.5,150.0,87.0,76.7,64.0,0.0,-3.3,-6.1
2020-12-28,4.4,0.4,-3.6,53.1,30.4,3.2,67.0,1014.0,50.0,93.0,78.1,60.0,3.9,-0.8,-7.2
2020-12-29,-1.2,-3.4,-5.6,25.7,18.0,8.0,37.0,1031.7,20.0,74.0,60.9,51.0,-7.2,-8.8,-10.0
2020-12-30,5.1,0.7,-3.7,40.2,19.8,3.2,59.0,1015.9,40.0,93.0,84.9,60.0,3.9,-0.4,-7.8
2020-12-31,1.5,-0.8,-3.0,45.1,18.3,3.2,54.0,1022.3,10.0,80.0,67.1,60.0,-2.2,-4.4,-6.1
2021-01-01,1.6,-1.3,-4.1,33.8,23.3,0.0,46.0,1025.4,10.0,100.0,86.7,65.0,1.1,-1.0,-5.0
2021-01-02,1.2,-0.7,-2.5,29.0,14.6,0.0,42.0,1015.3,70.0,100.0,87.8,70.0,2.2,-0.8,-2.8
2021-01-03,1.1,0.2,-0.8,22.5,11.7,3.2,,1015.8,40.0,100.0,91.4,81.0,1.1,0.0,-2.2
2021-01-04,1.1,0.2,-0.8,12.9,8.9,0.0,,1016.7,20.0,93.0,85.4,81.0,0.0,-1.4,-2.2
2021-01-05,1.0,0.5,-0.1,19.3,13.5,4.8,,1016.5,20.0,100.0,90.3,75.0,0.0,-0.6,-2.2
2021-01-06,2.0,0.4,-1.2,19.3,13.4,8.0,46.0,1023.9,20.0,81.0,71.6,65.0,-2.2,-3.3,-3.9
2021-01-07,-0.6,-3.9,-7.1,16.1,13.2,8.0,39.0,1027.2,20.0,75.0,66.4,56.0,-3.9,-6.3,-8.9
2021-01-08,-3.5,-6.4,-9.3,14.5,10.0,0.0,35.0,1023.8,20.0,86.0,71.8,54.0,-7.2,-9.5,-12.2
2021-01-09,3.3,-0.5,-4.3,25.7,15.9,4.8,33.0,1022.5,20.0,75.0,47.3,26.0,-3.9,-10.3,-13.9
2021-01-10,1.9,-1.9,-5.6,19.3,11.3,4.8,,1026.1,20.0,86.0,79.3,70.0,-2.2,-3.3,-5.0
2021-01-11,0.2,-3.0,-6.1,33.8,17.4,4.8,41.0,1023.2,20.0,87.0,77.9,65.0,-2.2,-4.2,-6.1
2021-01-12,-1.2,-1.7,-2.1,27.4,20.1,11.3,32.0,1019.6,10.0,93.0,82.4,75.0,-2.2,-3.2,-3.9
2021-01-13,3.1,0.9,-1.4,32.2,20.0,0.0,39.0,1011.1,10.0,93.0,87.0,75.0,0.0,-0.7,-2.8
2021-01-14,4.6,1.9,-0.8,19.3,8.0,0.0,33.0,1008.7,10.0,93.0,83.9,65.0,2.2,0.8,-1.1
2021-01-15,5.6,3.4,1.2,38.6,21.6,9.7,48.0,1006.7,0.0,100.0,87.8,76.0,2.8,2.2,1.1
2021-01-16,4.7,1.1,-2.6,32.2,19.8,8.0,48.0,1000.9,,93.0,77.9,60.0,1.1,-1.3,-3.9
2021-01-17,4.2,0.8,-2.7,32.2,18.3,4.8,48.0,1001.4,,87.0,77.9,56.0,0.0,-1.9,-3.9
2021-01-18,0.9,-1.9,-4.6,19.3,9.7,0.0,45.0,1008.7,0.0,87.0,77.8,65.0,-2.2,-3.5,-6.1
2021-01-19,-0.1,-1.3,-2.6,45.1,23.8,9.7,58.0,1015.3,0.0,87.0,77.5,51.0,-2.2,-3.4,-8.9
2021-01-20,-2.2,-5.0,-7.7,35.4,15.6,0.0,45.0,1016.9,0.0,74.0,66.3,54.0,-6.1,-10.2,-12.2
2021-01-21,3.1,0.7,-1.8,46.7,34.8,22.5,46.0,1000.8,0.0,81.0,73.0,65.0,-1.1,-2.8,-5.0
2021-01-22,1.0,-3.4,-7.8,38.6,21.9,9.7,58.0,1008.6,0.0,87.0,72.8,51.0,-1.1,-5.6,-11.1
2021-01-23,-4.8,-8.7,-12.6,29.0,17.2,8.0,48.0,1025.0,,73.0,58.6,46.0,-11.1,-13.7,-15.0
2021-01-24,-2.7,-5.0,-7.2,16.1,7.4,0.0,,1025.5,,74.0,65.1,55.0,-6.1,-9.4,-12.2
2021-01-25,1.9,-0.9,-3.7,16.1,7.4,0.0,,1019.8,,86.0,70.7,64.0,-2.8,-5.7,-7.2
2021-01-26,-0.5,-2.6,-4.6,56.3,33.2,16.1,50.0,1011.5,60.0,100.0,86.2,74.0,-1.1,-2.9,-7.2
2021-01-27,-3.3,-6.8,-10.2,22.5,15.1,11.3,35.0,1023.0,80.0,80.0,71.7,59.0,-7.2,-8.8,-11.1
2021-01-28,-7.8,-10.8,-13.8,38.6,17.5,9.7,58.0,1029.5,60.0,73.0,64.8,46.0,-12.2,-14.3,-17.2
2021-01-29,-7.1,-10.9,-14.6,24.1,12.6,0.0,41.0,1028.7,50.0,79.0,67.4,62.0,-12.2,-14.1,-17.8
2021-01-30,-2.2,-8.0,-13.8,16.1,7.9,0.0,,1028.7,,80.0,68.5,62.0,-8.9,-11.5,-15.0
2021-01-31,-5.2,-7.9,-10.6,49.9,34.9,20.9,46.0,1023.6,50.0,86.0,80.1,63.0,-6.1,-7.8,-12.2
2021-02-01,-3.7,-7.5,-11.3,33.8,17.7,11.3,33.0,1020.5,40.0,73.0,55.8,37.0,-11.1,-13.8,-16.1
2021-02-02,-0.9,-5.3,-9.6,33.8,20.0,11.3,67.0,1013.9,30.0,64.0,54.6,43.0,-6.1,-10.9,-16.1
2021-02-03,0.6,-2.9,-6.3,32.2,25.9,20.9,61.0,1011.6,20.0,64.0,54.8,38.0,-7.2,-10.4,-12.8
2021-02-04,4.3,-1.5,-7.2,25.7,14.8,4.8,42.0,1012.2,20.0,81.0,70.0,60.0,-2.2,-5.1,-7.2
2021-02-05,1.7,-3.2,-8.0,59.5,37.2,9.7,65.0,999.7,20.0,100.0,80.2,58.0,2.2,-3.9,-12.8
2021-02-06,-6.0,-7.7,-9.4,51.5,38.0,19.3,61.0,1013.6,10.0,74.0,65.0,54.0,-10.0,-11.9,-12.8
2021-02-07,-6.2,-9.8,-13.3,38.6,25.1,9.7,46.0,1018.2,20.0,86.0,70.7,53.0,-7.8,-11.8,-17.2
2021-02-08,-6.5,-10.0,-13.4,25.7,14.5,8.0,,1027.8,10.0,79.0,55.5,0.0,-11.1,-14.8,-17.8
2021-02-09,-2.7,-7.1,-11.4,20.9,9.2,0.0,,1025.8,20.0,86.0,53.2,0.0,-10.0,-13.1,-17.8
2021-02-10,-5.3,-9.3,-13.2,22.5,16.1,9.7,,1028.3,10.0,73.0,58.9,46.0,-12.2,-13.8,-15.0
2021-02-11,-4.7,-8.0,-11.2,22.5,14.6,8.0,35.0,1029.3,10.0,74.0,54.7,40.0,-11.1,-13.9,-16.1
2021-02-12,-8.3,-11.3,-14.2,27.4,18.8,9.7,,1031.2,10.0,79.0,68.0,49.0,-12.2,-15.4,-18.9
2021-02-13,-9.1,-11.5,-13.9,35.4,24.0,9.7,,1028.6,20.0,86.0,71.5,41.0,-11.1,-14.0,-21.1
2021-02-14,-4.0,-9.4,-14.8,14.5,11.9,8.0,,1026.8,60.0,86.0,74.1,63.0,-8.9,-11.4,-13.9
2021-02-15,-4.2,-7.0,-9.7,32.2,19.5,9.7,46.0,1024.7,20.0,86.0,71.1,54.0,-8.9,-10.4,-12.2
2021-02-16,-7.0,-11.2,-15.3,35.4,23.2,11.3,54.0,1011.9,120.0,86.0,75.3,58.0,-7.8,-11.4,-15.0
2021-02-17,-4.6,-8.7,-16.0,20.9,12.9,8.0,,1029.6,,79.0,59.9,46.0,-12.2,-13.7,-17.8
2021-02-18,-3.6,-5.9,-9.2,37.0,25.6,4.8,,1029.5,,93.0,76.9,54.0,-5.0,-7.6,-12.8
2021-02-19,-2.5,-4.9,-7.2,24.1,13.0,0.0,,1022.1,180.0,93.0,83.9,69.0,-3.9,-6.3,-7.8
2021-02-20,-1.8,-6.6,-11.4,22.5,14.2,9.7,50.0,1024.3,160.0,86.0,69.7,51.0,-6.1,-8.1,-10.0
2021-02-21,-1.5,-7.0,-12.4,25.7,14.2,4.8,,1031.0,120.0,86.0,73.7,59.0,-6.1,-8.5,-11.1
2021-02-22,2.8,0.6,-1.7,35.4,22.5,8.0,59.0,1006.9,140.0,100.0,83.8,56.0,1.1,-1.3,-7.2
2021-02-23,4.3,1.8,-0.7,33.8,24.1,11.3,50.0,1003.0,100.0,100.0,85.6,70.0,1.1,-0.2,-2.8
2021-02-24,8.4,3.9,-0.6,46.7,17.1,0.0,67.0,1008.2,60.0,93.0,77.7,66.0,2.2,-0.1,-2.8
2021-02-25,0.9,-1.4,-3.7,35.4,20.4,12.9,54.0,1022.8,10.0,70.0,58.1,38.0,-3.9,-7.6,-11.1
2021-02-26,3.8,-1.6,-6.9,22.5,13.2,4.8,,1027.2,0.0,81.0,69.0,56.0,-2.2,-5.0,-7.8
2021-02-27,5.8,2.6,-0.7,37.0,17.2,4.8,52.0,1017.0,0.0,100.0,86.1,70.0,3.9,0.8,-2.2
2021-02-28,6.5,2.4,-1.7,38.6,15.9,0.0,46.0,1015.1,,100.0,93.8,81.0,3.9,1.8,-1.1
2021-03-01,5.4,-2.2,-9.8,57.9,32.5,9.7,84.0,1012.4,0.0,100.0,61.8,40.0,3.9,-7.7,-17.2
2021-03-02,0.2,-6.7,-13.6,37.0,19.0,3.2,45.0,1023.4,,73.0,60.7,49.0,-6.1,-12.8,-17.8
2021-03-03,7.2,2.2,-2.8,40.2,18.7,11.3,39.0,1012.3,,70.0,61.8,50.0,-1.1,-3.3,-6.1
2021-03-04,0.8,-3.6,-8.0,35.4,20.8,9.7,58.0,1020.3,0.0,70.0,57.1,34.0,-2.8,-10.1,-17.8
2021-03-05,1.6,-4.4,-10.3,38.6,22.9,11.3,67.0,1019.5,,63.0,48.3,27.0,-7.8,-12.9,-17.2
2021-03-06,-0.2,-4.7,-9.2,27.4,18.7,9.7,48.0,1022.8,,63.0,52.0,40.0,-10.0,-12.4,-16.1
2021-03-07,-0.4,-5.4,-10.3,19.3,11.3,3.2,,1030.3,,68.0,50.1,40.0,-10.0,-13.1,-17.2
2021-03-08,9.6,0.2,-9.2,22.5,7.9,0.0,37.0,1027.0,,93.0,67.1,53.0,1.1,-5.0,-12.2
2021-03-09,10.6,4.2,-2.3,19.3,10.9,0.0,,1028.0,,93.0,75.5,46.0,1.1,-0.1,-2.2
2021-03-10,15.3,6.5,-2.3,22.5,16.6,3.2,37.0,1023.0,,93.0,75.8,57.0,2.2,1.5,0.0
2021-03-11,19.3,12.4,5.5,57.9,27.4,0.0,85.0,1013.1,,82.0,66.2,47.0,10.0,4.2,-1.1
2021-03-12,11.3,3.3,-4.8,51.5,28.3,9.7,76.0,1022.7,,87.0,56.6,33.0,2.2,-3.7,-12.2
2021-03-13,5.6,-0.7,-7.0,37.0,19.8,11.3,48.0,1027.1,,70.0,54.8,33.0,-2.2,-8.2,-12.8
2021-03-14,3.5,-1.3,-6.1,38.6,21.9,4.8,74.0,,,70.0,50.1,31.0,-2.8,-9.0,-18.9
2021-03-15,-1.0,-5.0,-9.0,24.1,15.3,9.7,37.0,1032.8,,54.0,36.7,23.0,-12.2,-17.3,-22.8
2021-03-16,3.5,0.8,-1.9,40.2,26.2,0.0,43.0,1020.3,,75.0,60.8,40.0,-2.2,-5.8,-12.8
2021-03-17,9.0,5.1,1.2,19.3,10.3,3.2,,1018.1,,87.0,75.6,65.0,2.2,-0.4,-2.8
2021-03-18,6.8,2.3,-2.3,37.0,19.0,3.2,55.0,1018.0,,81.0,59.9,24.0,1.1,-3.4,-17.2
2021-03-19,3.7,-0.8,-5.3,33.8,16.4,3.2,37.0,1032.0,,70.0,40.8,25.0,-3.9,-12.9,-17.8
2021-03-20,14.9,6.3,-2.4,19.3,10.1,0.0,33.0,1034.2,,81.0,62.1,32.0,0.0,-2.8,-7.2
2021-03-21,14.9,6.5,-2.0,24.1,11.9,0.0,,1031.7,,87.0,64.6,46.0,1.1,-1.7,-2.8
2021-03-22,16.1,7.6,-1.0,24.1,13.5,0.0,,1024.5,,75.0,58.1,43.0,0.0,-1.7,-3.9
2021-03-23,15.5,8.2,0.8,24.1,13.0,0.0,,1020.7,,81.0,52.5,33.0,0.0,-1.6,-5.0
2021-03-24,17.6,12.1,6.6,33.8,17.9,3.2,31.0,1012.5,,100.0,80.5,54.0,8.9,5.8,0.0
2021-03-25,21.5,14.5,7.5,22.5,6.4,0.0,41.0,1011.4,,100.0,86.5,52.0,7.8,5.3,2.8
2021-03-26,10.5,6.9,3.3,48.3,23.3,0.0,72.0,1006.9,,100.0,89.3,66.0,8.9,6.6,0.0
2021-03-27,8.2,5.8,3.3,33.8,14.6,3.2,,1019.4,,87.0,79.3,70.0,2.2,1.6,0.0
2021-03-28,10.1,6.2,2.3,46.7,21.4,3.2,74.0,1002.9,,100.0,88.2,65.0,7.8,3.3,-1.1
2021-03-29,7.1,3.2,-0.7,40.2,23.7,12.9,61.0,1019.3,,81.0,62.1,42.0,0.0,-3.7,-8.9
2021-03-30,20.3,10.4,0.5,20.9,9.8,0.0,64.0,1015.3,,87.0,60.9,46.0,2.8,1.0,-2.2
2021-03-31,14.7,7.4,0.1,32.2,17.2,3.2,49.0,1013.1,,87.0,70.0,38.0,7.2,2.9,-3.9
2021-04-01,2.6,-0.2,-2.9,37.0,21.1,11.3,63.0,1022.0,,60.0,46.8,29.0,-6.1,-10.2,-17.2
2021-04-02,4.7,0.3,-4.2,25.7,17.5,9.7,54.0,1028.9,,38.0,29.1,21.0,-12.8,-16.1,-17.8
2021-04-03,9.5,2.2,-5.1,37.0,15.0,0.0,55.0,1025.5,,87.0,65.7,44.0,2.2,-2.7,-11.1
2021-04-04,15.1,6.8,-1.5,19.3,9.2,3.2,,1021.1,,93.0,69.8,43.0,2.2,0.4,-2.8
2021-04-05,13.5,7.8,2.0,19.3,8.5,0.0,,1020.7,,87.0,57.9,43.0,2.8,-0.8,-3.9
2021-04-06,14.1,8.0,1.8,33.8,20.3,3.2,,1017.0,,71.0,49.2,26.0,2.2,-2.2,-8.9
2021-04-07,17.4,11.1,4.8,29.0,23.2,19.3,35.0,1016.1,,58.0,41.9,31.0,2.8,-1.8,-7.2
2021-04-08,20.6,14.6,8.5,40.2,30.4,14.5,48.0,1012.5,,76.0,65.2,48.0,6.1,5.5,2.8
2021-04-09,19.5,15.6,11.6,25.7,18.5,9.7,31.0,1011.5,,88.0,80.8,72.0,10.0,7.8,6.1
2021-04-10,20.4,15.4,10.3,25.7,19.8,9.7,35.0,1008.2,,94.0,79.3,59.0,10.0,8.4,6.1
2021-04-11,16.7,13.5,10.2,37.0,19.8,9.7,47.0,999.0,,100.0,95.4,63.0,12.8,10.1,6.1
2021-04-12,11.2,9.2,7.2,40.2,28.2,16.1,40.0,1006.0,,100.0,96.2,93.0,8.9,7.4,6.1
2021-04-13,14.5,10.2,5.9,22.5,11.4,3.2,,1017.0,,100.0,93.5,82.0,7.8,6.7,5.0
2021-04-14,15.8,10.3,4.7,22.5,10.5,0.0,41.0,1015.3,,100.0,86.8,38.0,7.2,4.8,0.0
2021-04-15,8.0,6.3,4.5,20.9,13.2,0.0,37.0,1009.4,,87.0,75.8,61.0,3.9,2.1,0.0
2021-04-16,10.7,7.4,4.0,25.7,18.3,11.3,42.0,1007.8,,87.0,75.0,58.0,3.9,2.7,1.1
2021-04-17,11.9,7.6,3.2,16.1,10.5,4.8,,1010.9,,93.0,86.7,71.0,6.1,4.4,2.8
2021-04-18,15.1,9.0,2.8,38.6,13.5,3.2,40.0,1010.5,,93.0,76.2,57.0,7.2,4.3,0.0
2021-04-19,17.2,9.4,1.6,37.0,16.9,3.2,57.0,1008.4,,87.0,71.2,48.0,7.2,3.8,-1.1
2021-04-20,4.9,2.1,-0.8,32.2,16.1,3.2,49.0,1014.0,0.0,87.0,75.8,49.0,3.9,-0.8,-3.9
2021-04-21,4.6,1.1,-2.5,32.2,15.9,4.8,52.0,1014.1,20.0,93.0,76.4,44.0,-1.1,-3.8,-10.0
2021-04-22,5.4,1.4,-2.7,40.2,24.1,11.3,60.0,1014.4,,70.0,55.3,39.0,-2.8,-5.6,-7.8
2021-04-23,19.4,8.8,-1.8,41.8,20.9,9.7,58.0,1014.1,,81.0,52.7,24.0,5.0,-1.1,-6.1
2021-04-24,17.1,11.7,6.2,24.1,11.7,0.0,35.0,1012.4,,76.0,55.2,34.0,3.9,1.9,-1.1
2021-04-25,11.4,6.2,1.0,41.8,16.1,3.2,58.0,1011.6,,93.0,76.2,46.0,7.8,3.9,-6.1
2021-04-26,9.4,4.3,-0.9,22.5,12.2,0.0,41.0,1022.1,,61.0,51.2,39.0,-1.1,-5.1,-7.2
2021-04-27,13.4,9.1,4.7,35.4,22.5,9.7,,1014.7,,76.0,59.2,49.0,3.9,0.9,-2.8
2021-04-28,17.3,12.8,8.2,33.8,16.6,8.0,,1010.0,,100.0,89.2,71.0,8.9,7.5,5.0
2021-04-29,10.8,9.3,7.8,32.2,11.6,3.2,41.0,1006.6,,100.0,97.6,87.0,8.9,7.7,7.2
2021-04-30,9.1,6.3,3.5,51.5,34.1,14.5,80.0,1006.8,,87.0,65.3,37.0,7.2,1.9,-5.0
2021-05-01,13.8,7.5,1.2,24.1,15.1,0.0,54.0,1013.6,,71.0,56.4,30.0,2.8,-1.3,-7.2
2021-05-02,17.4,12.0,6.5,27.4,10.5,0.0,,1006.2,,87.0,70.0,48.0,7.8,5.4,2.8
2021-05-03,12.8,10.5,8.1,45.1,28.6,9.7,45.0,1007.8,,93.0,86.8,72.0,7.8,7.0,5.0
2021-05-04,11.9,9.9,7.8,27.4,14.3,3.2,37.0,1005.3,,100.0,96.3,87.0,7.8,6.8,5.0
2021-05-05,12.1,8.3,4.4,29.0,18.0,9.7,47.0,1010.9,,87.0,72.6,58.0,7.8,5.7,2.2
2021-05-06,14.4,8.3,2.2,25.7,12.7,3.2,36.0,1017.7,,81.0,61.0,41.0,2.8,1.4,-1.1
2021-05-07,10.1,5.9,1.6,16.1,9.7,0.0,,1014.7,,87.0,68.2,46.0,3.9,1.6,-2.2
2021-05-08,15.4,8.9,2.4,32.2,14.3,0.0,45.0,1013.9,,93.0,66.2,36.0,5.0,2.8,-2.2
2021-05-09,12.0,6.7,1.4,14.5,8.4,3.2,31.0,1015.1,,93.0,67.1,40.0,5.0,1.9,-2.8
2021-05-10,13.7,7.7,1.6,37.0,19.6,8.0,51.0,1015.2,,70.0,53.6,41.0,3.9,0.6,-2.8
2021-05-11,10.7,5.6,0.4,33.8,23.5,11.3,55.0,1020.0,,81.0,59.2,41.0,2.2,0.1,-1.1
2021-05-12,17.9,11.2,4.4,24.1,16.9,11.3,48.0,1025.2,,76.0,43.3,19.0,2.8,-0.9,-6.1
2021-05-13,20.3,13.4,6.5,19.3,12.2,4.8,40.0,1025.3,,62.0,42.8,34.0,5.0,0.7,-2.8
2021-05-14,21.2,13.9,6.5,22.5,12.1,4.8,36.0,1024.0,,76.0,56.6,28.0,6.1,3.2,-1.1
2021-05-15,21.8,14.2,6.6,12.9,6.9,0.0,43.0,1023.2,,71.0,51.5,28.0,5.0,3.3,1.1
2021-05-16,22.6,15.6,8.5,27.4,8.0,0.0,32.0,1022.9,,82.0,58.2,37.0,7.8,5.9,2.8
2021-05-17,23.7,16.1,8.4,12.9,6.9,0.0,31.0,1023.9,,82.0,64.0,38.0,10.0,7.7,6.1
2021-05-18,27.9,20.2,12.4,20.9,9.5,0.0,33.0,1025.1,,82.0,64.5,43.0,11.1,9.3,7.8
2021-05-19,28.0,20.2,12.3,12.9,8.9,0.0,,1026.3,,77.0,50.8,36.0,12.2,9.7,7.8
2021-05-20,29.9,23.2,16.4,16.1,8.7,0.0,,1027.0,,82.0,58.3,47.0,13.9,11.3,8.9
2021-05-21,31.7,23.7,15.7,16.1,7.7,0.0,41.0,1027.2,,88.0,65.8,40.0,15.0,13.8,12.2
2021-05-22,27.6,23.5,19.4,29.0,14.6,3.2,42.0,1022.8,,94.0,69.9,48.0,18.9,16.1,13.9
2021-05-23,25.0,19.7,14.3,25.7,16.3,4.8,44.0,1018.3,,94.0,72.2,43.0,18.9,14.9,8.9
2021-05-24,21.0,16.8,12.5,22.5,17.2,3.2,,1022.4,,77.0,61.3,51.0,11.1,7.1,3.9
2021-05-25,33.3,23.4,13.5,25.7,10.1,0.0,58.0,1015.1,,83.0,69.7,59.0,17.8,12.1,6.1
2021-05-26,25.4,17.7,10.0,38.6,19.3,4.8,56.0,1011.0,,94.0,74.7,52.0,17.8,14.5,6.1
2021-05-27,18.7,13.4,8.1,20.9,15.6,4.8,39.0,1019.6,,71.0,52.0,27.0,7.2,3.2,-5.0
2021-05-28,9.9,6.0,2.0,45.1,27.0,9.7,42.0,1020.8,,93.0,76.6,50.0,5.0,2.0,-1.1
2021-05-29,15.8,9.8,3.8,35.4,17.1,3.2,42.0,1021.0,,62.0,45.6,41.0,2.8,-0.3,-3.9
2021-05-30,19.1,12.7,6.2,24.1,8.7,0.0,41.0,1024.2,,67.0,53.7,42.0,7.2,2.9,0.0
2021-05-31,24.4,15.7,7.0,25.7,13.8,0.0,40.0,1023.5,,81.0,59.5,35.0,7.8,5.9,2.8
2021-06-01,25.7,20.1,14.4,25.7,12.1,0.0,48.0,1021.5,,82.0,67.2,41.0,10.0,8.6,7.2
2021-06-02,25.3,19.1,12.8,14.5,7.2,0.0,,1019.2,,94.0,71.8,46.0,12.2,10.1,8.9
2021-06-03,22.2,18.5,14.8,14.5,9.8,0.0,,1011.8,,100.0,96.0,83.0,16.1,14.2,12.8
2021-06-04,28.2,22.0,15.7,22.5,7.7,0.0,37.0,1009.9,,100.0,91.8,73.0,16.1,13.9,12.8
2021-06-05,32.5,26.1,19.6,35.4,15.4,0.0,60.0,1009.5,,94.0,67.2,40.0,15.0,13.1,12.2
2021-06-06,33.8,26.7,19.6,27.4,12.2,3.2,47.0,1012.9,,88.0,71.8,60.0,16.1,13.5,12.2
2021-06-07,31.8,25.7,19.6,27.4,10.0,0.0,45.0,1014.3,,88.0,77.5,65.0,20.0,15.4,12.8
2021-06-08,26.5,23.7,20.9,11.3,4.2,0.0,,1016.1,,100.0,97.8,83.0,22.8,18.5,15.0
2021-06-09,29.4,24.5,19.5,14.5,8.0,3.2,,1017.1,,100.0,90.9,61.0,21.1,17.8,16.1
2021-06-10,25.3,21.5,17.6,33.8,22.2,12.9,36.0,1017.3,,69.0,54.7,46.0,16.1,10.6,7.8
2021-06-11,25.3,21.3,17.3,33.8,23.3,14.5,31.0,1012.6,,82.0,63.6,52.0,13.9,11.4,7.8
2021-06-12,25.4,21.3,17.2,16.1,9.7,0.0,31.0,1011.3,,73.0,58.3,44.0,12.8,11.7,10.0
2021-06-13,29.1,22.9,16.7,19.3,10.6,0.0,41.0,1009.4,,83.0,67.0,47.0,16.1,14.4,12.2
2021-06-14,25.0,20.3,15.6,24.1,13.7,4.8,47.0,1008.4,,94.0,78.7,56.0,16.1,14.5,11.1
2021-06-15,22.5,17.7,12.9,32.2,20.0,9.7,55.0,1011.6,,82.0,49.7,27.0,13.9,7.5,1.1
2021-06-16,22.3,16.4,10.5,25.7,16.7,9.7,45.0,1016.0,,51.0,36.8,20.0,5.0,2.2,-2.2
2021-06-17,26.3,17.8,9.2,22.5,15.6,3.2,39.0,1014.9,,77.0,58.8,48.0,12.8,9.2,3.9
2021-06-18,24.9,21.5,18.0,29.0,12.6,0.0,49.0,1008.6,,100.0,87.7,72.0,17.8,15.6,12.2
2021-06-19,30.9,23.2,15.4,32.2,12.7,3.2,50.0,1005.8,,100.0,77.8,33.0,17.8,14.9,11.1
2021-06-20,27.1,20.6,14.0,22.5,11.7,3.2,,1006.5,,94.0,79.5,68.0,17.2,15.1,12.8
2021-06-21,29.7,20.7,11.6,46.7,17.1,0.0,68.0,999.6,,100.0,84.9,54.0,20.0,16.5,7.8
2021-06-22,19.5,14.8,10.0,25.7,17.4,4.8,44.0,1011.4,,77.0,60.1,30.0,7.8,6.1,2.2
2021-06-23,23.7,16.3,8.8,22.5,13.8,3.2,40.0,1019.4,,88.0,68.6,46.0,12.8,10.1,5.0
2021-06-24,28.1,22.0,15.9,20.9,7.9,0.0,53.0,1020.2,,88.0,68.1,47.0,13.9,13.3,12.2
2021-06-25,25.8,22.3,18.8,19.3,11.3,0.0,31.0,1017.6,,100.0,83.2,60.0,17.2,15.8,12.8
2021-06-26,27.5,23.3,19.0,20.9,11.9,0.0,51.0,1013.1,,100.0,96.2,83.0,18.9,16.8,15.0
2021-06-27,31.3,27.5,23.7,27.4,13.7,4.8,58.0,1013.1,,94.0,83.9,73.0,17.8,16.4,15.0
2021-06-28,32.2,27.0,21.7,24.1,8.4,0.0,42.0,1018.3,,100.0,89.0,49.0,21.1,17.7,16.1
2021-06-29,32.5,26.8,21.1,35.4,7.4,0.0,64.0,1019.7,,100.0,93.9,74.0,23.9,19.6,16.1
2021-06-30,28.0,23.4,18.8,32.2,10.0,0.0,58.0,1014.8,,100.0,88.6,58.0,20.0,18.1,16.1
2021-07-01,26.3,21.3,16.3,27.4,9.7,3.2,45.0,1011.7,,94.0,79.4,61.0,17.8,16.7,13.9
2021-07-02,24.7,20.2,15.7,59.5,19.2,4.8,44.0,1011.4,,100.0,79.8,53.0,17.2,14.7,12.2
2021-07-03,25.7,19.8,13.9,19.3,8.7,0.0,,1010.4,,88.0,76.8,64.0,16.1,14.7,12.8
2021-07-04,25.0,20.6,16.2,25.7,11.6,0.0,,1012.3,,94.0,85.2,68.0,17.8,16.6,13.9
2021-07-05,32.3,25.5,18.7,29.0,13.2,3.2,44.0,1012.3,,88.0,81.7,74.0,21.1,18.7,16.1
2021-07-06,32.3,27.5,22.6,27.4,15.8,4.8,58.0,1011.7,,94.0,63.6,40.0,22.2,19.0,17.2
2021-07-07,24.4,20.4,16.3,29.0,20.9,4.8,36.0,1014.5,,94.0,84.3,69.0,18.9,16.9,13.9
2021-07-08,18.7,16.9,15.1,33.8,18.8,3.2,,1012.1,,100.0,94.2,77.0,17.8,16.1,12.8
2021-07-09,19.5,17.7,15.8,20.9,7.7,0.0,39.0,1012.8,,100.0,94.8,83.0,18.9,17.7,15.0
2021-07-10,23.6,18.3,13.0,16.1,10.3,0.0,,1017.6,,83.0,73.8,53.0,17.2,14.4,12.2
2021-07-11,21.1,18.6,16.1,22.5,17.5,8.0,,1017.0,,94.0,87.3,73.0,18.9,17.6,15.0
2021-07-12,25.0,21.9,18.7,25.7,18.8,11.3,36.0,1019.0,,94.0,84.7,69.0,18.9,18.1,17.2
2021-07-13,26.9,23.3,19.7,24.1,14.0,0.0,39.0,1017.1,,100.0,92.5,78.0,22.2,20.9,18.9
2021-07-14,29.5,24.4,19.3,20.9,12.6,0.0,,1017.3,,100.0,87.8,70.0,21.1,20.3,18.9
2021-07-15,30.0,24.9,19.7,32.2,14.0,0.0,61.0,1014.1,,100.0,89.3,78.0,22.2,21.0,18.9
2021-07-16,24.6,21.6,18.6,16.1,9.8,3.2,,1016.5,,88.0,79.2,69.0,18.9,17.3,16.1
2021-07-17,22.0,20.4,18.8,24.1,15.3,4.8,35.0,1018.0,,94.0,83.6,64.0,18.9,17.3,13.9
2021-07-18,29.4,23.8,18.1,24.1,8.7,0.0,39.0,1018.3,,94.0,73.8,42.0,20.0,17.3,13.9
2021-07-19,29.2,24.2,19.1,19.3,13.0,3.2,39.0,1016.7,,88.0,67.7,55.0,21.1,18.4,16.1
2021-07-20,29.5,23.1,19.0,35.4,13.8,3.2,,1013.6,,94.0,32.1,0.0,21.1,-3.5,-17.8
2021-07-21,24.8,19.9,14.9,20.9,15.1,8.0,41.0,1016.5,,77.0,22.8,0.0,13.9,-5.0,-17.8
2021-07-22,26.1,19.8,13.5,20.9,12.9,8.0,33.0,1020.9,,73.0,58.7,36.0,17.2,12.4,7.8
2021-07-23,26.1,20.4,14.7,16.1,10.1,3.2,45.0,1021.1,,88.0,64.9,50.0,18.9,14.2,10.0
2021-07-24,22.8,20.5,18.1,25.7,12.7,0.0,40.0,1014.2,,100.0,89.3,73.0,21.1,19.7,17.2
2021-07-25,30.0,24.2,18.4,27.4,16.1,4.8,41.0,1009.4,,100.0,76.2,42.0,22.2,18.7,13.9
2021-07-26,30.4,23.5,16.6,16.1,9.8,0.0,44.0,1012.5,,88.0,64.5,42.0,21.1,17.1,13.9
2021-07-27,26.1,21.4,16.6,20.9,7.7,0.0,45.0,1014.1,,100.0,84.0,69.0,20.0,18.2,16.1
2021-07-28,24.0,20.5,17.0,22.5,14.3,4.8,,1017.1,,94.0,83.4,69.0,18.9,17.7,16.1
2021-07-29,27.2,22.8,18.4,20.9,10.0,0.0,38.0,1009.4,,100.0,89.8,74.0,21.1,19.3,17.2
2021-07-30,20.1,16.7,13.2,32.2,17.2,9.7,50.0,1014.8,,83.0,50.2,0.0,17.2,4.4,-17.8
2021-07-31,21.5,16.3,11.0,22.5,11.3,0.0,32.0,1015.0,,78.0,63.7,0.0,16.1,10.8,-17.8
2021-08-01,21.0,17.9,16.0,22.5,14.2,4.8,,1011.1,,83.0,74.5,60.0,17.2,14.3,12.8
2021-08-02,24.9,19.0,13.1,19.3,13.2,3.2,32.0,1017.1,,82.0,62.3,38.0,16.1,12.2,7.8
2021-08-03,27.3,20.5,13.6,19.3,10.9,0.0,35.0,1017.9,,88.0,69.4,57.0,18.9,15.1,11.1
2021-08-04,27.4,21.5,15.6,12.9,9.7,3.2,,1019.1,,83.0,67.0,42.0,17.8,15.0,12.2
2021-08-05,27.8,21.3,14.8,12.9,7.9,0.0,,1018.9,,94.0,79.0,54.0,20.0,18.2,16.1
2021-08-06,29.3,23.6,17.9,22.5,10.5,0.0,40.0,1017.2,,94.0,78.0,51.0,21.1,19.2,17.2
2021-08-07,27.9,23.7,19.5,19.3,8.4,0.0,,1015.2,,94.0,81.9,61.0,21.1,19.8,17.8
2021-08-08,28.0,23.4,18.7,14.5,8.5,0.0,,1015.6,,100.0,89.1,74.0,22.8,21.3,18.9
2021-08-09,30.9,26.5,22.0,20.9,9.2,0.0,39.0,1016.3,,100.0,85.0,70.0,23.9,22.6,21.1
2021-08-10,28.3,25.9,23.4,29.0,13.2,0.0,37.0,1012.7,,100.0,87.9,78.0,23.9,22.8,22.2
2021-08-11,32.0,27.2,22.3,41.8,18.8,3.2,56.0,1010.4,,100.0,86.3,74.0,23.9,22.4,20.0
2021-08-12,30.1,26.0,21.8,29.0,16.3,8.0,41.0,1011.2,,94.0,86.8,78.0,22.2,21.1,20.0
2021-08-13,30.1,24.9,19.6,25.7,14.2,0.0,36.0,1014.2,,100.0,86.0,44.0,22.2,20.2,10.0
2021-08-14,25.5,20.3,15.1,22.5,14.2,4.8,37.0,1021.1,,60.0,48.8,34.0,12.2,10.4,7.8
2021-08-15,23.5,18.4,13.2,24.1,14.0,8.0,32.0,1024.4,,78.0,61.2,50.0,15.0,12.1,8.9
2021-08-16,25.0,19.8,14.6,29.0,19.8,4.8,33.0,1020.8,,83.0,76.3,68.0,18.9,16.7,13.9
2021-08-17,27.4,24.2,20.9,14.5,9.5,3.2,,1017.4,,94.0,84.5,74.0,22.2,21.2,20.0
2021-08-18,27.9,24.1,20.2,22.5,13.5,0.0,,1018.5,,100.0,91.8,83.0,22.8,22.1,21.1
2021-08-19,31.4,25.9,20.3,19.3,9.5,3.2,35.0,1016.1,,88.0,72.4,39.0,22.2,19.6,12.2
2021-08-20,30.6,24.7,18.8,16.1,9.0,0.0,,1014.0,,88.0,73.5,58.0,22.2,19.4,16.1
2021-08-21,29.9,26.2,22.5,14.5,9.2,0.0,,1012.1,,83.0,76.5,69.0,22.8,20.8,18.9
2021-08-22,31.5,25.8,20.0,14.5,7.4,0.0,33.0,1011.9,,88.0,74.5,61.0,22.8,20.6,18.9
2021-08-23,32.3,26.8,21.2,19.3,13.8,4.8,34.0,1011.1,,83.0,70.3,48.0,23.9,20.9,17.2
2021-08-24,33.7,26.5,19.2,20.9,10.1,3.2,53.0,1014.0,,89.0,75.9,55.0,22.8,20.4,18.9
2021-08-25,31.9,27.3,22.6,24.1,10.5,0.0,35.0,1016.6,,94.0,83.8,61.0,23.9,22.6,18.9
2021-08-26,32.7,27.1,21.4,33.8,13.2,4.8,55.0,1018.4,,94.0,73.5,0.0,22.8,20.1,-17.8
2021-08-27,26.6,23.4,20.1,33.8,18.5,0.0,39.0,1020.6,,73.0,62.7,0.0,18.9,15.6,-17.8
2021-08-28,27.8,23.4,19.0,25.7,15.8,0.0,64.0,1020.6,,100.0,81.3,68.0,22.2,19.7,15.0
2021-08-29,31.5,26.6,21.6,32.2,12.4,0.0,44.0,1015.4,,100.0,85.6,0.0,23.9,21.5,-17.8
2021-08-30,29.1,23.4,17.6,29.0,17.4,8.0,47.0,1010.5,,94.0,68.2,37.0,22.2,17.7,12.2
2021-08-31,25.6,21.1,16.6,19.3,11.9,4.8,39.0,1010.1,,83.0,62.3,47.0,16.1,14.2,11.1
2021-09-01,24.2,19.9,15.5,29.0,17.9,0.0,41.0,1012.0,,68.0,56.7,36.0,13.9,11.3,7.2
2021-09-02,21.5,16.9,12.3,29.0,16.9,4.8,50.0,1017.0,,72.0,52.2,40.0,10.0,7.9,5.0
2021-09-03,23.7,18.0,12.2,14.5,10.9,4.8,,1020.0,,82.0,64.9,43.0,13.9,11.6,7.8
2021-09-04,24.3,19.2,14.1,12.9,9.5,3.2,32.0,1015.1,,82.0,70.4,57.0,17.2,15.1,11.1
2021-09-05,26.2,20.8,15.4,48.3,17.4,4.8,55.0,1006.3,,94.0,73.0,39.0,18.9,16.0,11.1
2021-09-06,23.4,18.5,13.5,35.4,19.8,4.8,66.0,1009.2,,88.0,63.6,0.0,15.0,9.9,-17.8
2021-09-07,26.0,19.3,12.5,45.1,13.2,0.0,65.0,1010.5,,94.0,81.4,57.0,18.9,15.9,12.2
2021-09-08,25.6,20.0,14.4,41.8,18.8,9.7,52.0,1004.2,,94.0,80.8,42.0,18.9,16.2,12.2
2021-09-09,21.5,17.2,12.9,22.5,16.1,9.7,45.0,1009.3,,88.0,63.4,0.0,13.9,9.9,-17.8
2021-09-10,23.8,17.9,12.0,16.1,11.4,3.2,44.0,1015.7,,82.0,68.1,53.0,13.9,11.9,10.0
2021-09-11,26.1,19.5,12.8,29.0,14.6,3.2,59.0,1015.0,,94.0,76.9,68.0,17.2,14.3,10.0
2021-09-12,23.7,19.8,15.9,12.9,7.6,3.2,37.0,1013.5,,100.0,77.5,36.0,17.2,14.0,7.2
2021-09-13,23.7,17.9,12.1,19.3,9.7,0.0,34.0,1018.1,,94.0,77.3,64.0,15.0,13.1,11.1
2021-09-14,27.9,22.0,16.0,35.4,15.1,3.2,67.0,1011.9,,94.0,86.9,72.0,18.9,16.3,12.2
2021-09-15,21.9,18.6,15.2,22.5,10.1,0.0,,1012.8,,100.0,82.6,0.0,18.9,14.6,-17.8
2021-09-16,22.6,18.0,13.4,16.1,12.1,0.0,,1022.0,,94.0,79.1,72.0,17.2,14.6,12.2
2021-09-17,26.0,19.8,13.6,12.9,9.2,0.0,,1020.1,,100.0,88.2,73.0,20.0,18.1,16.1
2021-09-18,23.5,18.0,12.4,20.9,10.9,3.2,40.0,1020.3,,100.0,68.9,0.0,18.9,13.2,-17.8
2021-09-19,20.9,15.7,10.4,24.1,15.3,4.8,,1023.6,,77.0,66.7,59.0,13.9,11.4,7.8
2021-09-20,23.3,16.8,10.2,27.4,15.6,3.2,,1021.3,,88.0,79.8,59.0,18.9,15.8,10.0
2021-09-21,25.3,22.2,19.1,24.1,12.2,0.0,48.0,1018.2,,94.0,85.3,0.0,18.9,17.7,-17.8
2021-09-22,19.4,15.8,12.1,37.0,17.7,0.0,60.0,1011.3,,100.0,92.5,0.0,18.9,15.6,-17.8
2021-09-23,19.3,15.7,12.0,46.7,19.2,0.0,50.0,1007.6,,100.0,82.9,0.0,16.1,11.9,-17.8
2021-09-24,16.8,13.8,10.7,40.2,25.1,0.0,41.0,1012.4,,94.0,78.5,0.0,12.8,10.2,-17.8
2021-09-25,21.0,14.8,8.6,33.8,18.2,3.2,50.0,1013.0,,100.0,80.0,68.0,15.0,12.8,10.0
2021-09-26,20.5,13.7,6.9,27.4,14.3,0.0,40.0,1012.3,,77.0,66.9,49.0,12.2,9.4,7.2
2021-09-27,24.3,19.3,14.2,22.5,10.9,0.0,45.0,1008.0,,94.0,80.9,61.0,16.1,14.5,12.8
2021-09-28,16.9,13.0,9.0,19.3,11.9,3.2,40.0,1014.5,,82.0,60.1,37.0,13.9,7.1,2.8
2021-09-29,20.5,14.7,8.8,22.5,14.0,9.7,37.0,1018.3,,82.0,59.5,36.0,11.1,7.3,1.1
2021-09-30,15.4,12.5,9.5,14.5,8.9,0.0,,1023.3,,76.0,61.2,0.0,7.8,5.7,-17.8
2021-10-01,20.9,14.0,7.0,14.5,7.9,0.0,,1023.7,,94.0,74.3,59.0,13.9,10.1,7.2
2021-10-02,25.6,19.4,13.1,24.1,12.1,3.2,35.0,1016.7,,94.0,82.6,68.0,17.2,14.0,11.1
2021-10-03,19.9,17.7,15.5,37.0,16.4,0.0,34.0,1011.6,,100.0,95.8,77.0,17.2,16.2,13.9
2021-10-04,16.0,15.2,14.4,33.8,19.8,9.7,,1014.5,,100.0,94.7,88.0,15.0,14.1,13.9
2021-10-05,18.0,16.2,14.4,14.5,11.1,8.0,,1023.4,,94.0,89.6,82.0,15.0,14.2,13.9
2021-10-06,18.4,16.3,14.1,20.9,12.9,4.8,,1027.4,,100.0,90.6,82.0,16.1,14.8,13.9
2021-10-07,19.9,17.4,14.9,19.3,12.9,4.8,,1024.0,,94.0,90.1,88.0,17.2,16.0,15.0
2021-10-08,20.4,17.5,14.5,33.8,21.7,8.0,,1019.8,,94.0,85.8,77.0,17.2,15.8,13.9
2021-10-09,20.2,18.5,16.8,24.1,8.5,0.0,,1017.0,,100.0,91.2,0.0,17.8,16.8,-17.8
2021-10-10,20.8,18.6,16.4,20.9,11.6,4.8,,1016.8,,94.0,89.5,78.0,17.2,16.6,16.1
2021-10-11,22.3,19.5,16.7,20.9,11.9,4.8,,1014.8,,94.0,88.0,83.0,17.8,16.9,16.1
2021-10-12,22.3,19.4,16.5,19.3,10.9,0.0,35.0,1013.7,,94.0,87.5,78.0,17.8,16.9,15.0
2021-10-13,21.7,18.2,14.6,20.9,12.2,3.2,39.0,1014.2,,94.0,87.0,78.0,17.2,16.9,16.1
2021-10-14,21.8,17.4,12.9,20.9,7.7,0.0,,1013.6,,100.0,91.1,83.0,17.8,16.7,13.9
2021-10-15,19.4,16.9,14.3,24.1,9.8,0.0,33.0,1009.9,,100.0,91.2,68.0,17.8,15.7,12.8
2021-10-16,15.1,11.6,8.0,48.3,20.4,4.8,63.0,1005.6,,94.0,82.7,59.0,16.1,11.0,7.2
2021-10-17,15.1,11.1,7.0,37.0,24.1,12.9,58.0,1010.9,,82.0,67.3,36.0,7.8,5.8,0.0
2021-10-18,14.2,9.2,4.1,22.5,15.3,9.7,39.0,1015.4,,82.0,67.2,48.0,7.2,4.3,2.8
2021-10-19,21.1,12.6,4.1,22.5,15.0,8.0,43.0,1016.5,,87.0,67.6,35.0,10.0,7.3,3.9
2021-10-20,19.5,14.8,10.1,24.1,12.7,3.2,36.0,1016.0,,94.0,81.3,63.0,13.9,12.0,7.8
2021-10-21,17.5,12.9,8.3,33.8,16.1,0.0,55.0,1008.7,,100.0,91.7,76.0,15.0,13.6,7.2
2021-10-22,9.3,6.8,4.3,33.8,15.3,0.0,51.0,1014.5,,82.0,70.2,57.0,7.2,2.5,1.1
2021-10-23,9.6,6.2,2.8,20.9,8.9,0.0,,1016.4,,81.0,68.3,58.0,5.0,2.0,-1.1
2021-10-24,13.3,7.8,2.3,19.3,9.0,0.0,,1017.5,,87.0,74.8,66.0,7.2,5.6,3.9
2021-10-25,8.8,6.8,4.7,49.9,28.8,11.3,47.0,1012.0,,94.0,90.3,82.0,8.9,6.9,3.9
2021-10-26,7.8,6.3,4.7,25.7,19.3,12.9,55.0,1010.2,,93.0,86.7,81.0,7.2,5.2,3.9
2021-10-27,16.1,11.7,7.2,22.5,12.4,3.2,,1015.2,,87.0,74.3,55.0,7.8,6.9,5.0
2021-10-28,10.1,7.6,5.1,46.7,30.9,11.3,41.0,1013.7,,82.0,76.8,62.0,7.8,6.1,3.9
2021-10-29,13.5,11.0,8.5,46.7,34.8,22.5,48.0,1007.3,,94.0,84.4,67.0,11.1,8.7,6.1
2021-10-30,9.6,8.8,8.0,35.4,23.8,8.0,40.0,1002.9,,100.0,93.3,87.0,10.0,8.2,7.8
2021-10-31,15.1,11.0,6.8,48.3,19.5,0.0,54.0,1003.6,,100.0,79.1,59.0,10.0,8.1,6.1
2021-11-01,10.4,6.7,3.0,40.2,29.8,20.9,59.0,1017.3,,71.0,59.5,43.0,2.8,0.8,-2.2
2021-11-02,8.9,4.5,0.1,35.4,23.5,11.3,49.0,1020.8,,75.0,64.0,43.0,1.1,-0.2,-2.2
2021-11-03,7.6,3.0,-1.6,22.5,14.2,3.2,33.0,1025.0,,87.0,67.1,43.0,0.0,-1.6,-3.9
2021-11-04,8.5,3.8,-1.0,16.1,9.5,3.2,,1026.7,,81.0,66.7,49.0,1.1,-1.0,-2.8
2021-11-05,10.2,3.5,-3.2,32.2,13.0,3.2,,1028.5,,81.0,62.3,40.0,1.1,-1.3,-2.8
2021-11-06,11.6,5.9,0.2,24.1,14.0,0.0,32.0,1026.0,,81.0,64.6,47.0,3.9,1.2,-2.2
2021-11-07,16.4,9.3,2.1,25.7,12.9,4.8,38.0,1020.4,,87.0,74.2,58.0,10.0,5.8,2.2
2021-11-08,19.1,11.2,3.3,25.7,10.5,0.0,40.0,1019.6,,100.0,83.3,63.0,12.2,7.8,5.0
2021-11-09,14.0,10.4,6.8,19.3,9.7,0.0,,1019.7,,94.0,80.7,63.0,10.0,7.9,6.1
2021-11-10,13.0,7.3,1.5,19.3,11.1,0.0,33.0,1022.2,,93.0,70.6,47.0,7.8,3.8,0.0
2021-11-11,13.5,9.8,6.1,46.7,31.5,8.0,47.0,1015.7,,82.0,71.6,62.0,8.9,5.3,1.1
2021-11-12,12.4,8.5,4.5,41.8,24.3,8.0,57.0,1008.8,,94.0,75.9,50.0,11.1,6.2,1.1
2021-11-13,7.6,5.1,2.5,40.2,25.7,11.3,48.0,1007.0,,81.0,66.5,53.0,3.9,0.2,-2.2
2021-11-14,4.8,2.9,1.0,35.4,19.3,3.2,39.0,1007.6,,93.0,86.2,66.0,2.8,1.7,0.0
2021-11-15,5.8,2.8,-0.2,32.2,20.9,14.5,42.0,1011.0,,93.0,82.3,53.0,2.2,0.3,-2.8
2021-11-16,5.9,2.5,-0.9,33.8,18.2,3.2,43.0,1019.7,,87.0,72.8,53.0,1.1,-0.7,-2.8
2021-11-17,16.9,9.6,2.3,41.8,18.0,9.7,61.0,1014.0,,94.0,83.2,70.0,11.1,6.1,-2.2
2021-11-18,15.1,8.1,1.1,49.9,27.0,14.5,59.0,1013.3,,100.0,77.2,49.0,12.2,5.1,-2.8
2021-11-19,6.1,2.8,-0.6,37.0,26.2,14.5,46.0,1026.1,,75.0,61.4,34.0,0.0,-3.1,-7.8
2021-11-20,5.9,3.1,0.3,29.0,15.1,0.0,36.0,1027.2,,76.0,67.6,61.0,2.2,-0.3,-2.8
2021-11-21,8.0,4.6,1.1,38.6,19.2,3.2,69.0,1016.6,,100.0,87.1,70.0,6.1,3.9,1.1
2021-11-22,3.8,0.5,-2.9,53.1,33.0,14.5,63.0,1013.6,,81.0,66.2,48.0,3.9,-3.7,-7.8
2021-11-23,3.9,-0.3,-4.4,29.0,16.1,4.8,40.0,1020.7,,80.0,63.5,41.0,-2.8,-5.4,-8.9
2021-11-24,8.7,3.0,-2.8,27.4,15.3,4.8,,1022.4,,81.0,73.8,64.0,3.9,0.4,-6.1
2021-11-25,7.5,5.6,3.6,27.4,10.6,3.2,40.0,1012.9,,100.0,94.3,76.0,6.1,5.3,2.2
2021-11-26,3.6,0.6,-2.4,51.5,33.0,19.3,64.0,1010.7,0.0,81.0,69.0,60.0,2.2,-4.2,-7.8
2021-11-27,1.4,-1.0,-3.4,32.2,13.8,0.0,39.0,1014.8,,74.0,62.0,52.0,-6.1,-6.8,-7.8
2021-11-28,-1.0,-2.5,-3.9,38.6,19.6,4.8,,1009.9,10.0,93.0,87.8,69.0,-1.1,-2.3,-5.0
2021-11-29,0.4,-3.9,-8.1,19.3,8.5,0.0,,1016.1,100.0,87.0,78.7,60.0,-1.1,-4.0,-7.8
2021-11-30,2.8,-1.1,-5.0,27.4,12.4,0.0,44.0,1011.9,80.0,100.0,85.0,64.0,1.1,-0.9,-6.1
2021-12-01,5.0,2.1,-0.8,27.4,17.4,8.0,39.0,1016.2,20.0,81.0,72.5,61.0,2.2,-0.4,-2.8
2021-12-02,10.5,5.9,1.3,51.5,28.8,4.8,67.0,1002.3,,100.0,80.2,50.0,6.1,3.1,-3.9
2021-12-03,1.5,0.5,-0.6,33.8,23.8,9.7,53.0,1017.6,,65.0,56.4,48.0,-2.8,-6.4,-7.8
2021-12-04,5.2,2.3,-0.7,46.7,25.1,4.8,59.0,1018.4,,81.0,63.5,45.0,0.0,-3.3,-6.1
2021-12-05,4.1,0.2,-3.8,53.1,31.2,4.8,55.0,1021.5,10.0,100.0,81.2,56.0,3.9,-0.8,-6.1
2021-12-06,11.2,4.4,-2.4,62.8,33.3,4.8,84.0,1002.6,0.0,100.0,83.5,56.0,7.8,2.1,-6.1
2021-12-07,-1.6,-4.4,-7.2,33.8,24.5,14.5,42.0,1020.8,0.0,80.0,64.4,51.0,-3.9,-7.9,-11.1
2021-12-08,-1.0,-3.8,-6.6,27.4,10.6,0.0,35.0,1017.2,10.0,93.0,82.9,50.0,-2.2,-5.3,-12.8
2021-12-09,0.1,-2.9,-5.3,25.7,20.1,8.0,37.0,1019.9,20.0,100.0,80.3,59.0,0.0,-3.9,-8.9
2021-12-10,5.6,3.2,0.8,40.2,17.7,0.0,31.0,1014.2,20.0,93.0,82.6,70.0,2.8,1.2,-1.1
2021-12-11,17.9,9.5,1.1,70.8,36.4,3.2,96.0,996.7,,100.0,87.2,54.0,10.0,3.9,-3.9
2021-12-12,6.9,3.1,-0.7,40.2,29.3,20.9,60.0,1016.5,,81.0,68.4,56.0,1.1,-1.7,-3.9
2021-12-13,9.3,5.9,2.4,35.4,25.1,14.5,46.0,1020.7,,87.0,68.9,57.0,2.8,0.5,-1.1
2021-12-14,6.8,3.8,0.7,37.0,22.2,9.7,44.0,1034.0,,87.0,76.5,65.0,2.2,0.3,-1.1
2021-12-15,12.9,8.3,3.6,38.6,21.7,4.8,38.0,1023.8,,87.0,82.3,66.0,5.0,2.6,0.0
2021-12-16,17.1,10.4,3.6,53.1,28.2,3.2,94.0,1006.1,,94.0,68.9,47.0,8.9,4.6,-2.2
2021-12-17,5.2,2.4,-0.4,35.4,25.6,11.3,53.0,1020.6,,70.0,59.0,46.0,-2.2,-3.7,-6.1
2021-12-18,0.3,-1.6,-3.4,41.8,27.2,8.0,40.0,1018.8,0.0,100.0,84.6,65.0,0.0,-2.6,-6.1
2021-12-19,-2.5,-4.5,-6.8,25.7,13.5,3.2,32.0,1026.0,80.0,80.0,72.0,51.0,-6.1,-7.7,-11.1
2021-12-20,3.7,-1.0,-7.8,37.0,20.4,3.2,46.0,1021.2,40.0,81.0,75.5,69.0,0.0,-3.6,-8.9
2021-12-21,3.4,1.1,-1.2,29.0,18.2,0.0,35.0,1013.6,10.0,81.0,67.5,52.0,0.0,-3.2,-7.2
2021-12-22,3.5,-0.3,-4.1,51.5,34.1,14.5,69.0,1007.8,10.0,80.0,66.3,55.0,1.1,-6.1,-8.9
2021-12-23,-0.5,-3.6,-6.6,24.1,16.6,8.0,33.0,1019.3,10.0,93.0,80.4,51.0,-1.1,-4.1,-10.0
2021-12-24,2.8,1.1,-0.6,48.3,24.0,4.8,32.0,1012.0,50.0,93.0,90.2,81.0,2.2,0.1,-1.1
2021-12-25,7.0,4.7,2.3,38.6,19.2,0.0,48.0,1001.3,0.0,100.0,92.5,76.0,5.0,3.7,1.1
2021-12-26,3.2,-1.2,-5.5,27.4,20.1,8.0,37.0,1017.6,,81.0,69.2,56.0,1.1,-2.8,-7.8
2021-12-27,0.1,-3.1,-6.2,59.5,38.9,9.7,48.0,1014.1,40.0,100.0,90.9,68.0,1.1,-2.3,-10.0
2021-12-28,2.3,0.9,-0.6,40.2,17.2,3.2,57.0,1009.8,20.0,100.0,80.5,56.0,2.2,-1.4,-5.0
2021-12-29,2.2,1.0,-0.3,32.2,20.8,4.8,,1011.7,10.0,100.0,91.1,81.0,2.8,0.9,-1.1
2021-12-30,2.2,1.1,0.0,24.1,12.6,4.8,,1013.8,,87.0,80.5,70.0,1.1,-0.4,-2.2
2021-12-31,6.7,4.3,1.9,27.4,16.1,3.2,,1010.7,,100.0,93.1,81.0,3.9,2.9,0.0
